AACS,1
AAR2,1
ABO,8.59E-06
ABRA,0.2699164
ACAA2,1
ACMSD,1
ACO1,1
ACOD1,0.1185365
ACP2,1
ACP6,1
ACP7,1
ACPP,1
ACSBG1,0.9591307
ACSF2,0.4896706
ACSL1,0.006071212
ACSL3,1
ACSL4,1
ACSL6,1
ACSM5,1
ACSM6,0.2165133
ACSS3,1
ACY3,1
ADA2,0.9948292
ADAM10,1
ADAT1,1
ADD1,1
ADD2,1
ADGRG5,1
ADGRG6,1
ADHFE1,0.09924913
ADI1,0.005062438
ADPGK,0.9988716
ADPRH,0.9959316
ADPRHL2,1
ADSS,0.9988716
ADSSL1,0.5656768
AGBL1,1
AGPAT1,1
AGPAT3,1
AGR2,0.4253275
AGR3,1
AGXT,1
AHSG,0.7953718
AIF1,1
AIFM2,1
AKAIN1,1
AKAP11,1
AKAP3,1
AKAP7,1
AKR1A1,1
AKR1E2,0.9964318
ALAD,1
ALDH16A1,1
ALDH18A1,1
ALDH1L1,0.8725713
ALDH2,1
ALDH3A1,1
ALDH3A2,1
ALDH3B1,0.2621768
ALDH3B2,1
ALDH4A1,1
ALDH5A1,1
ALDH7A1,0.6091682
ALDH8A1,1
ALDOC,0.9988716
ALG14,1
ALG1L,0.7186416
ALG2,1
ALG5,1
ALKBH3,1
ALKBH4,1
ALKBH5,1
ALKBH7,1
ALLC,0.4120979
ALOX12B,1
ALOX12,0.2336491
ALOX5,1
ALOXE3,0.1333329
ALPI,1
ALPK1,0.5656238
ALPL,0.9899077
ALS2CL,1
ALS2CR12,0.9348215
AMACR,1
AMDHD1,1
AMMECR1L,1
AMN1,1
AMPD1,0.8731374
AMPD2,0.9968085
AMPD3,1
AMZ1,1
ANAPC10,1
ANP32D,0.05209498
ANPEP,0.9863664
AOAH,0.8008387
AOC2,1
AOPEP,0.72697
APEX2,0.4032316
APLF,0.04654772
APOA2,1
APOBEC3H,0.000372012
APOBEC4,0.7091494
APOB,0.5224724
APOC1,1
APOC2,1
APOM,1
APRT,0.9984042
AQP1,1
AQP4,0.4100534
ARCN1,1
ARG2,1
ARHGAP18,0.02394679
ARHGDIB,0.7992251
ARID1B,1
ARID3C,0.6050907
ARMC10,1
ARMC12,1
ARMCX1,0.9988716
ARMCX2,0.9959316
ARMCX3,1
ARMCX5,2.44E-07
ARPP21,1
ARSB,0.9977432
ARSE,1
ARSF,0.9443873
ARSI,1
ARSJ,0.6695747
ARSK,1
ART3,1
ART4,1
ART5,1
ASAH1,0.01015207
ASAH2B,1
ASB17,0.4387475
ASCL1,1
ASCL2,0.1959093
ASCL3,1
ASCL4,0.9019816
ASIC2,0.9977432
ASIC3,1
ASIC4,1
ASIC5,1
ASIP,1
ASNA1,1
ASPHD2,1
ASTL,0.7550624
ASTN1,1
ATCAY,1
ATF1,1
ATF3,1
ATG10,1
ATG13,1
ATG14,1
ATG4B,0.8208473
ATG4C,0.9962576
ATG7,0.4561821
ATOH1,0.9972361
ATP11C,1
ATP12A,1
ATP13A2,0.8674054
ATP13A3,0.1815211
ATP13A4,0.988274
ATP13A5,0.9977432
ATP1B4,1
ATP2B1,1
ATP5J,1
ATP6AP1,0.9654154
ATP6AP1L,1
ATP6V0D1,0.9895361
ATP6V0D2,1
ATP6V1C1,0.9974769
ATP6V1E2,0.9984042
ATP6V1G2,1
ATP6V1G3,0.9984042
ATP6V1H,1
ATP8B4,0.9619828
ATPAF1,0.4433215
ATPAF2,1
ATRIP,0.8230389
ATXN10,1
ATXN7L1,1
ATXN7L2,0.3043579
AXDND1,1
AZIN1,1
B3GALNT2,1
B3GALT1,1
B3GALT4,1
B3GALT6,1
B3GAT1,1
B3GAT2,1
B3GAT3,1
B3GLCT,1
B3GNT3,1
B3GNT4,0.9675007
B3GNT5,1
B3GNT8,0.721582
B3GNT9,1
B4GALNT1,1
B4GALNT2,0.01914584
B4GALT4,0.1063474
B4GALT5,1
B4GALT7,1
BATF2,0.1504281
BATF3,1
BATF,1
BBOF1,1
BCAT2,0.9954865
BCL2L15,0.549994
BCL7C,1
BCO1,0.2236363
BCO2,0.9652503
BDP1,0.8429621
BET1,0.9974769
BET1L,0.989971
BFSP1,1
BHLHA15,0.5613489
BHLHA9,1
BHLHB9,1
BHLHE22,0.8840512
BHLHE23,1
BHLHE41,1
BHMT,1
BICDL2,0.4651148
BLMH,1
BLVRA,1
BLZF1,0.2066109
BMT2,1
BNIP2,0.3262258
BNIPL,1
BORCS6,1
BPIFA1,1
BPIFA2,1
BPIFA3,0.1786073
BPIFB1,1
BPIFB2,0.502487
BPIFB4,0.7436182
BPIFC,0.3014587
BRIX1,1
BROX,1
BSPH1,1
BST1,0.5712917
BST2,1
BTF3L4,1
BTG2,1
BTG3,1
BUD23,0.989971
BZW2,1
C11orf54,0.9968085
C15orf52,1
C18orf8,1
C19orf57,0.8002331
C1GALT1C1,1
C1orf228,1
C20orf173,0.2357699
C20orf194,0.9984042
C20orf96,0.08632882
C21orf33,1
C2orf54,1
C3orf33,1
C6orf15,1
C9,1
C9orf84,0.07551035
CALR3,1
CANT1,1
CAPG,1
CAPN10,0.9988716
CAPN15,0.9941368
CAPRIN1,1
CARMIL2,0.9988716
CARMIL3,0.9252276
CARNMT1,1
CARNS1,1
CARTPT,0.4655694
CASC3,1
CASR,1
CBWD3,1
CBWD5,0.9872844
CCBE1,1
CCDC102A,1
CCDC102B,1
CCDC114,1
CCDC122,1
CCDC125,0.476651
CCDC13,0.9960912
CCDC144NL,1
CCDC149,1
CCDC151,1
CCDC152,1
CCDC159,1
CCDC166,1
CCDC172,1
CCDC17,1
CCDC183,0.4769888
CCDC27,0.7526713
CCDC30,0.5070192
CCDC36,1
CCDC42,1
CCDC51,1
CCDC54,0.763198
CCDC62,1
CCDC63,1
CCDC65,0.5203195
CCDC68,0.4192438
CCDC77,1
CCDC7,1
CCDC88B,0.7397256
CCDC89,1
CCDC93,1
CD320,1
CD68,1
CDAN1,1
CDC37L1,0.6137989
CDC73,1
CDK2AP1,0.9954865
CDK2AP2,1
CDK5RAP1,1
CDO1,1
CDR2,0.4717825
CDR2L,1
CDSN,1
CEBPG,1
CENPK,0.4305075
CENPW,1
CEP104,1
CEP192,0.7373876
CEP57,0.4250232
CEP76,1
CEP83,1
CEP89,1
CERK,1
CERKL,0.09507423
CERS3,0.4096528
CETP,0.3716698
CFAP100,1
CFAP69,1
CFAP73,1
CFC1B,1
CFC1,1
CFL2,1
CFP,0.8750868
CHAC1,1
CHAC2,1
CHAT,0.5572409
CHDH,0.9977432
CHID1,1
CHKB,1
CHMP4A,0.2570622
CHMP4C,0.4310057
CHP1,1
CHPF2,0.9972361
CHPF,0.699873
CHRD,1
CHST10,0.429168
CHST11,0.9980456
CHST12,1
CHST14,0.4852489
CHST1,1
CHST3,1
CHST4,1
CHST5,1
CHST6,0.382284
CHST7,1
CHST8,1
CHST9,1
CHSY1,0.8719785
CHURC1,1
CIAPIN1,1
CIB1,1
CIB3,1
CISD3,1
CIZ1,1
CKAP4,0.9173833
CKMT2,0.9988716
CLASP1,1
CLASP2,1
CLC,1
CLECL1,0.0002027
CLN3,1
CLPSL2,1
CLTB,1
CLUAP1,0.9912598
CLYBL,1
CNBP,1
CNMD,1
CNN1,1
CNN2,1
CNOT10,1
CNOT1,1
CNOT3,1
COA1,0.7316785
COG4,0.9494578
COG6,1
COL15A1,1
COL19A1,0.6499335
COL1A2,1
COL23A1,1
COL24A1,0.7894043
COL25A1,2.63E-05
COL26A1,1
COL27A1,0.9988716
COL2A1,1
COL9A1,0.8829898
COL9A2,0.008438464
COL9A3,1
COLGALT1,1
COLGALT2,1
COLQ,0.9459263
COMMD1,1
COPZ2,1
COQ2,1
CORO1B,0.9941368
COTL1,1
COX6A2,1
COX7B2,1
COX8A,0.4616249
COX8C,1
CPED1,1
CPSF4L,1
CPT1A,1
CPT1B,1
CPT1C,1
CPT2,1
CRABP1,1
CRAMP1,1
CRAT,1
CRBN,1
CREB3,1
CRHBP,1
CRISP2,1
CRISP3,1
CROCC2,0.9949538
CROT,0.9959316
CRTAC1,1
CRTAP,1
CRTC3,1
CRY2,0.9231574
CRYGN,0.02955165
CRYM,1
CSAD,1
CSF2,1
CSGALNACT1,1
CSPG5,1
CST7,0.9262589
CST9L,0.2140946
CSTL1,0.2804368
CTDNEP1,1
CTDSP1,1
CTDSPL2,1
CTDSPL,1
CTH,1
CTHRC1,1
CTU2,1
CUX1,1
CXCR1,1
CYB561A3,1
CYB561D1,1
CYB561D2,0.9948292
CYB561,1
CYBRD1,1
CYP11A1,0.5946505
CYP17A1,1
CYP19A1,1
CYP1A1,1
CYP1A2,0.9894152
CYP1B1,0.2379022
CYP20A1,0.993518
CYP24A1,1
CYP26A1,1
CYP27B1,0.8616894
CYP2A13,1
CYP2B6,1
CYP2E1,0.9980456
CYP2R1,0.9984042
CYP2U1,1
CYP2W1,0.9988716
CYP39A1,0.2606981
CYP4B1,0.6843411
CYP4F22,1
CYP4V2,1
CYP4X1,1
CYP4Z1,1
CYP51A1,0.7454409
CYP7B1,1
CYP8B1,0.9878475
CYTH1,1
D2HGDH,1
DACH1,1
DACH2,1
DAGLA,1
DAGLB,1
DALRD3,1
DCAF12,0.9977432
DCAF8L1,0.5330531
DCAKD,1
DCD,1
DCT,1
DCTN2,0.9988716
DDAH1,1
DDAH2,1
DDC,1
DDIAS,1
DDIT4,1
DDIT4L,1
DEF8,1
DENND3,1
DENND6B,0.9988716
DEPDC4,1
DEPDC5,0.9984042
DGAT2,1
DGKA,1
DHDDS,1
DHODH,0.0236605
DHPS,1
DIP2A,0.9943582
DIP2B,0.9900347
DIP2C,1
DIRC2,0.0191091
DIS3,1
DIS3L2,1
DIS3L,1
DKK4,1
DLEC1,0.9902282
DLL1,1
DMRT2,1
DMRT3,0.7721515
DMRTA2,1
DMTN,1
DNAAF1,0.8239181
DNASE1L1,1
DNASE1L2,1
DNASE1L3,1
DNLZ,0.953284
DNMT3L,1
DOCK8,1
DPAGT1,1
DPEP1,0.9922643
DPEP2,0.9988716
DPH1,0.9920213
DPH2,1
DPH3,1
DPM1,1
DPY30,0.9988716
DRC3,0.5568921
DRC7,0.888142
DSCR3,1
DSEL,0.3047676
DSTN,1
DTD2,1
DTNB,1
DTNBP1,1
DUS3L,1
DYTN,0.34501
EARS2,0.7122217
EDDM3A,1
EDEM1,0.9086418
EDEM2,1
EDEM3,1
EDN1,0.8631088
EDN3,1
EEPD1,1
EFCAB10,0.4627056
EFCC1,1
EFHC1,1
EFHD2,1
EFR3A,1
EFR3B,1
EGFL6,0.3544909
EGFL7,1
EGFL8,0.773044
EIF2D,0.09251894
EIF4H,1
ELAC2,1
ELP3,1
EMC8,1
EMC9,1
EME2,0.1623334
EMID1,0.7664472
EMILIN3,0.945587
EML1,1
ENDOD1,1
ENDOG,1
ENGASE,1
ENOSF1,1
ENPEP,0.9988716
ENPP2,0.9185624
ENPP4,1
ENPP5,1
ENPP6,1
ENTPD1,1
ENTPD3,1
ENTPD4,1
ENTPD6,0.525506
ENTPD7,1
ENTPD8,0.8933967
EOMES,1
EREG,1
ERGIC1,1
ERGIC2,0.7907843
ERGIC3,1
ERICH6B,0.7228504
ERLEC1,1
ERMN,0.2310467
ERMP1,1
ERO1A,1
ERO1B,0.4432719
ESM1,1
EVI5,1
EVI5L,1
EXD2,1
EXD3,0.3748195
EXOC3L4,0.9959316
EXOC5,0.9605551
EXOC6,1
EXOC7,1
EXOG,0.538595
EXT2,1
EXTL2,1
EYA2,0.432168
FAAH2,1
FAAH,1
FABP6,1
FABP7,8.33E-06
FAHD1,1
FAHD2B,1
FAH,1
FAM118A,0.04706162
FAM118B,0.9714601
FAM124A,1
FAM124B,1
FAM13A,1
FAM13B,0.7157637
FAM13C,1
FAM169A,1
FAM185A,1
FAM200A,1
FAM200B,0.7123429
FAM206A,1
FAM20A,1
FAM20B,1
FAM20C,1
FAM234A,1
FAM234B,1
FAM3A,1
FAM3D,1
FAM49A,1
FAM49B,1
FAM81A,1
FAM81B,0.5376214
FAM84B,1
FAM96B,1
FAM98A,0.4123204
FANCF,1
FANCG,1
FASTKD1,1
FBXO10,1
FBXO33,0.4018023
FBXO38,1
FBXO40,1
FBXO45,1
FBXO5,0.1918718
FBXO8,0.9988716
FDFT1,1
FECH,1
FGGY,0.9414746
FHOD3,1
FKRP,1
FLVCR1,1
FLVCR2,1
FMO2,1
FMO3,1
FMO4,1
FMO5,1
FNDC8,1
FNDC9,1
FOLR1,1
FOLR2,0.8187892
FOSL1,0.9988716
FOSL2,1
FOXA1,1
FOXA2,1
FOXA3,1
FOXB1,1
FOXD4L1,1.05E-15
FOXD4L2,6.94E-18
FOXD4L3,2.24E-19
FOXD4L4,5.84E-18
FOXD4L5,3.45E-16
FOXD4L6,4.86E-19
FOXE1,1
FOXF1,1
FOXF2,1
FOXH1,1
FOXI2,1
FOXJ1,1
FOXK2,1
FOXL1,0.1864909
FOXL2,1
FOXN4,1
FOXP1,1
FOXR1,1
FOXS1,1
FSBP,1
FSIP1,1
FUCA1,0.9557419
FUK,0.9977432
FUT11,1
FUT4,1
FUT5,1
FUT7,1
FUT9,1
FXYD2,1
FXYD3,1
FXYD4,1
FXYD6,1
FXYD7,1
G6PC3,1
G6PC,0.9818771
GAA,1
GAD1,1
GAD2,1
GADD45B,0.9964318
GADL1,0.9984042
GAL3ST2,1
GAL3ST3,1
GALC,1
GALK2,1
GALNTL5,0.3749566
GAMT,0.3941424
GARS,1
GAS2,0.9984042
GAS6,0.02530714
GAS8,0.9988716
GATAD1,1
GATC,1
GATM,1
GBA3,0.2844515
GBF1,1
GBGT1,1
GCAT,1
GCC1,1
GCLM,1
GCM1,0.422163
GCNT3,1
GCNT4,0.2695138
GCNT7,0.8554922
GDE1,1
GDPD1,1
GET4,0.3686429
GFPT2,0.9988716
GGACT,0.5906579
GGCT,1
GGTLC2,1
GHDC,1
GIMAP6,1
GIMD1,1
GJA3,1
GJA4,1
GJA5,1
GJA9,0.9911153
GJB4,0.9630341
GJC2,0.5307424
GK2,1
GK5,1
GKAP1,1
GLB1L2,1
GLDN,1
GLT6D1,1
GLT8D2,0.9980456
GLYATL3,1
GLYCTK,1
GMFG,1
GMNC,0.5750291
GMPPA,1
GMPPB,1
GNG11,1
GNG12,1
GNG13,1
GNG2,1
GNG3,1
GNG4,1
GNG7,1
GNG8,1
GNGT1,1
GNGT2,1
GNL3L,1
GNPAT,1
GNPDA1,1
GNPTAB,1
GNPTG,1
GNS,1
GOLPH3,1
GOLPH3L,1
GOT1,0.9964318
GP1BB,1
GP2,0.01016235
GP9,1
GPAM,1
GPAT4,0.699489
GPC1,1
GPC4,1
GPC5,1
GPC6,1
GPD1,0.4495517
GPIHBP1,1
GPN2,1
GPN3,1
GPR143,0.9866972
GPR149,0.002466461
GPR156,1
GPR158,0.7426559
GPR17,0.9383709
GPR22,1
GPRASP2,0.3041989
GPRC5A,0.2482637
GPRC5B,0.9970146
GPRC5D,1
GPRC6A,0.4248938
GRIA1,1
GRIN2A,0.9615836
GRIN3B,1
GRM3,1
GRM4,1
GRM6,1
GRM7,1
GRPEL1,0.04345657
GRTP1,1
GSPT2,0.5678566
GSS,1
GTF2H3,1
GTF2IRD1,1
GTF3C4,1
GTF3C5,1
GTPBP3,1
GUCA2A,0.4280833
GUCA2B,0.9988716
GUCD1,0.000527916
GXYLT1,0.6640911
GYG2,1
H1FX,0.4507346
HAND1,1
HAO1,1
HAO2,1
HAS2,0.4230937
HAS3,0.9988716
HAUS5,0.5795875
HAUS8,1
HBP1,1
HDC,0.1749078
HDHD3,0.00597621
HEATR1,0.7864464
HEBP1,1
HECTD2,1
HECTD3,0.9980456
HELT,1
HERC6,0.01805798
HES5,1
HES6,1
HEXA,0.8471844
HEXB,1
HEY1,0.9980456
HEY2,1
HEYL,1
HFE2,1
HGD,0.2663985
HGH1,1
HIF1AN,1
HIGD1C,1
HIGD2B,1
HIST1H4G,0.33246
HJURP,1
HMBS,1
HMCES,0.826261
HMGCL,1
HMGCLL1,0.9952127
HMGCS1,0.6260089
HMGCS2,1
HMMR,0.9948292
HPCAL4,1
HPS5,0.814584
HPSE2,0.9966149
HPSE,0.6675833
HRASLS5,1
HS2ST1,1
HS3ST2,1
HS3ST4,0.8569303
HS3ST5,0.6395036
HS6ST1,1
HS6ST2,0.215687
HS6ST3,1
HSBP1L1,1
HSPBAP1,1
HYI,1
HYKK,1
ID1,1
ID2,1
ID3,1
IDH3G,0.5455026
IDO1,1
IDO2,1
IDS,1
IFI30,1
IFI6,1
IFRD2,0.9932298
IGF2,1
IGFBP1,1
IGFBP3,1
IGFBP5,1
IKBIP,0.2011107
IKBKAP,1
IKZF5,1
IL17RB,1
IL17RC,0.9962576
IL17RD,0.9727135
IL17RE,1
IL4I1,1
ILKAP,1
ILVBL,1
IMMP2L,1
IMPDH1,1
INMT,1
INPP5A,1
INPP5E,1
INPP5F,0.6815002
INSC,0.7925257
INS,1
INS-IGF2,0.9988716
INSM2,0.2094474
INTS9,0.9921015
IP6K3,1
IPPK,0.8209504
IQCE,1
IQCF1,1
IQCF6,0.4688648
IQCG,0.9984042
IQCH,1
IRAK1BP1,1
IREB2,1
IRGC,1
ISG20,1
ITFG2,0.9977432
ITGBL1,1
ITM2B,0.9977432
ITM2C,1
ITPK1,1
ITPKA,1
ITPKB,0.5829236
ITPKC,1
ITPRIPL1,1
ITPRIPL2,1
IYD,1
IZUMO1R,1
JAG2,0.9984042
JAKMIP2,1
JAZF1,1
JDP2,0.4184728
JMJD1C,0.9928636
JMJD4,1
JMJD8,0.8188333
JOSD1,1
JPH1,0.9940292
JPH2,0.9947075
JPH4,1
JTB,1
KCNE1,1
KCNE3,1
KCNE4,1
KCNE5,0.249223
KCNJ13,1
KCNMB2,1
KDM3A,1
KDM4D,1
KDM4E,0.2808798
KDM5D,1
KEL,0.9796914
KHNYN,0.2899025
KIAA0391,1
KIAA1161,1
KIAA1468,0.9984042
KIAA1586,0.6208391
KIAA2013,0.9984042
KIF12,1
KIF14,1
KIF18A,1
KIF20B,1
KIF25,1
KIF26A,0.9984042
KIF27,0.9988716
KIF2A,0.5480323
KIF2B,1
KIF2C,0.9984042
KIF3B,1
KIF6,1
KIF7,1
KIF9,1
KIFC1,1
KLB,1
KL,1
KMT5B,1
KNTC1,0.8197929
KRT222,1
KRT5,1
KRT75,1
KRT84,0.9968085
L2HGDH,1
L3HYPDH,1
LACC1,0.208363
LACTB,0.1674107
LACTBL1,1
LAGE3,0.9966149
LAMB2,0.8944643
LAMP1,1
LANCL1,1
LANCL3,1
LARGE1,1
LARP1B,0.8470706
LAS2,1
LBP,0.9062155
LCA5L,0.5899361
LCAT,0.9974769
LCLAT1,1
LCN10,1
LCN15,0.2843061
LCN8,1
LCTL,1
LDHD,1
LDLRAD2,0.9686765
LDLRAD4,1
LEAP2,1
LEKR1,1
LEMD1,1
LEMD2,0.9930443
LENG8,1
LENG9,1
LEO1,0.9970146
LFNG,1
LGI1,1
LGMN,0.9931364
LIAS,1
LIPT1,1
LIPT2,1
LMLN,1
LMNB2,1
LMNTD1,1
LNPEP,1
LPCAT4,0.9039303
LPIN3,1
LPL,1
LRAT,1
LRRC14,0.9966149
LRRC27,0.8262504
LRRC39,0.2400136
LRRC3,0.5749659
LRRC42,0.000114716
LRRC46,1
LRRC49,1
LRRC58,1
LRRC63,0.541674
LRRC74B,0.8163774
LRRC75A,1
LRRCC1,0.70285
LRRFIP2,1
LRTOMT,1
LSR,0.4258744
LSS,0.9845294
LTA4H,1
LY6G6C,1
LYG1,1
LYG2,1
LYNX1,0.6959495
LYPD4,1
LYSMD2,1
LYSMD3,1
LYSMD4,1
LZTS1,0.6117932
MAB21L1,1
MAB21L2,1
MAB21L3,1
MAD2L1BP,1
MAEA,1
MAGED2,1
MAGEE2,0.2397822
MAGEF1,1
MAML1,1
MAN1A1,0.7216198
MAN1C1,1
MANF,1
4-Mar,1
5-Mar,0.9980456
6-Mar,1
MARCO,1
MARS2,1
MB21D2,1
MBLAC2,1
MBNL1,1
MBNL3,1
MCFD2,1
MCIDAS,1
MCM10,1
MCMBP,1
ME2,0.9900347
MECOM,0.9593333
MED16,1
MED18,1
MED21,1
MED31,1
MED6,1
MED7,1
MED8,0.9984042
MEIOB,1
MEMO1,1
MESP1,1
MESP2,1
METTL12,1
METTL14,1
METTL23,1
METTL25,1
METTL4,1
METTL5,1
METTL6,1
METTL8,0.8850353
MFN1,1
MFN2,0.9863198
MFSD10,1
MFSD11,1
MFSD13A,1
MFSD2B,1
MFSD4A,1
MFSD5,0.6565984
MFSD7,1
MFSD9,0.9553987
MGARP,1
MGAT1,1
MGAT4A,1
MGAT4B,1
MGAT4C,1
MICU2,1
MIEF1,1
MIEF2,1
MIF4GD,1
MINPP1,1
MIOX,0.7425938
MIPOL1,0.4540661
MITD1,1
MKL1,0.9923471
MKL2,1
MLPH,1
MME,1
MMEL1,0.9977432
MMP10,0.5584977
MMP17,1
MMP21,0.9988716
MMP7,1
MMP8,0.8337643
MNT,0.7468606
MOB1B,1
MOB3A,1
MOBP,0.9988716
MOGS,0.4450912
MON2,1
MORN3,0.8101527
MOXD1,1
MPG,1
MPHOSPH9,1
MPPED1,1
MPPED2,1
MPST,1
MROH2B,0.9988716
MROH5,0.9386907
MROH6,1
MROH7,0.97495
MRPL11,1
MRPL16,1
MRPL22,1
MRPL4,0.1680219
MRPS18B,0.2235103
MRPS25,1
MRPS27,1
MRPS2,1
MSMB,0.4130537
MSMP,1
MSRB1,0.4818586
MSRB3,1
MT1A,1
MT1E,1
MT1F,1
MT1X,0.9934205
MT3,1
MT4,0.3006723
MTCP1,1
MTERF1,1
MTERF2,0.2420567
MTERF4,0.4276511
MTHFD2,1
MTHFD2L,1
MTHFR,0.9980456
MTHFS,1
MTIF2,0.843417
MTMR11,1
MTMR12,1
MTMR1,1
MTMR8,0.351478
MTMR9,1
MT-ND4,1
MTPAP,1
MTRNR2L1,1
MUC13,0.4816664
MVB12A,0.4884866
MVD,1
MXD1,0.9980456
MXD4,0.9954865
MXI1,1
MYF5,1
MYF6,1
MYH15,0.2997087
MYH4,1
MYO18B,1
MYO1B,0.9988716
MYO1D,0.9988716
MYO1G,0.8510978
MYO1H,1
MYOCD,0.2498987
MYRIP,1
MYT1,0.8001812
MYT1L,0.9888871
MYZAP,1
N4BP1,1
N6AMT1,1
NADK,1
NADSYN1,1
NAGA,1
NANOS1,1
NANOS2,1
NAP1L2,1
NAP1L3,0.318465
NAP1L4,1
NAP1L5,1
NAPA,1
NAPEPLD,0.680327
NAPG,1
NAPRT,1
NARFL,1
NAT14,0.4700357
NAT16,1
NATD1,1
NAXE,1
NCAPD2,1
NCAPD3,1
NCBP2L,1
NCKAP1L,1
NDEL1,1
NDNF,0.9944721
NDST1,1
NDST3,1
NDST4,1
NDUFAF6,1
NDUFAF7,0.5060846
NDUFS6,1
NECAP1,1
NEFM,1
NEMF,0.9988716
NENF,1
NEURL2,1
NEURL4,0.9972361
NEUROD1,1
NEUROD2,1
NEUROD6,1
NEUROG1,0.7350624
NEUROG2,1
NEUROG3,1
NF1,1
NFIL3,1
NFRKB,0.9960912
NFS1,0.9949538
NFU1,0.4612218
NFYA,1
NHLRC1,1
NINL,0.001278053
NIT2,1
NKD1,1
NLGN2,1
NLGN3,0.4402717
NLN,0.6818042
NMNAT1,1
NMNAT2,1
NOCT,1
NOG,1
NOL6,0.9972361
NOP9,1
NOS3,1
NOTCH2NL,1
NOXRED1,1
NPC2,1
NPEPPS,1
NPIPA2,1
NPL,1
NPR3,1
NPTX2,1
NPTXR,1
NQO2,1
NRG3,1
NRG4,0.1374654
NSMCE3,1
NT5C3A,0.9921015
NT5C3B,1
NT5C,1
NT5DC1,1
NT5DC2,0.6904876
NT5DC3,1
NT5E,1
NT5M,1
NTHL1,1
NTN1,1
NTNG2,0.1358577
NTPCR,0.9972361
NUCB1,1
NUCB2,1
NUF2,0.9968085
NUP107,1
NUP133,0.9988716
NUP155,1
NUP160,0.9988716
NUP205,1
NUP85,1
NUP93,1
NUPL2,1
NXNL1,1
NXNL2,0.5445685
NXPH1,1
OAT,1
ODF2L,0.5755757
OGFOD1,1
OGFOD2,1
OGFOD3,1
OLFM2,1
OLFM3,1
OLFM4,1
OLIG1,1
OLIG2,1
OLIG3,1
OMA1,1
OPTN,1
ORAI2,0.9988716
OSBPL10,1
OSBPL2,1
OSBPL7,1
OSBPL8,1
OSGEP,1
OSGIN1,1
OST4,1
OTOA,1
OTUD7B,0.9988716
OXA1L,1
OXCT1,1
OXNAD1,1
OXSM,1
OXTR,1
P2RX1,1
P2RX3,1
P2RX4,1
P2RX5,1
P2RX7,0.4581772
PABPN1L,1
PAF1,0.9922643
PAFAH2,0.4142388
PANK4,1
PAOX,1
PAPD4,1
PARP6,1
PARP8,1
PARPBP,1
PARS2,1
PAX9,1
PBLD,1
PCED1B,1
PCK2,0.8073197
PCP2,1
PCYOX1L,0.8798008
PDE6G,1
PDE6H,1
PDHA2,1
PDP2,1
PDS5A,0.9988716
PELI1,1
PELI2,0.9984042
PELI3,1
PEPD,0.6607185
PES1,0.5131601
PGGHG,0.9962576
PGK1,1
PGK2,1
PGLS,1
PGLYRP3,1
PGM1,1
PGM2,1
PGM5,1
PGPEP1,1
PGPEP1L,1
PGRMC1,0.9964318
PHEX,1
PHF12,1
PHF21B,1
PHF7,1
PHKA1,0.8281455
PHKB,1
PHOSPHO1,0.5874603
PHYHD1,0.8965543
PHYH,1
PHYKPL,1
PI3,1
PIBF1,1
PIGA,1
PIGG,1
PIGL,0.4065776
PIGN,1
PIGO,1
PIP4K2B,1
PIP5K1B,1
PIP5K1C,1
PITHD1,1
PITPNC1,1
PIWIL1,1
PIWIL3,0.848774
PKDREJ,1
PLA2G16,1
PLA2G3,0.8445543
PLA2G7,1
PLAC1,1
PLBD1,0.7244976
PLCXD2,1
PLEKHO1,1
PLIN1,0.5778778
PLIN4,1
PLN,1
PLSCR2,0.8260695
PLSCR3,1
PLSCR4,1
PLSCR5,1
PLVAP,1
PLXDC2,1
PMM1,1
PNLIP,1
PNLIPRP2,1
PNLIPRP3,0.7773218
PNP,1
PNPLA1,1
PNPLA2,1
PNPLA3,1
PNPLA4,0.3047492
POFUT1,1
POLB,1
POLG,1
POLN,1
POLR1B,1
POLR1E,1
POLR2K,1
POLRMT,0.9962576
PON1,1
POR,0.3215942
POSTN,1
PPAN,1
PPIP5K2,1
PPP1R14C,1
PPP1R37,1
PPP1R7,1
PPP2R3A,1
PPP2R3B,1
PPP2R3C,1
PPP4R1,1
PPP4R3CP,0.7549821
PPP4R4,1
PPT2,1
PPY,1
PRDM13,0.9970146
PRDM7,0.4576247
PRDM8,1
PRF1,1
PRG4,1
PRND,0.7688125
PRODH2,1
PROK1,1
PROK2,1
PROSC,1
PROX2,0.7696252
PRPH,1
PRR25,0.8225455
PRRG1,1
PRRG2,0.6467658
PRRG3,1
PRRG4,1
PRSS16,1
PRUNE1,0.9977432
PSEN1,0.9927749
PSMB10,0.001140695
PSMD5,1
PTCD2,1
PTCH2,1
PTF1A,0.6848838
PTH,0.9977432
PTHLH,1
PTN,1
PTOV1,1
PTX4,1
PURA,0.9931364
PUS10,1
PUS1,1
PUS7,1
PUS7L,0.826723
PUSL1,1
PVALB,1
PXYLP1,1
PYGB,0.9980456
PYGL,1
PYGM,0.9980456
PYROXD1,1
PYROXD2,1
QPCT,1
QPCTL,1
QPRT,1
QTRT1,0.9974769
R3HDM4,1
RAB11FIP4,0.9914067
RAB3IL1,0.9974769
RAB3IP,1
RABIF,0.414954
RALGAPA1,0.914209
RALGAPA2,1
RALGAPB,1
RARRES1,1
RASSF3,1
RBBP8,1
RBP3,0.825673
RELT,1
RENBP,1
RESP18,0.06139055
RETN,0.9988716
REXO1,0.9408708
RFNG,1
RFT1,1
RFX2,1
RFX3,0.4279193
RFX4,1
RFX5,0.9302571
RFX6,0.9988716
RFX7,1
RFX8,0.4942772
RGMA,1
RGS18,1
RGS20,1
RGS21,1
RHBG,1
RHCG,0.908421
RILP,0.9089116
RILPL1,1
RILPL2,0.4983577
RIMKLA,0.004438
RINT1,0.8562224
RIPOR1,1
RMDN2,0.01045843
RMDN3,0.9988716
RMI2,1
RNASEH2B,0.6697523
RNF130,1
RNF144B,1
RNF148,1
RNF150,0.4841531
RNF170,0.2906327
RNF214,0.5395739
RNF217,0.001436106
RNFT2,1
RNPEP,0.9604746
ROM1,1
ROPN1,1
ROPN1L,0.7779789
RPE65,1
RPEL1,1
RPF1,0.9170093
RPL10A,1
RPL26L1,1
RPL3L,1
RPN1,0.9966149
RPP30,1
RPP38,0.2402549
RPS27L,1
RPUSD4,1
RRP12,1
RSAD2,1
RSPH10B2,1
RSPH10B,1
RSPH1,1
RSPO2,1
RSPO3,1.06E-09
RSPO4,0.4270093
RSPRY1,0.9984042
RTBDN,1
RTN4IP1,0.9966149
RUBCN,1
RWDD3,0.187588
RYBP,1
SAA4,0.445833
SAC3D1,0.8962565
SACM1L,1
SALL1,0.6387262
SBSN,0.5704297
SBSPON,1
SCARA3,1
SCARA5,0.9902936
SCARB2,0.2067886
SCARF1,1
SCFD1,1
SCGB1D2,1
SCGN,1
SCHIP1,0.4690963
SCNN1B,0.9988716
SCNN1D,1
SCNN1G,1
SCOC,1
SCRN1,0.7263987
SCRN2,0.9988716
SCRN3,1
SCX,0.9974769
SDSL,0.7132261
SEC11A,1
SEC11C,1
SEC14L3,1
SEC23IP,0.9413447
SECISBP2,0.9954865
SELENBP1,0.5492603
SELENOM,1
SELENOS,1
SEM1,1
11-Sep,1
12-Sep,1
1-Sep,1
5-Sep,1
SETD9,0.4494019
SFRP2,1
SGIP1,1
SGO1,1
SGPL1,1
SGSH,1
SH3BGRL2,1
SH3BGRL,0.9972361
SHCBP1,1
SHPK,1
SIL1,1
SIRT4,1
SIRT6,0.9601383
SIX6OS1,1
SKA1,0.8302267
SLC10A1,1
SLC10A2,1
SLC10A3,1
SLC10A4,0.9953476
SLC10A5,1
SLC10A6,1
SLC11A1,1
SLC12A3,1
SLC12A8,0.5759341
SLC12A9,0.9950815
SLC13A1,0.7722308
SLC13A2,1
SLC13A3,1
SLC13A4,0.01342902
SLC14A1,0.6597824
SLC16A13,1
SLC16A7,1
SLC16A8,1
SLC17A3,1
SLC18A1,1
SLC18A3,0.9954865
SLC19A1,1
SLC1A1,1
SLC1A2,1
SLC1A3,1
SLC1A4,1
SLC1A5,1
SLC1A6,1
SLC1A7,1
SLC22A11,1
SLC22A17,1
SLC22A23,1
SLC22A5,1
SLC23A1,0.6401638
SLC23A2,0.6399818
SLC25A10,2.67E-28
SLC25A20,1
SLC25A21,0.4035253
SLC25A22,1
SLC25A26,0.09194868
SLC25A27,1
SLC25A28,1
SLC25A29,1
SLC25A35,0.9924307
SLC25A39,0.7238984
SLC25A3,1
SLC25A40,1
SLC25A41,1
SLC25A43,0.3819881
SLC25A44,1
SLC25A47,0.9489205
SLC25A48,3.69E-05
SLC25A53,1
SLC26A10,0.5894219
SLC26A1,0.2684211
SLC26A5,1
SLC26A6,1
SLC26A8,1
SLC27A1,0.003757808
SLC27A2,1
SLC27A4,1
SLC28A3,1
SLC2A5,1
SLC2A7,1
SLC2A8,1
SLC30A7,1
SLC30A9,1
SLC37A2,1
SLC38A11,1
SLC38A1,1
SLC38A2,1
SLC38A3,1
SLC43A1,0.7175895
SLC43A2,1
SLC43A3,0.4505889
SLC45A4,1
SLC46A2,1
SLC47A2,0.9988716
SLC4A10,1
SLC4A11,0.02207995
SLC4A1,1
SLC4A4,1
SLC4A7,0.01985742
SLC4A8,1
SLC5A11,1
SLC5A12,1
SLC5A1,0.2168099
SLC5A2,1
SLC5A3,1
SLC5A5,1
SLC5A8,1
SLC5A9,0.9807201
SLC6A20,1
SLC7A10,0.8992681
SLC7A1,1
SLC7A8,0.9881122
SLC7A9,1
SLC9A1,0.6633081
SLC9A3,1
SLC9A4,0.9945885
SLC9A6,1
SLC9A8,1
SLC9A9,1
SLC9B1,1
SLC9B2,1
SLCO1A2,1
SLCO1B1,0.9988716
SLCO1C1,1
SLCO2B1,0.3454172
SLCO4C1,1
SLCO6A1,1
SLN,1
SLPI,0.9988716
SMIM17,1
SMOX,1
SMPDL3A,0.9984042
SMPDL3B,1
SMYD5,1
SNAP25,1
SNAP29,1
SNCB,1
SNCG,0.498683
SNN,1
SNPH,1
SNX13,1
SNX16,1
SOHLH2,0.4312726
SORT1,0.8509142
SOX1,1
SPA17,1
SPACA4,1
SPAG4,0.9988716
SPATA17,1
SPATA18,0.008210129
SPATA2,1
SPATA4,1
SPDL1,0.5625595
SPOCK1,0.8306674
SPOCK3,1
SPON1,1
SPOUT1,1
SPP2,0.1001365
SPPL2B,1
SPRYD3,0.988383
SPRYD7,1
SPSB2,1
SPSB4,1
SQLE,1
SREBF1,0.8347754
SRR,1
SRXN1,0.5103663
SSC4D,1
SSC5D,1
SSUH2,1
SSX2IP,1
ST18,0.9407636
ST3GAL2,1
ST3GAL3,1
ST3GAL5,1
ST6GAL2,0.9953476
ST6GALNAC1,1
ST6GALNAC2,1
ST6GALNAC3,1
ST6GALNAC4,1
ST6GALNAC5,1
ST6GALNAC6,3.62E-08
ST7,1
ST8SIA1,1
ST8SIA2,1
ST8SIA3,1
ST8SIA4,1
ST8SIA5,1
ST8SIA6,1
STARD6,0.209116
STEAP4,1
STMN2,1
STRN,1
STT3A,1
STT3B,1
STX5,1
STXBP3,1
SUCO,0.7984794
SUGCT,0.9964318
SULF2,1
SULT1B1,1
SULT1E1,1
SULT2B1,1
SULT4A1,0.9934205
SULT6B1,0.8015909
SUMF1,1
SUN2,1
SUN3,1
SUPT3H,1
SUSD3,1
SVOP,1
SWT1,1
SYCE1,0.09157765
SYDE1,1
SYDE2,0.9037401
SYNE4,0.6119079
TAF1C,0.755233
TAF2,1
TAGLN3,1
TAGLN,1
TAL2,1
TALDO1,1
TANGO6,0.9305483
TAS1R2,1
TAS2R19,0.8231991
TAS2R31,1
TAS2R38,0.6680462
TATDN1,1
TATDN3,1
TBC1D10C,1
TBC1D12,1
TBC1D15,1
TBC1D23,0.9933245
TBC1D24,1
TBC1D29,1
TBC1D5,1
TBC1D7,0.9977432
TBC1D8B,1
TBC1D8,0.6981763
TBC1D9B,1
TBC1D9,0.969856
TBCD,1
TBX10,1
TBX15,1
TBX18,1
TBX19,1
TBX1,1
TBX20,1
TBX21,1
TBX22,1
TBX2,1
TBXAS1,1
TCAF1,1
TCAF2,0.1350331
TCF12,0.4389125
TCF15,1
TCF21,1
TCF23,1
TCF24,0.150897
TCL1A,1
TCL1B,1
TCP10L2,0.7236927
TCTE1,0.9988716
TDO2,1
TDP1,0.06811951
TEAD4,1
TECPR1,0.9497728
TEN1,1
TET2,0.4618324
TEX101,0.4243982
TFB1M,1
TFCP2L1,1
TFE3,1
TFEC,1
TFF1,1
TFF2,1
TGFBI,1
TGFBRAP1,1
T,0.3207504
THAP10,1
THAP11,0.6937216
THAP1,1
THAP2,1
THAP5,1
THAP6,0.4151338
THAP8,0.2658152
THAP9,0.1419929
THBS2,1
THNSL2,0.308847
THOC5,1
THOP1,1
THSD7A,1
TIFAB,0.4312004
TIFA,1
TIMM10B,1
TIMM10,1
TIMM13,1
TIMM8A,1
TIMP1,1
TIMP3,1
TIMP4,1
TJAP1,0.6814752
TLDC1,0.2447366
TLDC2,1
TMC5,0.6938341
TMCC2,1
TMCC3,1
TMCO3,1
TMCO5A,0.04144716
TMEM102,1
TMEM104,0.3545611
TMEM173,1
TMEM234,1
TMEM260,0.1000254
TMEM266,0.7817926
TMEM67,1
TMEM68,1
TMF1,0.9669959
TMLHE,0.9974769
TMOD1,0.4234639
TMOD2,0.9980456
TMOD3,0.9988716
TMOD4,1
TMPO,0.9980456
TMPPE,0.1681764
TMSB10,0.9988716
TNFAIP2,0.821608
TNFRSF13C,1
TNFRSF17,0.6578123
TNFRSF18,1
TNIP3,0.3633539
TNMD,1
TNNT2,1
TOGARAM1,1
TOP3B,1
TPGS1,0.9914811
TPGS2,1.10E-29
TPMT,1
TPPP3,1
TPST1,0.995778
TPX2,1
TRAF3IP1,0.8028567
TRAFD1,0.2533285
TRAK1,1
TREH,1
TRIM44,1
TRIM52,1
TRIP12,0.9865072
TRMT10A,0.4659358
TRMT10B,1
TRMT10C,1
TRMT5,1
TRMU,1
TRNP1,0.003415621
TRNT1,1
TRO,1
TRPT1,1
TRUB2,0.6676172
TSC22D3,1
TSHB,0.9937175
TSKS,0.9116271
TSLP,1
TSNAXIP1,1
TSPAN12,1
TSPAN16,1
TSPAN31,1
TSPYL1,1
TSPYL2,1
TSTD1,1
TSTD3,1
TST,0.5131364
TTC38,0.9980456
TTC39B,0.9614185
TTI1,1
TTI2,0.01097691
TTL,1
TTLL10,0.1397345
TTLL11,1
TTLL12,1
TTLL13P,1
TTLL3,0.2031757
TTLL4,0.9977432
TTLL5,0.9988716
TTLL6,0.1990324
TTLL8,1
TTLL9,1
TUBGCP2,1
TUBGCP3,1
TUB,1
TUFT1,1
TULP1,0.000130844
TULP2,0.01097729
TULP3,1
TWIST2,1
TXLNA,1
TXLNB,0.007021456
TXNDC12,0.9966149
TXNDC15,1
TXNL4B,1
TYMP,0.1524103
TYR,1
TYRP1,1
UAP1,1
UBE3B,0.9120353
UCN3,0.7881229
UCP1,0.8080166
UCP3,1
UGCG,1
UGGT2,0.7643883
UGP2,1
UNC119B,1
UNC93A,1
UNC93B1,1
UNKL,5.23E-09
UPRT,1
UROC1,0.9984042
USB1,0.2766272
USP54,1
USP6NL,1
USPL1,0.5372053
UTP6,1
VAMP1,1
VAMP4,1
VAMP5,0.4690759
VAMP8,1
VAT1L,1
VEZF1,1
VMAC,1
VNN3,0.000116438
VPS16,1
VPS18,1
VPS29,0.9972361
VPS39,1
VPS41,1
VPS45,1
VPS52,1
VPS9D1,1
VRTN,0.6974597
VSNL1,1
VWDE,0.433112
WARS2,0.07359614
WARS,1
WDCP,0.9988716
WDR13,1
WDR34,0.970089
WDR37,1
WDR41,0.5314784
WDR74,1
WDR93,1
WFDC3,1
WFDC5,1
WFDC6,1
WIF1,0.9499755
WNT10A,1
WNT10B,1
WNT11,1
WNT16,1
WNT1,1
WNT2B,1
WNT3A,1
WNT3,1
WNT4,1
WNT5A,1
WNT5B,1
WNT6,1
WNT7A,1
WNT7B,1
WNT8A,1
WNT8B,0.9988716
WNT9A,1
WNT9B,1
XAF1,1
XPA,1
XPNPEP2,0.6918499
XPNPEP3,1
XPO4,1
XRN1,0.8817736
XXYLT1,1
XYLT1,1
YARS2,1
YBEY,1
YDJC,0.8542481
YJEFN3,1
YRDC,1
YTHDF1,1
YTHDF3,1
ZBBX,0.4091697
ZBED1,1
ZBED4,1
ZBED5,1
ZBED6,0.9371283
ZBED8,1
ZC3H12A,1
ZC3H12B,0.6901805
ZC3H12C,1
ZC3H12D,1
ZC3H13,1
ZC3H14,1
ZC3H3,1
ZC3H8,0.09792076
ZC3HAV1L,1
ZC4H2,1
ZCCHC13,6.80E-08
ZCCHC17,1
ZCCHC3,1
ZFAND2A,1
ZFAND3,1
ZFAND5,1
ZFAND6,1
ZFPM1,1
ZG16B,1
ZMAT4,1
ZMAT5,1
ZMIZ1,0.9988716
ZMYM5,1
ZMYM6,1
ZNF23,0.2004089
ZNF296,1
ZNF322,1
ZNF343,1
ZNF385A,0.408824
ZNF385C,0.7702212
ZNF385D,1
ZNF474,0.9968085
ZNF511,1
ZNF518B,0.913177
ZNF622,1
ZNF664,1
ZNF740,1
ZNF783,1
ZNF800,1
ZNF821,1
ZNF862,0.9972361
ZPBP2,1
ZPBP,0.07530555
ZUFSP,0.7773381
ZW10,0.9974769
ZWILCH,1
