A2ML1,1
AAAS,1
AADAT,1
AAED1,1
AAGAB,0.9959316
AAMP,1
AANAT,1
AARSD1,1
AARS,1
AASDH,1
ABCA4,1
ABCD3,1
ABHD10,1
ABHD12,1
ABHD13,1
ABHD14A,1
ABHD15,1
ABHD16A,1
ABHD16B,0.6784058
ABHD17C,0.9988716
ABHD18,0.2786259
ABHD1,0.08430573
ABHD2,1
ABHD3,1
ABHD4,0.9980456
ABHD5,1
ABHD6,1
ABHD8,1
ABI3BP,1
ABLIM1,0.9960912
ABLIM3,0.4891806
ABR,0.995778
ABT1,1
ACAA1,1
ACACA,0.109937
ACACB,0.8380321
ACAD10,0.9984042
ACAD11,1
ACAD8,0.3267514
ACAD9,1
ACADL,1
ACADSB,0.9988716
ACADS,1
ACADVL,1
ACAT1,1
ACAT2,1
ACBD3,1
ACBD5,1
ACCS,1
ACD,1
ACHE,1
ACKR2,1
ACKR3,0.1618787
ACKR4,1
ACLY,0.9984042
ACOT11,1
ACOT12,1
ACOT1,1
ACOT2,1
ACOT4,1
ACOT6,1
ACOT7,1
ACOT8,0.4588674
ACOT9,1
ACOX1,1
ACOX2,1
ACOX3,1
ACOXL,0.9324722
ACP5,1
ACR,1
ACRV1,0.2811845
ACSBG2,1
ACSF3,0.9383298
ACSL5,0.8318092
ACSM1,1
ACSM3,1
ACSM4,0.7571751
ACSS1,0.9972361
ACTL6B,1
ACTL8,0.9988716
ACTL9,0.5482032
ACTR10,1
ACTR3B,0.9984042
ACTR3,1
ACTR5,0.8465032
ACTR6,1
ACTR8,1
ACTRT2,1
ACTRT3,0.4207806
ACY1,1
ADAD1,1
ADAD2,1
ADA,1
ADAL,1
ADAM11,0.9861809
ADAM12,0.7257861
ADAM15,1
ADAM17,1
ADAM18,0.9988716
ADAM19,1
ADAM20,1
ADAM21,0.9904923
ADAM22,0.3020844
ADAM23,1
ADAM29,1
ADAM2,0.6987074
ADAM30,1
ADAM32,1
ADAM33,1
ADAM7,1
ADAM8,1
ADAM9,1
ADAMDEC1,1
ADAMTS10,1
ADAMTS12,1
ADAMTS13,1
ADAMTS14,1
ADAMTS15,1
ADAMTS16,1
ADAMTS17,1
ADAMTS18,0.01647366
ADAMTS19,1
ADAMTS1,1
ADAMTS20,1
ADAMTS3,0.6912811
ADAMTS4,0.5717411
ADAMTS5,1
ADAMTS6,1
ADAMTS7,0.110911
ADAMTS8,0.6493062
ADAMTS9,1
ADAMTSL2,1
ADAMTSL5,0.9158523
ADAP2,1
ADARB1,0.4367547
ADAT2,1
ADAT3,1
ADCY10,1
ADCY1,1
ADCY2,1
ADCY3,0.9988716
ADCY4,1
ADCY5,1
ADCY6,1
ADCY7,0.988438
ADCY8,1
ADCY9,1
ADCYAP1R1,1
ADGB,0.9914811
ADGRA1,1
ADGRB2,0.9844883
ADGRB3,0.8512942
ADGRD1,1
ADGRD2,0.6714833
ADGRE1,1
ADGRE2,1
ADGRE3,1
ADGRF1,0.7444035
ADGRF2,0.6810841
ADGRF3,1
ADGRF4,1
ADGRF5,1
ADGRG1,0.8629995
ADGRG3,1
ADGRG4,1
ADGRG7,1
ADGRL2,1
ADGRL3,0.9859525
ADGRL4,1
ADH4,0.9952127
ADH6,0.000178915
ADH7,1
ADIPOQ,0.5501157
ADK,1
ADM,1
ADO,1
ADORA1,0.06779798
ADORA2B,0.9988716
ADPRHL1,1
ADPRM,0.7243573
ADRA1A,1
ADRA1B,0.9980456
ADRA1D,0.9966149
ADRA2B,0.576227
ADRA2C,1
ADRM1,0.9984042
ADSL,1
AEBP2,1
AEN,0.9988716
AFAP1,1
AFAP1L1,1
AFAP1L2,1
AFG1L,1
AFG3L2,1
AFM,1
AFP,1
AGBL2,1
AGBL3,0.9984042
AGBL4,0.3108544
AGBL5,0.09693954
AGFG1,1
AGFG2,0.9968085
AGGF1,0.109362
AGMAT,1
AGO1,1
AGO2,0.03099246
AGO3,1
AGO4,1
AGPAT2,1
AGPAT4,1
AGPS,0.9980456
AGRN,0.9953476
AGRP,1
AGT,6.36E-05
AGTPBP1,0.3866384
AGTR1,1
AGTR2,1
AGXT2,1
AHCTF1,0.2325858
AHCYL1,0.9968085
AHCYL2,1
AHNAK2,0.01116596
AHR,1
AHRR,0.4660978
AHSA1,1
AHSA2,0.2628413
AICDA,1
AIDA,0.9977432
AIF1L,1
AIFM1,1
AIFM3,1
AIM2,1
AIMP1,0.7589785
AIMP2,1
AIRE,1
AK1,0.9953476
AK2,1
AK4,1
AK5,1
AK8,0.9911153
AKAP10,1
AKAP17A,1
AKAP4,1
AKR7A3,0.6320448
AKR7L,1
ALDH1A2,1
ALDH1A3,1
ALDH1B1,1
ALDH1L2,1
ALDH6A1,0.4113554
ALDH9A1,1
ALDOB,1
ALG11,0.9984042
ALG13,1
ALG1,0.9948292
ALG1L2,1
ALKBH1,0.9988716
ALKBH2,1
ALKBH6,0.9984042
ALOX15B,0.006650619
ALS2,0.7844243
ALX1,1
ALX3,1
AMBRA1,1
AMD1,1
AMDHD2,1
AMFR,0.9988716
AMH,1
AMIGO1,1
AMIGO2,1
AMIGO3,1
AMMECR1,1
AMOTL2,0.9257457
AMT,0.2562065
ANAPC11,1
ANAPC1,1
ANAPC4,1
ANAPC5,1
ANAPC7,1
ANGEL1,1
ANGEL2,1
ANG,1
ANGPTL5,1
ANKH,1
ANLN,1
ANOS1,1
ANP32A,0.9972361
ANP32B,0.4048857
ANTXR2,0.995778
ANXA10,1
ANXA13,1
ANXA1,1
ANXA3,1
ANXA4,1
ANXA5,1
ANXA8,1
ANXA9,1
AOC1,0.008379394
AOC3,0.995778
AOX1,1
AP1M1,1
AP1M2,0.9974769
AP1S1,1
AP1S2,1
AP2M1,0.9938197
AP2S1,0.9984042
AP3B1,0.5008457
AP3B2,0.9902936
AP3D1,1
AP3M1,1
AP3M2,0.9977432
AP3S1,1
AP4B1,0.7920428
AP4E1,0.7176123
AP4M1,0.4130628
AP5M1,0.9938197
AP5Z1,1
APAF1,1
APBA1,1
APBA3,0.674891
APBB1,0.9984042
APBB1IP,0.4926763
APBB2,1
APBB3,0.6786089
API5,1
APIP,1
APMAP,0.4145359
APOBEC1,1
APOBEC2,0.4237709
APOD,1
APPBP2,0.4632736
APPL1,1
APTX,1
AQP10,1
AQP11,0.3902824
AQP12A,1
AQP12B,1
AQP3,1
AQP5,1
AQP6,0.9970146
AQP7,1
AQP8,1
AQP9,1
AQR,1
AREG,0.5407541
AREL1,1
ARF3,1
ARFGAP1,1
ARFGAP2,1
ARFGAP3,1
ARFGEF1,1
ARFGEF2,0.9972361
ARHGAP11A,0.948512
ARHGAP11B,1
ARHGAP15,1
ARHGAP19,0.868975
ARHGAP1,1
ARHGAP21,0.9972361
ARHGAP22,0.000574806
ARHGAP24,1
ARHGAP25,1
ARHGAP28,0.7136363
ARHGAP30,1
ARHGAP35,0.9988716
ARHGAP36,0.8371098
ARHGAP40,1
ARHGAP5,1
ARHGAP6,0.6284181
ARHGAP8,1
ARHGDIA,1
ARHGEF10,0.9468139
ARHGEF10L,1
ARHGEF15,1
ARHGEF18,1
ARHGEF1,0.9988716
ARHGEF25,1
ARHGEF2,0.9048602
ARHGEF33,1
ARHGEF39,1
ARHGEF3,1
ARHGEF40,8.83E-25
ARID1A,0.9980456
ARID2,0.8435557
ARID3A,1
ARID3B,1
ARID4A,1
ARID4B,1
ARID5A,1
ARID5B,1
ARIH1,0.9950815
ARIH2,1
ARL10,1
ARL16,0.002280877
ARL17A,1
ARL3,1
ARL4A,1
ARL4C,1
ARL4D,1
ARL5A,1
ARL5B,1
ARL9,0.2462128
ARMC2,1
ARMC3,1
ARMC5,0.9988716
ARMC6,1
ARMC8,0.9974769
ARMCX6,0.4543916
ARNT2,1
ARNT,0.7749933
ARNTL2,0.965489
ARNTL,0.9954865
ARPC1A,1
ARPC1B,1
ARPC2,1
ARPC3,1
ARPC4,0.0544972
ARPC5,0.9988716
ARPC5L,1
ARR3,0.2104695
ARRDC1,1
ARRDC2,0.1322543
ARRDC3,1
ARRDC4,1
ARRDC5,1
ARSA,1
ARSD,1
ARSG,1
ARSH,1
ART1,1
ARVCF,1
AS3MT,1
ASCC1,0.002360594
ASF1B,1
ASH1L,0.8065023
ASH2L,1
ASIC1,1
ASL,1
ASMT,1
ASMTL,1
ASNSD1,0.9988716
ASNS,0.4331599
ASPDH,0.6305276
ASPHD1,1
ASPH,1
ASPM,0.4942707
ASPN,1
ASS1,1
ASTE1,1
ASXL2,1.69E-24
ASXL3,1
ATAD5,1
ATAT1,2.31E-12
ATF2,1
ATF6B,1
ATG12,1
ATG16L1,1
ATG16L2,1
ATG4A,1
ATG4D,1
ATG5,1
ATIC,1
ATL1,1
ATL2,1
ATL3,1
ATOH7,1
ATOX1,1
ATP10A,0.9862734
ATP10B,1
ATP10D,1
ATP11A,1
ATP13A1,1
ATP1A2,0.9868415
ATP1A3,1
ATP1A4,1
ATP1B2,1
ATP2A1,0.9988716
ATP2A2,1
ATP2A3,1
ATP2B2,1
ATP2B3,0.9871351
ATP2B4,0.9756454
ATP2C1,1
ATP2C2,1
ATP4A,0.9977432
ATP4B,1
ATP6V0A1,0.9980456
ATP6V0A2,1
ATP6V0A4,0.9943582
ATP6V1C2,1
ATP6V1D,1
ATP6V1E1,1
ATP6V1F,1
ATP6V1G1,1
ATP7A,0.9988716
ATP8A1,1
ATP8A2,0.9984042
ATP8B1,1
ATP8B2,0.9977432
ATP8B3,0.6113733
ATP9A,1
ATP9B,1
ATRAID,0.08995715
ATXN1,1
ATXN1L,1
ATXN3L,1
ATXN7L3,1
AUH,0.6123964
AUP1,1
AVIL,0.8121714
AVL9,1
AVP,1
AVPR1A,1
AVPR1B,1
AVPR2,1
AWAT1,1
AWAT2,1
AXIN2,1
AZIN2,0.9928636
B3GALT5,1
B3GNT2,1
B3GNT6,1
B3GNT7,0.3952911
B3GNTL1,1
B4GALNT3,1
B4GALNT4,1
B4GALT1,1
B4GALT2,1
B4GALT3,1
B4GALT6,1
BAAT,1
BABAM1,1
BAHD1,1
BAI1,0.9980456
BAIAP3,1
BAMBI,0.4369663
BAP18,0.9977432
BBOX1,1
BBS10,0.191851
BBS12,0.007445898
BBS1,0.8775944
BBS2,1
BBS7,1
BBX,0.8190438
BCAP31,1
BCAS3,0.9988716
BCHE,0.2051535
BCKDHA,0.9634839
BCKDK,1
BCL10,1
BCL11B,1
BCL2L10,4.51E-22
BCL2L2,0.3763099
BCL9,0.9988716
BCL9L,1
BDKRB1,1
BDKRB2,1
BDNF,1
BECN2,0.8697936
BFAR,0.6568277
BHMT2,0.7216135
BICD2,0.9970146
BICDL1,0.5603503
BIRC5,1
BIRC6,1
BMI1,1
BMP10,1
BMP15,1
BMP1,0.8352477
BMP2,1
BMP3,0.9315497
BMP4,0.4378289
BMP5,1
BMP6,1
BMPER,1
BMS1,0.9953476
BNIP1,1
BOLA1,0.4236789
BOLA2,0.3928112
BOLA3,0.9974769
BOP1,1
BPGM,1
BPHL,1
BPIFB3,0.7307195
BPIFB6,0.7932714
BPI,0.8822308
BPNT1,1
BRAP,1
BRAT1,0.9900347
BRCA2,0.9974769
BRICD5,1
BRIP1,0.9984042
BRS3,0.9984042
BSDC1,1
BTC,0.4137742
BTD,1
BTG4,1
BUB3,1
BZW1,0.9988716
C11orf68,0.940785
C12orf65,1
C12orf66,0.1722633
C14orf159,1
C15orf40,1
C16orf62,1
C19orf47,1
C1orf87,0.1565491
C1QC,1
C1QL1,0.5550521
C1QL2,0.9974769
C1QL3,1
C1QL4,1
C1QTNF12,1
C1QTNF1,1
C1QTNF2,1
C1QTNF3,0.9820535
C1QTNF4,1
C1QTNF5,1
C1QTNF6,1
C1QTNF7,1
C1QTNF8,1
C1QTNF9B,0.4265136
C1QTNF9,1
C21orf2,1
C2CD2,0.7553721
C2CD2L,0.429233
C2CD3,1
C2CD4C,1
C2CD4D,0.9988716
C2CD5,1
C3AR1,1
C4B,1
C4orf33,0.01245496
C5AR1,1
C5AR2,0.840977
C5,0.9988716
C5orf63,3.45E-15
C6orf106,1
C6orf120,1
C6orf136,1
C8B,0.9466352
C8G,0.2878931
C8orf46,1
C8orf76,0.3443449
CA9,1
CABP1,0.9972361
CABP2,1
CABP5,0.9988716
CABP7,1
CACNA1B,2.63E-08
CACNA1C,0.1124107
CACNA1D,0.9974769
CACNA1E,1
CACNA1G,1
CACNA1H,0.993617
CACNA1I,1
CACNA1S,0.9926874
CACNA2D2,0.9984042
CACNA2D3,1
CAD,7.05E-05
CADPS,1
CALB1,0.9984042
CALB2,1
CALCOCO1,1
CALCOCO2,0.1073703
CALCR,1
CALCRL,1
CALML3,1
CALML4,0.2613379
CALML5,1
CALML6,1
CALU,1
CAMKMT,1
CAMP,1
CAMSAP1,0.9883284
CAMSAP2,1
CAMSAP3,1
CAND2,1
CANX,0.96096
CAP1,0.7693957
CAPN11,0.1407744
CAPN12,1
CAPN13,1
CAPN14,0.9984042
CAPN3,1.25E-05
CAPN5,1
CAPN6,0.4413438
CAPN8,0.6926384
CAPN9,1
CAPRIN2,1
CAPS2,1
CAPS,1
CAPSL,0.4415535
CAPZA3,0.3813125
CARD10,1
CARD11,0.9984042
CARD14,1
CARD16,1
CARD18,1
CARD19,0.9988716
CARD6,0.01265962
CARD9,1
CARHSP1,1
CARM1,1
CARMIL1,1
CARS2,1
CASC4,0.465319
CASD1,0.5072934
CASP8AP2,3.07E-11
CASQ1,1
CASQ2,1
CASTOR1,1
CASTOR2,1
CAT,1
CATSPER3,0.3740808
CATSPER4,0.6159647
CBFA2T2,1
CBFA2T3,1
CBLN1,1
CBLN2,1
CBLN3,1
CBLN4,0.9980456
CBR1,1
CBWD1,0.007537475
CBWD2,0.007537475
CBWD6,0.9922643
CBWD7,1
CBX6,0.9988716
CBX7,1
CC2D1A,1
CC2D1B,1
CC2D2A,1
CCAR1,0.9124022
CCAR2,1
CCDC115,1
CCDC138,1
CCDC155,1
CCDC170,1
CCDC178,1
CCDC22,1
CCDC33,1
CCDC6,0.9927749
CCDC78,1
CCDC88A,1
CCDC88C,1
CCKAR,0.9080497
CCKBR,1
CCL20,1
CCNB1IP1,1
CCNDBP1,0.4804834
CCP110,0.1009769
CCR10,1
CCR1,1
CCR2,1
CCR3,0.1935643
CCR4,1
CCR6,0.9960912
CCR7,1
CCR8,0.9577094
CCR9,1
CCRL2,1
CCT2,1
CCT3,1
CCT4,1
CCT5,1
CCT6B,1
CCT8L2,0.8969628
CD109,1
CD14,1
CD151,1
CD163,0.009275802
CD163L1,1
CD27,1
CD2BP2,0.260111
CD33,1
CD36,0.1855261
CD37,0.9241019
CD38,1
CD3G,1
CD53,0.9959316
CD59,0.9964318
CD5,1
CD5L,1
CD63,1
CD6,1
CD74,1
CD81,1
CD82,1
CD97,1
CD9,1
CDADC1,1
CDA,1
CDC14B,1
CDC20B,1
CDC20,1
CDC25A,1
CDC25B,1
CDC25C,1
CDC37,1
CDC40,0.9941368
CDC7,1
CDCP1,1
CDCP2,1
CDH10,1
CDH11,0.710031
CDH12,1
CDH13,0.9952127
CDH15,1
CDH16,1
CDH17,0.8893166
CDH18,1
CDH19,1
CDH22,1
CDH23,0.1161642
CDH24,0.07520434
CDH26,0.1886791
CDH3,1
CDH5,1
CDH6,1
CDH7,1
CDH8,1
CDH9,1
CDHR1,1
CDHR2,1
CDHR3,1
CDHR4,0.962184
CDHR5,1
CDKAL1,1
CDKN1A,0.9984042
CDKN1B,1
CDNF,1
CDRT1,1
CDT1,1
CDYL2,1
CELA2A,1
CELA2B,1
CELA3A,1
CELA3B,1
CEL,1
CELSR2,0.01073259
CEMIP,0.9974769
CENPB,1
CENPE,0.9968085
CENPJ,0.6794674
CENPO,0.995778
CENPV,1
CEP126,0.9903594
CEP170B,0.8047501
CEP170,1
CEP63,1
CEP70,1
CEP72,0.9926008
CEP97,1
CER1,0.6264454
CERS4,1
CERS6,0.1721924
CES2,1
CES4A,1
CES5A,1
CETN1,1
CETN3,1
CFAP157,0.9972361
CFAP161,1
CFAP36,0.4582744
CFAP43,0.3834318
CFAP44,1
CFAP47,1
CFAP52,1
CFAP65,0.09202608
CFD,1
CFI,1
CGNL1,0.682096
CGREF1,1
CHAD,1
CHAF1B,1
CHCHD5,1
CHD8,1
CHDC2,0.9988716
CHI3L1,1
CHI3L2,1
CHIA,0.316871
CHIT1,0.9141427
CHM,0.3019868
CHML,1
CHMP1A,1
CHMP1B,1
CHMP5,1
CHMP6,1
CHN1,1
CHN2,1
CHORDC1,0.4913658
CHP2,1
CHRDL2,0.9826302
CHRM2,1
CHRM4,1
CHRM5,0.3322218
CHRND,1
CHRNE,1
CHRNG,0.2990284
CHST13,0.007944406
CHST15,0.8096758
CHST2,1
CIAO1,0.9988716
CIB2,1
CIB4,1
CIDEC,1
CIITA,0.8089532
CILP2,1
CILP,0.8986262
CISD1,0.9977432
CISH,1
CKAP5,1
CKM,1
CKMT1A,1
CKS2,1
CLCNKA,1
CLCNKB,1
CLEC19A,1
CLGN,1
CLIC3,1
CLIC6,1
CLIP1,0.8435636
CLMN,0.1595468
CLNS1A,1
CLOCK,1
CLP1,1
CLPS,1
CLPSL1,1
CLPX,1
CLSTN1,1
CLSTN2,0.01340694
CLSTN3,0.007113175
CLVS2,1
CMBL,1
CMC4,0.4337235
CMIP,0.9351237
CMPK1,1
CMSS1,0.1811305
CMTR2,0.9076184
CMYA5,0.01179016
CNBD2,0.07407977
CNDP1,1
CNGA1,1
CNGA4,0.6829248
CNGB1,1
CNGB3,1
CNKSR1,1
CNKSR2,0.000349365
CNKSR3,1
CNNM1,0.03926623
CNNM2,0.9948292
CNNM3,1
CNNM4,1
CNOT2,1
CNOT4,1
CNOT6,0.9988716
CNOT6L,0.9988716
CNOT7,1
CNOT8,1
CNOT9,1
CNP,1
CNR2,1
CNTN1,1
CNTNAP1,1
CNTNAP2,1
CNTNAP3B,0.9081252
CNTNAP3,1
CNTNAP4,0.4998834
CNTNAP5,1
CNTRL,0.9977432
COASY,1
COG7,1
COG8,1
COL10A1,0.748966
COL11A1,1
COL11A2,1
COL13A1,1
COL16A1,0.9784155
COL18A1,0.9901633
COL1A1,1
COL3A1,1
COL4A1,1
COL4A2,1
COL4A3BP,1
COL4A3,1
COL4A4,1
COL4A5,1
COL4A6,1
COL5A1,0.991044
COL5A2,1
COL5A3,0.8554836
COL8A2,0.816364
COMP,1
COMTD1,1
COMT,1
COPA,0.7900135
COPB2,0.9980456
COPE,0.8432388
COPG1,0.9988716
COPG2,1
COPS2,1
COPS3,1
COPS4,1
COPS8,1
COPZ1,1
COQ10A,0.9937175
COQ10B,1
COQ3,0.07577822
COQ6,0.4123983
COQ9,0.9972361
CORIN,0.2901904
CORO1A,1
CORO1C,1
CORO2A,1
CORO2B,1
CORO6,1
CORO7,1
COX4I2,0.3373311
COX6B2,0.9984042
COX7A1,1
CPA1,1
CPA2,1
CPA3,0.9950815
CPA4,0.9123517
CPA5,1
CPA6,0.4235957
CPAMD8,0.9956298
CPB1,0.7738843
CPB2,1
CPD,1
CPEB1,0.9966149
CPE,1
CP,1
CPM,1
CPN1,1
CPNE1,1
CPNE2,1
CPNE3,1
CPNE4,1
CPNE5,1
CPNE6,1
CPNE8,1
CPO,0.654432
CPOX,0.6544965
CPQ,1
CPSF2,1
CPSF3,1
CPTP,1
CPVL,0.9988716
CPXM1,0.4555193
CPXM2,1
CPZ,0.9960912
CR1,1
CR1L,0.1903258
CRABP2,0.9974769
CRACR2A,1
CRACR2B,0.995778
CRADD,0.9988716
CRB1,0.489167
CRB2,1
CRCP,1
CREB1,1
CREB3L2,0.7349088
CREG1,1
CREG2,0.5568658
CRELD1,1
CRELD2,1
CRHR1,1
CRHR2,1
CRIM1,1
CRIP1,1
CRIP2,1
CRIP3,1
CRISP1,1
CRISPLD1,0.390059
CRISPLD2,1
CRLF3,1
CRMP1,1
CRNN,0.8892088
CRTC1,1
CRX,1
CRY1,1
CRYAA,1
CRYAB,1
CRYBA1,1
CRYBA2,1
CRYBA4,1
CRYBB1,1
CRYBB3,1
CRYBG1,1
CRYBG2,0.9241853
CRYBG3,0.7000768
CRYGA,1
CRYGB,1
CRYGC,1
CRYGD,1
CRYGS,0.9980456
CRYL1,1
CRYZL1,1
CSDC2,1
CSDE1,1
CSF2RA,0.9509885
CSF3,1
CSGALNACT2,0.9988716
CSPG4,0.01774105
CSRP1,1
CSRP2,1
CST11,0.9980456
CST2,1
CST3,1
CST4,1
CST5,0.03627398
CSTA,1
CSTF1,1
CSTF3,0.9988716
CTAG1A,0.4593484
CTBP1,0.9988716
CTBS,0.4444915
CTCFL,0.97792
CTIF,1
CTNNA3,1
CTNNAL1,1
CTNNBL1,1
CTNND1,0.9901633
CTNND2,1
CTPS1,1
CTPS2,1
CTSB,0.9988716
CTSC,1
CTSE,1
CTSF,1
CTSH,1
CTSO,1
CTSS,1
CTSV,1
CTSW,1
CTSZ,1
CTTNBP2NL,1
CUBN,0.9662906
CUEDC1,1
CUEDC2,0.9974769
CUTC,1
CUX1,1
CUX2,1
CUZD1,1
CWF19L1,0.09891827
CWF19L2,0.9988716
CX3CR1,1
CXCL10,1
CXCL11,1
CXCR3,1
CXCR4,1
CXCR5,1
CXorf30,0.9988716
CXorf57,0.9972361
CXXC1,1
CYB5A,1
CYB5B,1
CYB5D1,1
CYB5D2,0.9980456
CYB5R1,1
CYB5R2,0.8756597
CYB5R3,0.1292739
CYB5R4,1
CYB5RL,1
CYBB,1
CYFIP1,1
CYFIP2,1
CYHR1,1
CYP11B2,1
CYP26B1,1
CYP26C1,0.9984042
CYP27C1,1
CYP2A7,0.1547318
CYP2C18,1
CYP2F1,0.1184434
CYP2S1,1.28E-05
CYP46A1,1
CYSLTR1,1
CYTH2,1
CYTH3,0.9988716
CYTH4,0.9977432
CYTIP,1
DAB1,0.991044
DAB2IP,0.9968085
DAND5,0.2301232
DARS,1
DAW1,1
DBF4B,0.9964318
DBF4,0.9968085
DBH,1
DBI,5.50E-15
DBN1,1
DBR1,1
DBT,0.4450155
DCAF10,1
DCAF11,1
DCAF12L1,1
DCAF13,0.09097839
DCAF4,1
DCAF4L1,0.9968085
DCAF4L2,1
DCAF5,0.9988716
DCAF6,1
DCAF7,1
DCAF8,1
DCAF8L2,1
DCBLD1,1
DCDC1,1
DCDC2B,1
DCDC2C,1
DCDC2,1
DCHS1,1
DCHS2,0.1031234
DCK,0.4688267
DCLRE1A,1
DCLRE1B,1
DCLRE1C,1
DCP1B,1
DCPS,1
DCTD,1
DCTN1,8.14E-05
DCTN6,1
DCUN1D3,1
DCUN1D5,1
DCX,1
DDB2,1
DDN,1
DDRGK1,1
DDT,1
DDTL,1
DDX11,0.8894303
DDX58,1
DDX60,1
DDX60L,0.5348673
DEAF1,1
DEDD2,0.9933245
DENND1A,0.8434685
DENND1C,0.6082767
DENND2A,0.8362572
DENND2C,1
DENND2D,1
DENND4A,0.0083343
DENND4B,0.9988716
DENND4C,0.9988716
DENND5B,0.9980456
DENND6A,1
DENR,0.9984042
DEPDC1B,0.6214449
DEPDC1,1
DEPDC7,0.9980456
DEPTOR,1
DERA,0.2651506
DERL1,1
DERL2,1
DERL3,1
DESI1,1
DFFA,0.4366008
DGAT2L6,0.2508176
DGCR8,0.9988716
DGKB,1
DGKE,1
DGKG,0.8101366
DGKH,1
DGKQ,0.9138856
DGUOK,1
DHCR24,1
DHDH,0.9988716
DHTKD1,0.6644776
DHX36,1
DHX37,1
DHX38,1
DHX57,0.9652137
DIMT1,1
DIRAS1,1
DIRAS2,1
DISC1,1
DISP1,1
DISP2,1
DISP3,1
DIXDC1,0.7351292
DKC1,1
DKK1,0.9149931
DKK2,0.4218808
DKK3,0.1077132
DLC1,0.7349288
DLG4,0.9868415
DLG5,0.8026864
DLK1,1
DLK2,0.557091
DLL3,1
DLL4,1
DLST,1
DLX1,1
DLX2,0.5848721
DMAC2,1
DMC1,1
DMGDH,1
DMRT1,0.9980456
DMRTA1,1
DMRTB1,0.6578433
DMRTC2,1
DMTF1,1
DMWD,1
DMXL1,1
DMXL2,1
DNA2,0.6765145
DNAAF2,1
DNAAF5,1
DNAH10,0.589693
DNAH11,0.2223928
DNAH14,1
DNAH1,1
DNAH2,1
DNAH5,1
DNAH6,0.9873849
DNAH7,1
DNAH8,0.5685837
DNAI1,1
DNAI2,1
DNAJB2,1
DNAJC11,1
DNAJC17,1
DNAJC24,1
DNAJC25,0.9945885
DNAJC28,1
DNAJC4,1
DNAJC5B,1
DNAJC5G,0.2151404
DNAJC5,1
DNAJC6,1
DNAJC9,1
DNER,1
DNHD1,1
DNM2,1
DNMT1,1
DNPH1,1
DOC2A,1
DOCK10,1
DOCK11,1
DOCK6,1
DOCK7,0.9926008
DOHH,0.9729947
DOK3,1
DOK5,1
DOK6,1
DOLPP1,1
DPF1,1
DPF2,1
DPF3,1
DPH5,1
DPH6,1
DPH7,0.221925
DPP10,1
DPP3,0.9787422
DPP7,1
DPYD,1
DPYS,1
DPYSL2,1
DPYSL3,1
DPYSL4,3.11E-05
DPYSL5,0.9988716
DQX1,1
DRAP1,1
DRC1,0.4827662
DRD1,1
DRD2,1
DRD4,0.9941368
DRG2,1
DSC1,1
DSC2,1
DSC3,1
DSE,0.7816651
DSG1,0.8273434
DSG2,0.9948292
DSG4,0.9988716
DTD1,1
DTHD1,1
DTL,0.840343
DTNA,1
DUS1L,1
DUS4L,1
DYNC1I1,1
DYNC1I2,1
DYNC1LI2,1
DYNLRB1,1
DYNLRB2,1
DYNLT1,1
DYNLT3,1
DZIP1L,1
DZIP3,0.8537281
E2F2,1
E2F6,1
E2F7,1
E2F8,0.9093561
EBF1,1
EBF3,1
EBF4,1
ECE1,1
ECE2,0.6827937
ECEL1,1
ECH1,1
ECHDC1,1
ECHDC2,1
ECHDC3,1
ECHS1,1
ECI1,1
ECI2,1
ECM2,1
ECSIT,0.9377262
ECT2L,0.8472697
EDA2R,0.1795547
EDA,1
EDARADD,1
EDC3,0.9980456
EDC4,1
EDDM3B,1
EDF1,0.9988716
EDNRA,1
EDNRB,1
EEA1,1
EED,1
EEF1AKMT2,1
EEF1AKMT3,1
EEF1E1,0.9988716
EEF2KMT,1
EEFSEC,1
EFCAB11,1
EFCAB12,0.6300374
EFCAB13,0.3164178
EFCAB14,1
EFCAB1,1
EFCAB2,1
EFCAB3,1
EFCAB5,0.7336042
EFCAB8,0.441798
EFCAB9,1
EFEMP1,1
EFEMP2,0.2875221
EFHB,0.9101464
EFHD1,1
EFL1,1
EFNA5,1
EGF,0.9165536
EGFLAM,0.7751863
EGLN1,1
EGLN2,1
EGLN3,1
EGR2,1
EGR4,1
EHBP1,0.9672279
EHBP1L1,0.000870875
EHD1,1
EHD2,1
EHD3,1
EHD4,1
EHHADH,1
EIF1AD,1
EIF1B,1
EIF1,0.9977432
EIF2A,0.3960442
EIF2B1,1
EIF2B2,1
EIF2B3,1
EIF2B4,1
EIF2B5,0.2344024
EIF2S1,1
EIF2S2,1
EIF2S3,1
EIF2S3L,0.945622
EIF3A,1
EIF3C,1
EIF3CL,0.9988716
EIF3E,1
EIF3I,1
EIF3M,1
EIF4E1B,1
EIF4E2,1
EIF4E3,1
EIF4E,1
EIF4G1,0.9988716
EIF5A2,1
EIF5A,0.5397237
EIF5B,0.9847365
EIF5,1
EIF6,1
EIPR1,1
ELAC1,1
ELF1,1
ELF2,1
ELF3,1
ELF5,0.5433391
ELK1,1
ELL2,1
ELL3,1
ELL,1
ELMO1,1
ELMO2,0.9897203
ELMO3,0.7210719
ELMSAN1,1
ELP2,1
ELP4,0.8321917
ELP6,1
ELSPBP1,1
EMC1,1
EMG1,0.000792401
EMILIN1,1
EMILIN2,0.08204918
EML2,1
EML3,0.9964318
EML4,0.846892
EMSY,0.9954865
EMX1,1
EN1,1
EN2,0.9984042
ENDOV,1
ENG,1
ENO2,1
ENO3,1
ENO4,0.7362456
ENOPH1,1
ENPP1,1
ENPP3,0.9968085
ENPP7,1
ENTHD1,1
ENTPD2,1
ENY2,1
EPB42,0.6172357
EPGN,1
EPHX1,0.501399
EPHX2,1
EPM2AIP1,0.2575145
EPN2,0.008134642
EPN3,1
EPPK1,0.9953476
EPS15L1,1
EPS8,1
EPYC,1
ERAL1,1
ERAP1,1
ERAP2,1
ERCC1,0.02278435
ERCC2,1
ERCC4,0.9960912
ERCC5,0.9948292
ERCC6L,1
ERCC8,1
ERFE,0.9670152
ERH,1
ERI3,0.9980456
ERLIN1,1
ERLIN2,0.9988716
ERP27,1
ERP29,1
ERRFI1,0.9962576
ESRP2,0.8980439
ESYT1,1
ESYT2,0.9954865
ESYT3,1
ETFA,1
ETFB,1
ETFBKMT,0.2541705
ETFDH,1
ETHE1,1
ETNK1,1
ETNK2,0.9886043
ETV2,1
ETV3,0.816796
ETV3L,1
ETV6,0.9988716
EVA1C,0.6031601
EXO5,0.7884181
EXOC1,1
EXOC2,1
EXOC3,0.9947075
EXOC3L1,1
EXOC3L2,1
EXOC8,1
EXOSC10,0.9959316
EXOSC1,1
EXOSC2,1
EXOSC3,0.6518338
EXOSC5,1
EXOSC6,0.9966149
EXOSC7,0.9948292
EXOSC8,1
EXOSC9,0.2002536
EXPH5,1
EXT1,1
EXTL1,1
EXTL3,1
EYA1,0.9041602
EYA3,1
EYA4,0.6480622
EYS,0.7842698
EZH1,1
EZH2,0.9988716
F11,1
F13A1,1
F2RL2,1
F2RL3,1
FA2H,1
FAAP24,1
FABP12,0.2518508
FABP1,1
FABP3,0.9984042
FABP4,1
FABP9,1
FADD,1
FADS1,1
FADS2,1
FADS3,0.9966149
FAHD2A,0.4104365
FAIM,1
FAM105A,1
FAM109B,0.4653224
FAM111A,0.5742458
FAM111B,1
FAM120A,1
FAM120B,0.8364349
FAM120C,1
FAM129A,1
FAM129B,0.4228835
FAM129C,0.9060207
FAM135B,1
FAM169B,1
FAM173A,0.5171537
FAM173B,1
FAM187B,0.2223282
FAM208A,0.9697087
FAM213A,1
FAM213B,1
FAM3B,1
FAM43A,1
FAM43B,1
FAM83A,1
FAM83B,0.91293
FAM83C,1
FAM83D,1
FAM83E,1
FAM83G,1
FAM83H,1
FAM86B1,0.6033438
FAM86B2,0.6033438
FAM92B,0.2167683
FANCI,1
FANCL,1
FARP1,0.9980456
FARS2,0.9926008
FARSA,1
FARSB,0.9931364
FAS,0.9974769
FAT1,1
FAT3,1
FAXC,1
FBL,1
FBLL1,1
FBLN1,0.9988716
FBLN2,0.9984042
FBN1,1
FBN2,1
FBN3,1
FBP1,1
FBXL12,1
FBXL13,1
FBXL15,1
FBXL16,1
FBXL17,0.865339
FBXL18,0.4706626
FBXL19,0.9937175
FBXL20,0.995778
FBXL22,1
FBXL2,0.9921825
FBXL3,1
FBXL4,1
FBXL5,0.9307675
FBXL6,0.624841
FBXL7,1
FBXL8,0.9522486
FBXO17,1
FBXO18,0.5950139
FBXO24,0.6569319
FBXO25,0.9984042
FBXO27,1
FBXO2,1
FBXO30,1
FBXO31,0.1924397
FBXO32,1
FBXO39,1
FBXO41,1
FBXO44,0.9968085
FBXO48,0.4708221
FBXO4,1
FBXO9,1
FBXW10,1
FBXW12,1
FBXW2,1
FBXW4,0.9988716
FBXW8,1
FBXW9,1
FCGBP,1.83E-10
FCGR3B,0.3013302
FCHO1,0.9970146
FCRL6,1
FDX1,1
FDX2,1
FDXR,0.7542552
FER1L5,0.7943246
FER1L6,0.000583852
FETUB,1
FEZF1,1
FFAR2,1
FFAR3,0.488483
FFAR4,1
FGD1,0.9988716
FGD2,0.9165687
FGD3,0.9964318
FGD4,1
FGD5,0.9900347
FGD6,1
FGF14,1
FGF19,1
FGF1,0.9980456
FGF23,0.507445
FGF9,1
FGFR1OP,1
FGL2,1
FHDC1,0.9950815
FHIT,0.9026073
FHL5,1
FHOD1,1
FICD,1
FIG4,0.2635017
FIGN,1
FIS1,0.9984042
FJX1,1
FKBP14,0.9984042
FKBP2,1
FKBP3,1
FKBP6,0.9974769
FKBP7,1
FKBP9,1
FLCN,0.03475597
FLG2,1
FLG,0.02325639
FLI1,1
FLII,1
FLOT1,1
FLOT2,1
FLRT1,1
FLRT2,1
FLRT3,1
FLYWCH1,1
FMN1,0.008071415
FMN2,1
FMOD,1
FN3K,1
FN3KRP,0.2934122
FNDC3A,1
FNDC4,1
FNTB,0.9980456
FOPNL,1
FOSB,0.9826669
FOS,0.4459746
FOXC1,0.9974769
FOXC2,0.08087547
FOXD2,0.8293707
FOXD3,1
FOXE3,1
FOXG1,1
FOXI1,1
FOXJ2,0.2423359
FOXJ3,1
FOXM1,1
FOXN1,0.3883985
FOXN2,1
FOXN3,0.9926008
FOXO4,1
FOXO6,1
FOXP2,0.7040099
FOXP3,0.4737879
FOXP4,1
FOXR2,0.6315802
FOXRED1,1
FOXRED2,1
FPGS,1
FPGT,1
FPR2,0.9952127
FPR3,1
FRAS1,0.1610147
FREM2,0.573091
FREM3,1
FRG1,1
FRRS1,1
FRRS1L,0.000710244
FRS3,1
FRZB,0.9980456
FSCN1,1
FSCN3,0.2805871
FSD1,1
FSD1L,1
FSD2,0.8842571
FST,1
FSTL1,1
FSTL3,1
FSTL5,1
FTCD,1
FTCDNL1,0.9315959
FTSJ3,1
FUCA2,0.9988716
FUOM,1
FURIN,0.9984042
FUT10,1
FUT2,1
FUT3,1
FXN,0.04318371
FXYD1,1
FYCO1,0.4359922
FZD10,1
FZD1,1
FZD2,1
FZD3,1
FZD4,1
FZD5,1
FZD6,1
FZD7,1
FZD8,1
FZD9,0.9988716
FZR1,1
G2E3,1
G3BP2,1
G6PC2,0.7249768
G6PD,1
GABARAPL1,1
GABBR2,1
GABRA2,1
GABRA6,1
GADD45A,1
GADD45G,0.5704429
GAL3ST1,1
GAL3ST4,1
GALK1,1
GALM,1
GALNS,0.04092258
GALNT10,1
GALNT12,1
GALNT13,1
GALNT14,1
GALNT15,0.3745698
GALNT16,0.9984042
GALNT18,1
GALNT2,1
GALNT3,1
GALNT6,1
GALNT7,1
GALNT8,0.8443947
GALNT9,1
GALNTL6,1
GALR1,1
GALR2,0.9643829
GALR3,0.9949538
GALT,0.9980456
GANC,1
GAPDHS,1
GAPVD1,1
GAREM1,1
GAREM2,1
GARNL3,1
GAS2L1,0.1481603
GAS2L2,0.7100911
GAS2L3,1
GATA1,1
GATA4,1
GATA5,0.9953476
GATB,1
GATD1,1
GATS,0.6367424
GATSL1,1
GBA2,0.799301
GBA,0.5446978
GBE1,1
GBP5,0.00279373
GBX1,1
GCA,1
GCC2,1
GCDH,1
GCGR,1
GC,1
GCK,1
GCKR,1
GCLC,1
GCM2,1
GCN1,1
GDA,1
GDAP1,1
GDAP1L1,1
GDAP2,1
GDF10,1
GDF11,1
GDF15,1
GDF1,1
GDF2,0.9970146
GDF3,1
GDF5,1
GDF6,1
GDF7,1
GDF9,1
GDI1,1
GDI2,1
GDNF,1
GDPD2,0.9953476
GDPD3,0.4654195
GDPD4,4.26E-07
GDPD5,0.8211842
GDPGP1,0.8053082
GEMIN2,1
GEMIN5,1
GEMIN6,1
GEN1,0.8269758
GFM1,1
GFM2,1
GFOD1,1
GFOD2,1
GFPT1,1
GFRA2,1
GFRA3,0.003686933
GFRA4,1
GFRAL,0.2595747
GGH,1
GGT1,0.954218
GGT2,0.954218
GGT5,1
GGT6,0.3485673
GGT7,1
GGTLC1,1
GGTLC3,0.8841866
GH2,1
GHRHR,1
GHSR,1
GIF,1
GIGYF1,1
GIGYF2,1
GIMAP2,1
GIMAP5,0.98883
GIMAP7,1
GIMAP8,1
GINS3,1
GIPC3,1
GIPR,0.7290171
GJA10,1
GJA1,0.9988716
GJA8,0.5170578
GJB1,0.9956298
GJB2,1
GJB5,1
GJB6,1
GJB7,1
GJC1,0.2985629
GJC3,0.4116369
GJD2,1
GJD3,1
GJD4,0.2398601
GKN1,1
GKN2,1
GLA,1
GLB1,0.9988716
GLB1L,1
GLDC,1
GLI4,0.5446496
GLIPR1,1
GLIPR1L1,1
GLIPR1L2,0.893379
GLIPR2,1
GLO1,1
GLP1R,0.7285794
GLP2R,1
GLRX2,1
GLT1D1,1
GLTPD2,0.9271138
GLTP,1
GLUD1,0.9526225
GLYAT,1
GLYATL1,1
GLYR1,0.9988716
GM2A,1
GMEB1,1
GMEB2,1
GMFB,1
GML,0.9947075
GMPR,1
GMPS,1
GNA15,1
GNB1L,1
GNB5,1
GNE,1
GNL1,0.6254599
GNL2,1
GNL3,1
GNLY,1
GNMT,1
GNPDA2,1
GNRHR,1
GOPC,1
GORASP1,1
GORASP2,1
GOSR2,0.1610687
GOT1L1,1
GOT2,1
GPAA1,0.8928552
GPAT3,1
GPBAR1,1
GPC3,0.8820073
GPCPD1,1
GPD2,1
GPER1,1
GPHB5,1
GPHN,1
GPLD1,1
GPN1,0.9909732
GPNMB,1
GPR101,1
GPR119,1
GPR132,0.9587284
GPR135,0.9337989
GPR139,0.9922643
GPR142,1
GPR146,1
GPR151,1
GPR152,1
GPR153,0.01077092
GPR155,0.9728303
GPR15,1
GPR160,0.4079641
GPR161,1
GPR162,1
GPR171,1
GPR173,1
GPR174,0.2391587
GPR176,1
GPR179,0.9708427
GPR182,0.9984042
GPR183,1
GPR19,0.4074162
GPR1,1
GPR20,0.4429199
GPR21,1
GPR26,1
GPR27,0.9980456
GPR31,1
GPR32,1
GPR33,1
GPR34,0.9972361
GPR35,0.995778
GPR37,1
GPR37L1,1
GPR3,1
GPR42,0.4628184
GPR4,1
GPR50,0.427596
GPR52,1
GPR55,1
GPR61,1
GPR62,1
GPR63,1
GPR65,0.8081888
GPR6,1
GPR75,1
GPR82,1
GPR84,0.6646049
GPR85,1
GPR87,1
GPR88,1
GPR98,0.9966149
GPRC5C,0.4802198
GPS1,1
GPSM1,1
GPSM3,1
GPT2,1
GPT,1
GRB10,0.9947075
GRB14,1
GRB7,1
GREM1,1
GREM2,1
GRHPR,1
GRIA2,0.04801257
GRIA3,1
GRIA4,0.9988716
GRID1,0.9528779
GRID2IP,1
GRIFIN,0.9506014
GRIK1,1
GRIK2,1
GRIK3,1
GRIK4,0.9974769
GRIN2B,1
GRIN2C,1
GRIN2D,1
GRIP1,0.9802312
GRIP2,0.09545902
GRM8,1
GRN,1
GRPEL2,0.9988716
GRPR,1
GRWD1,0.2820108
GRXCR1,1
GSC2,1
GSG2,0.4125994
GSN,1
GSPT1,1
GSTCD,1
GSTK1,1
GSTM1,1
GSTM3,0.4611896
GSTM4,0.3212108
GSTO2,1
GSTT2B,1
GSTT2,1
GSTZ1,0.6925843
GSX1,1
GSX2,1
GTDC1,1
GTF2E1,0.1443652
GTF2E2,0.9984042
GTF2F2,1
GTF2H1,0.4346101
GTF2H4,1
GTF2H5,1
GTF2IRD2B,1
GTF3C2,1
GTPBP10,0.7698864
GTPBP2,1
GTPBP4,1
GTPBP6,1
GTPBP8,1
GUCA1A,1
GUCA1B,1
GUCA1C,0.2526603
GUCY1A2,1
GUCY1A3,1
GUCY1B3,1
GUF1,1
GUK1,0.01822957
GULP1,1
GXYLT2,0.9954865
GYS2,1
H1F0,1
H1FNT,0.7088663
H1FOO,1
H6PD,1
HAAO,0.1172938
HACD3,1
HACL1,1
HADHA,1
HADH,1
HAGH,1
HAGHL,1
HAL,1
HAP1,1
HAPLN3,1
HAT1,0.03643873
HBS1L,1
HCAR2,0.02011127
HCAR3,1
HCN1,1
HCN2,1
HCN3,1
HCN4,0.9820181
HCRTR1,1
HCRTR2,1
HDAC10,0.6384797
HDAC11,1
HDAC4,1
HDAC5,1
HDAC7,0.9988716
HDAC8,1
HDDC3,1
HDGFL3,1
HDHD2,1
HDHD5,0.7787118
HEATR4,1
HEATR5B,0.9887731
HEATR6,0.9988716
HEATR9,0.2485091
HEBP2,0.4014034
HECTD4,1
HECW1,1
HECW2,1
HELB,1
HELLS,1
HELZ2,1
HELZ,1
HEMK1,1
HENMT1,1
HEPH,0.8180242
HEPHL1,0.9980456
HERC1,0.7949914
HERC3,1
HERC4,0.9337797
HERC5,1
HES2,0.9977432
HES3,1
HES7,1
HEXDC,0.3914259
HHIP,1
HHIPL1,1
HHIPL2,0.7135509
HIBADH,1
HIBCH,1
HIF3A,0.9988716
HIGD1B,1
HINFP,1
HINT2,1
HINT3,1
HIRA,1
HIST1H1B,1
HIST1H1D,0.8753779
HIST1H1E,1
HIST1H1T,0.06220204
HK2,1
HK3,0.9984042
HKDC1,1
HLCS,0.8168262
HMBOX1,1
HMGB2,1
HMGB4,0.7878367
HMGCR,1
HMGXB3,1
HMX2,1
HNF1A,1
HNF1B,1
HNMT,1
HNRNPLL,1
HNRNPUL1,1
HOGA1,1
HOMER3,1
HOOK1,1
HOOK2,0.6369706
HOOK3,0.9752053
HOPX,1
HORMAD1,1
HORMAD2,1
HOXA11,1
HOXA4,0.832793
HOXB3,1
HOXB4,0.5275461
HOXC11,1
HOXC12,0.3496145
HOXC13,1
HOXC9,1
HOXD10,1
HOXD11,1
HOXD12,0.9966149
HOXD9,1
HP1BP3,1
HPCA,0.9956298
HPCAL1,0.9988716
HPD,1
HPGDS,1
HPR,0.000246007
HPRT1,1
HPX,1
HRASLS2,1
HRASLS,0.6273803
HRG,0.9980456
HR,1
HRH1,1
HRH2,1
HRH3,1
HRH4,0.2100064
HRNR,0.008334672
HS1BP3,1
HS3ST6,0.2348119
HSD17B4,0.9964318
HSF1,1
HSF2,1
HSF4,0.4476064
HSFX1,1
HSP90B1,1
HSPA12A,1
HSPA12B,1
HSPA13,1
HSPA1L,1
HSPA4L,1
HSPA6,1
HSPB11,1
HSPB1,1
HSPB2,1
HSPB3,1
HSPB6,0.002353211
HSPB8,1
HSPB9,0.467935
HSPBP1,1
HSPD1,0.7971743
HSPH1,1
HTATIP2,1
HTD2,1
HTR1A,1
HTR1B,1
HTR1E,1
HTR1F,1
HTR2A,1
HTR2B,1
HTR2C,0.7053638
HTR3B,1
HTR3C,1
HTR3D,1
HTR4,1
HTR6,0.9708427
HTR7,1
HUS1B,0.01456436
HUS1,0.06079636
HUWE1,1
HVCN1,0.291494
HYAL1,1
IAH1,0.9984042
IARS2,1
IARS,1
IBA57,1
ICMT,1
ID4,0.9934205
IDE,1
IDH1,1
IDH2,1
IDNK,1
IDUA,1
IFI16,0.0477222
IFI27L1,0.2857927
IFI44,1
IFI44L,0.8819754
IFIT2,0.7570251
IFIT5,1
IFNAR1,1
IFNAR2,1
IFNB1,1
IFNGR2,1
IFNK,1
IFNL1,1
IFNL3,1
IFNLR1,0.7698629
IFT140,1
IFT172,0.9977432
IFT27,0.9970146
IFT57,0.8274041
IFT80,0.9900347
IGF2R,0.9984042
IGFALS,1
IGFBP2,1
IGFBP4,1
IGFBP6,1
IGFLR1,0.4015345
IGHMBP2,1
IGSF23,1
IKBKG,0.9874354
IKZF2,0.4357072
IKZF3,1
IL10,0.9972361
IL11RA,1
IL12A,1
IL12RB1,1
IL12RB2,1
IL13RA1,1
IL15,1
IL15RA,0.07312635
IL16,1
IL17C,1
IL17D,0.9966149
IL18,1
IL18R1,1
IL19,1
IL1A,1
IL1RL1,1
IL1RL2,1
IL21R,1
IL22RA1,0.9959316
IL25,0.489818
IL2RB,1
IL2RG,0.7782564
IL33,1
IL36A,1
IL36B,0.3577961
IL36RN,1
IL37,1
IL3,0.2399663
IL3RA,1
IL4,1
IL4R,1
IL5,0.9988716
IL5RA,1
IL6R,1
IL7,1
IL9R,1
ILF2,1
IMP3,0.9932298
IMP4,1
IMPA1,0.9988716
IMPA2,1
IMPACT,0.4316023
IMPAD1,1
IMPDH2,1
IMPG1,0.424981
INHA,0.2255765
INHBA,1
INHBB,1
INHBC,1
INHBE,1
INO80B,1
INPP1,1
INPP4A,1
INPP4B,0.9988716
INPP5B,1
INPP5J,1
INPP5K,0.9970146
INSL3,0.000914017
INSL5,1
INTS11,1
INTS12,1
INTS4,1
INTS7,1
INTU,0.9977432
IP6K1,0.2975363
IP6K2,1
IPO11,1
IPO13,0.9984042
IPO4,1
IPO5,0.9934205
IPO7,0.9953476
IPO8,1
IPO9,1
IQCA1L,1
IQCB1,0.1699525
IQGAP1,1
IQGAP2,0.9980456
IQGAP3,0.9251514
IQSEC1,1
IQSEC2,0.9698771
IQSEC3,1
IRF2BP1,1
IRF4,0.4854901
IRF6,1
IRGM,1
IRGQ,0.02967182
IRX1,0.9988716
IRX3,0.008549888
IRX6,0.4509862
ISCA2,0.4224145
ISLR2,1
ISLR,1
ISM1,1
ISM2,1
ISOC1,1
ISOC2,1
ISPD,1
IST1,1
ISYNA1,1
ITFG1,0.9897203
ITGA3,1
ITGA5,1
ITGA6,1
ITGA8,1
ITGAV,1
ITGB1BP1,1
ITGB1BP2,1
ITGB8,1
ITIH6,0.4743426
ITLN2,1
ITM2A,1
ITPA,1
ITPR2,1
ITPRIP,1
IVD,0.9959316
IWS1,1
JADE1,1
JADE2,1
JADE3,1
JARID2,1
JMJD6,1
JMJD7,1
JOSD2,1
JPH3,1
JRK,0.8897034
JRKL,0.7198004
JUP,1
KANSL3,1
KARS,1
KAT14,0.9148966
KAT6B,0.9943582
KAT7,1
KAT8,1
KATNB1,1
KAZN,1
KCNAB3,0.9988716
KCNE2,1
KCNH2,1
KCNH3,0.2396142
KCNH4,1
KCNH5,1
KCNH6,1
KCNH7,1
KCNH8,1
KCNIP1,1
KCNIP2,0.9954865
KCNIP3,0.5294516
KCNIP4,1
KCNJ10,1
KCNJ11,1
KCNJ12,1
KCNJ14,1
KCNJ15,1
KCNJ18,0.4362116
KCNJ1,1
KCNJ2,1
KCNJ3,1
KCNJ4,1
KCNJ5,1
KCNJ6,1
KCNJ8,0.9984042
KCNJ9,1
KCNK12,1
KCNK13,1
KCNK16,0.7828934
KCNK17,1
KCNK2,0.9980456
KCNK3,1
KCNK4,1
KCNK5,0.001261143
KCNK6,0.4604947
KCNK7,1
KCNK9,1
KCNMA1,1
KCNN1,1
KCNN2,0.9947075
KCNN3,1
KCNN4,0.3310879
KCNQ1,1
KCNQ3,1
KCNQ4,0.9988716
KCNQ5,0.9977432
KCNT1,0.9988716
KCNU1,1
KCNV1,1
KCTD11,1
KDELC1,1
KDM1B,1
KDM2A,1
KDM2B,1
KDM3B,0.8584937
KDM4B,1
KDM5B,1
KDM5C,0.8626174
KDM7A,0.429377
KDM8,1
KERA,1
KHDC1L,1
KHDC3L,1
KHDRBS3,1
KHK,1
KIAA0141,0.8379633
KIAA0319L,1
KIAA0907,1
KIAA1324,1
KIAA1456,1
KIAA1524,0.9956298
KIF11,0.5810427
KIF13A,1
KIF13B,1
KIF16B,1
KIF17,1
KIF18B,0.6056501
KIF1A,1
KIF1B,1
KIF1BP,1
KIF1C,0.01890889
KIF20A,1
KIF21A,0.9988716
KIF21B,1
KIF23,1
KIF24,0.6037507
KIF26B,1
KIF3C,1
KIF4A,0.9984042
KIF4B,0.4981273
KIF5A,0.9988716
KIF5B,1
KIF5C,1
KIFC2,1
KIFC3,1
KIRREL2,0.9067484
KITLG,1
KLC1,1
KLC2,1
KLC3,1
KLC4,1
KLF10,0.2386163
KLF14,1
KLF15,1
KLF8,1
KLHDC7A,0.4592885
KLHDC7B,0.4894196
KLHDC9,1
KLK15,1
KLK8,0.9988716
KLK9,1
KMO,0.2923625
KMT2C,1
KMT5A,0.4048011
KMT5C,1
KNDC1,1
KNG1,0.7417368
KPNA1,1
KPNA3,0.9943582
KPNA4,1
KPNA6,1
KPNA7,1
KPNB1,0.9984042
KREMEN1,1
KREMEN2,0.248917
KTI12,1
KYAT1,1
KYAT3,0.6326368
KY,0.9972361
KYNU,0.9974769
L1TD1,1
L3MBTL1,1
L3MBTL2,1
LACTB2,1
LAG3,0.2145223
LAMA1,1
LAMA3,1
LAMA4,1
LAMA5,1
LAMB1,1
LAMB3,0.8034245
LAMB4,0.9653236
LAMC1,0.7882403
LAMC2,0.7584508
LAMC3,1
LAMP2,0.993617
LAMP3,1
LAMP5,1
LAMTOR3,1
LAMTOR4,1
LAMTOR5,1
LANCL2,1
LARGE2,1
LARP1,0.9988716
LARP4B,0.9013025
LARP4,0.864447
LARP6,0.9984042
LARS2,1
LARS,1
LAYN,0.968173
LBR,1
LBX1,0.5477009
LBX2,1
LCA5,0.4412483
LCHN,1
LCMT1,1
LCN12,1
LCN6,0.4546215
LCN9,1
LCNL1,1
LCP1,1
LCT,0.5735867
LDAH,0.9941368
LDHA,1
LDHAL6A,1
LDHAL6B,1
LDHB,1
LDHC,1
LDLRAD3,1
LDLRAP1,1
LDLR,0.9988716
LECT2,1
LEF1,1
LEP,0.1295609
LETM1,0.9895361
LETM2,0.1806822
LEUTX,1
LGALS12,0.9849888
LGALS13,1
LGALS14,1
LGALS16,1
LGALS2,1
LGALS3,1
LGALS4,1
LGALS8,1
LGALS9B,1
LGALS9C,0.5084149
LGALS9,1
LGALSL,1
LGI2,1
LGI3,0.6593961
LGI4,0.9988716
LGR4,0.9988716
LGR5,1
LGR6,1
LGSN,1
LHCGR,1
LHPP,1
LHX2,1
LHX3,1
LHX9,0.9988716
LIG1,1
LIMCH1,0.02165356
LIN28A,0.4643062
LIN28B,1
LIN7A,1
LINGO2,1
LIPA,0.9977432
LIPC,1
LIPF,0.03718038
LIPG,0.5027056
LIPH,1
LIPI,1
LIPJ,1
LIPK,1
LIPM,1
LIPN,0.7053107
LLGL2,1
LMAN1,1
LMAN1L,1
LMAN2L,1
LMNA,0.9968085
LMNB1,1
LMNTD2,1
LMO1,1
LMO4,1
LMOD1,1
LMOD3,1
LMX1A,1
LONP1,1
LOX,0.5731454
LOXHD1,0.2926182
LOXL2,0.9988716
LOXL3,0.9815293
LOXL4,1
LPAR1,1
LPAR2,1
LPAR3,1
LPAR4,1
LPAR5,0.003689107
LPAR6,1
LPCAT1,0.2080635
LPGAT1,1
LPIN1,1
LPIN2,1
LRBA,1
LRCH1,0.5330668
LRCH2,0.8830381
LRCH3,1
LRCH4,1
LRFN2,0.9628283
LRFN5,0.8101785
LRG1,1
LRGUK,1
LRIT1,1
LRIT3,1
LRMDA,1
LRP10,1
LRP12,1
LRP1B,1
LRP2BP,1
LRP3,1
LRP5,0.9968085
LRP6,0.2449703
LRP8,1
LRPPRC,1
LRR1,1
LRRC10B,0.0191486
LRRC14B,1
LRRC15,0.7436274
LRRC17,0.6659585
LRRC18,1
LRRC19,0.4561715
LRRC20,0.9988716
LRRC23,1
LRRC26,0.8748164
LRRC29,0.9146815
LRRC2,0.9065322
LRRC30,1
LRRC31,0.6570849
LRRC34,1
LRRC36,0.7530209
LRRC38,1
LRRC3B,1
LRRC3C,1
LRRC40,0.7482682
LRRC41,1
LRRC43,1
LRRC47,0.93529
LRRC4B,0.05034816
LRRC52,1
LRRC53,0.0945031
LRRC55,0.5245633
LRRC56,0.9251261
LRRC57,0.9974769
LRRC61,0.5120577
LRRC66,0.330261
LRRC69,1
LRRC70,0.7612432
LRRC71,1
LRRC72,1
LRRC73,1
LRRC74A,1
LRRC7,1
LRRC8A,1
LRRC8B,0.8391293
LRRC8C,1
LRRC8D,0.8372314
LRRC8E,1
LRRC9,0.514415
LRRD1,1
LRRIQ1,1
LRRIQ3,0.08573018
LRRIQ4,1
LRRN2,1
LRRN4,0.6481709
LRRTM1,1
LRRTM2,0.9977432
LRRTM3,0.9974769
LRRTM4,1
LRSAM1,0.626903
LRTM1,0.7556064
LRTM2,1
LRTOMT,1
LRWD1,1
LSG1,0.5327023
LSM10,1
LSM11,0.4225162
LSM12,1
LSM14A,1
LSM1,1
LSM2,0.9984042
LSM3,1
LSM4,1
LSM8,1
LTB4R2,0.7285404
LTB4R,1
LTBP1,0.8018403
LTBP2,1
LTBP4,0.9968085
LTBR,1
LTC4S,0.9988716
LTF,1
LVRN,1
LY6D,1
LY6E,1
LY6G5B,0.9988716
LY6H,1
LY6K,0.6552735
LY86,1
LY96,0.4419786
LYAR,1
LYL1,1
LYPD3,1
LYPD5,1
LYPD6B,1
LYPD6,1
LYPLA1,1
LYPLAL1,0.4726113
LYSMD1,0.9984042
LYVE1,1
M6PR,1
MAD1L1,1
MAD2L2,0.7683918
MADCAM1,1
MADD,1
MAF1,1
MAFA,1
MAF,1
MAFK,1
MAGEA10,0.5124909
MAGEB10,1
MAGEB17,1
MAGEB18,1
MAGEB3,0.1753237
MAGEB5,1
MAGEB6,0.3330924
MAGEC2,0.117932
MAGEC3,0.4642703
MAGED1,1
MAGEH1,1
MAGEL2,1
MAGI3,1
MAGT1,1
MAK16,1
MALRD1,0.8643963
MALSU1,0.9972361
MAMDC2,1
MAMDC4,1
MAN1A2,1
MAN1B1,1
MAN2A1,0.9977432
MAN2A2,1
MAN2B1,0.7574533
MAN2B2,1
MAN2C1,1
MANBA,1
MANEAL,1
MAOA,1
MAOB,1
MAP1A,1
MAP1B,0.9904256
MAP1LC3A,1
MAP1LC3B2,1
MAP1LC3C,1
MAP1S,0.9917083
MAPKAP1,0.9984042
MAPKBP1,0.9977432
MAPRE2,1
MAPRE3,1
1-Mar,1
2-Mar,0.9964318
10-Mar,0.01375649
11-Mar,1
1-Mar,1
3-Mar,0.9952127
9-Mar,1
MARF1,0.991044
MARS,1
MAS1,1
MAS1L,1
MASP1,1
MAT1A,1
MAT2A,1
MAU2,1
MAZ,1
MBD1,4.44E-07
MBD2,1
MBD3,1
MBD4,1
MBD6,1
MB,1
MBNL2,1
MBTD1,1
MBTPS1,0.2563748
MC2R,0.9977432
MC3R,0.02145145
MC4R,1
MC5R,1
MCAT,1
MCCC1,1
MCCC2,0.7211977
MCC,1
MCF2,1
MCHR1,1
MCM3AP,1
MCM3,0.9988716
MCM4,0.5741803
MCM6,1
MCM8,1
MCM9,1
MCMDC2,0.977351
MCOLN2,1
MCRS1,1
MCTP1,1
MCTP2,1
MCTS1,0.9988716
MDC1,1
MDGA2,0.5895932
MDH1B,1
MDH1,4.17E-09
MDH2,1
MDK,1
MDP1,1
ME3,0.9984042
MECOM,1
MECP2,1
MECR,1
MED15,0.9988716
MED20,1
MED25,1
MEGF10,0.3316168
MEGF11,1
MEGF6,0.3187229
MEGF9,1
MELTF,1
MEN1,0.5327602
MEOX1,0.2991925
MEOX2,1
MEP1A,1
MEP1B,1
MEPCE,0.8305361
MESDC1,0.9970146
MESDC2,1
METAP1D,1
METAP1,1
METTL11B,0.4146439
METTL13,1
METTL15,0.4329032
METTL16,1
METTL17,1
METTL18,1
METTL1,0.2359546
METTL21A,1
METTL21C,1
METTL22,1
METTL24,1
METTL26,1
METTL27,0.2979221
METTL2A,1
METTL3,1
METTL7B,1
METTL9,1
MFHAS1,1
MFNG,1
MFRP,0.9768508
MFSD12,0.780855
MFSD14A,1
MFSD14B,1
MFSD1,1
MFSD2A,1
MFSD3,1
MFSD6,1
MFSD6L,0.9943582
MFSD8,0.3144916
MGA,0.1739866
MGAM2,1
MGAM,0.1739866
MGEA5,0.9988716
MGRN1,1
MGST1,1
MICAL1,0.8273791
MICAL2,1
MICALL1,1
MICU1,1
MICU3,1
MID1IP1,1
MIEN1,7.76E-11
MIER1,1
MIER2,0.9980456
MINDY3,1
MIOS,1
MIP,1
MITF,1
MKI67,1
MKKS,1
MKRN2,0.9949538
MLEC,1
MLH3,1
MLLT1,1
MLLT3,1
MLNR,1
MLST8,1
MLX,1
MLYCD,0.8217564
MMAA,1
MMP11,1
MMP12,1
MMP13,1
MMP14,1
MMP16,1
MMP19,1
MMP1,1
MMP20,1
MMP24,1
MMP25,1
MMP27,0.1202543
MMP2,1
MMP3,1
MMP9,1
MMRN1,0.002586516
MMRN2,1
MNAT1,1
MNDA,1
MNX1,1
MOB1A,1
MOB2,0.8142599
MOB3B,0.9510015
MOB3C,1
MOB4,0.9968085
MOCOS,0.9953476
MOCS1,1.19E-20
MOCS3,1
MOGAT1,1
MOGAT2,1
MOGAT3,1
MORC1,0.8302049
MORC2,0.9977432
MORC3,1
MORC4,1
MORF4L1,1
MORN1,1
MORN4,1
MORN5,1
MOSPD1,0.9988716
MOSPD2,1
MOSPD3,0.134386
MOV10,1
MOV10L1,1
MPDZ,1
MPI,1
MPL,1
MPO,1
MPP2,0.9473055
MPPE1,0.7845367
MRE11,1
MRGPRD,1
MRGPRE,0.995778
MRGPRG,1
MRGPRX1,1
MRGPRX2,0.1290652
MRGPRX3,0.9795664
MRGPRX4,0.5622369
MRI1,1
MRM1,0.4386971
MRM2,0.9596786
MRM3,1
MRO,0.624925
MROH2A,0.000451196
MRPL10,1
MRPL12,0.3189878
MRPL13,0.1897126
MRPL14,1
MRPL15,0.9988716
MRPL17,1
MRPL18,0.9988716
MRPL21,0.2302811
MRPL23,1
MRPL24,1
MRPL27,1
MRPL28,1
MRPL2,0.4557711
MRPL34,1
MRPL35,0.1302119
MRPL38,0.1703776
MRPL39,0.06299508
MRPL46,1
MRPL48,1
MRPL49,1
MRPL50,1
MRPL58,0.290353
MRPL9,1
MRPS10,1
MRPS11,1
MRPS12,1
MRPS17,0.3868881
MRPS18A,0.4313656
MRPS35,1
MRPS5,1
MRPS6,0.9988716
MRPS7,1
MRRF,1
MRS2,0.000364803
MRTO4,1
MSANTD1,1
MSH3,1
MSI1,1
MSI2,1
MSL2,1
MSL3,1
MSR1,1
MSRA,0.4674759
MSRB2,1
MSS51,1
MST1,1
MSTN,0.4171169
MTA3,1
MTCH2,0.9984042
MTF2,1
MTFMT,1
MTG2,1
MTHFD1L,1
MTHFSD,1
MTIF3,0.4235602
MTM1,1
MTMR14,0.9715047
MTMR2,1
MTMR3,1
MTMR4,1
MTMR6,1
MTMR7,1
MT-ND1,1
MT-ND2,1
MT-ND3,1
MT-ND5,0.4109758
MTNR1A,1
MTNR1B,0.6895988
MTO1,1
MTOR,0.9777478
MTRF1,1
MTRF1L,1
MTR,1
MTRR,0.5747447
MTX2,0.9988716
MTX3,1
MUC12,1
MUC16,1
MUC17,1.59E-26
MUC3A,1
MUC4,1
MUC5AC,1
MUC5B,0.9478504
MUC6,0.1896243
MUT,1
MUTYH,1
MVB12B,1
MVK,0.9974769
MX1,1
MX2,1
MYB,0.2469539
MYCBP2,0.8182574
MYCN,1
MYD88,1
MYEF2,1
MYH10,0.993617
MYH13,1
MYH14,1
MYH1,0.9988716
MYH3,1
MYH6,1
MYH7B,1
MYH7,1
MYH8,1
MYL10,1
MYL1,0.9970146
MYL2,1
MYL3,1
MYL4,1
MYL5,0.57699
MYL6B,1
MYL7,1
MYLPF,1
MYO10,1
MYO15A,0.7176681
MYO18A,0.9984042
MYO19,0.9911153
MYO1A,1
MYO1C,1
MYO1F,1
MYO5A,1
MYO5B,0.9977432
MYO5C,1
MYO6,0.3103039
MYO7A,0.6948076
MYO9A,1
MYO9B,1
MYOF,0.002198961
MYPOP,1
MYRF,0.6791909
MYRFL,1
MYSM1,0.7078757
MZF1,0.01626379
N4BP2,0.9904923
N4BP2L1,1
N4BP2L2,1
N4BP3,1
NAA10,1
NAA11,0.3236921
NAA15,1
NAA20,1
NAA25,0.5630633
NAA30,0.4367942
NAA40,1
NAAA,0.4686226
NAALAD2,1
NAALADL1,1
NAALADL2,1
NAB2,1
NABP1,1
NABP2,1
NAE1,1
NAGLU,1
NAGS,1
NAIF1,1
NAIP,0.9054987
NALCN,1
nan,0.995778
NANOGNB,1
NANOS3,1
NANS,1
NAPSA,1
NARS2,1
NARS,1
NAT10,0.9288457
NAT6,0.1304135
NAT8,1
NAT8L,1
NAT9,0.2673262
NAV1,0.9933245
NAV2,0.9968085
NAXD,1
NBAS,1
NBEAL1,0.9918633
NBL1,1
NCALD,1
NCAPG2,1
NCAPG,0.2886156
NCCRP1,1
NCKAP1,0.9823395
NCLN,0.1055234
NCOA1,0.003692387
NCOA2,1
NCOA3,0.9974769
NCOA5,1
NCOA7,0.1137892
NCR3,1
NCS1,1
NCSTN,1
NDC80,1
NDOR1,1
NDP,1
NDRG4,1
NDST2,0.7385898
NDUFA10,1
NDUFA2,1
NDUFAF3,1
NDUFAF5,1
NDUFS1,1
NDUFS3,1
NDUFS4,1
NDUFS7,0.9984042
NDUFV1,1
NDUFV2,1
NECAB2,1
NECAB3,0.5960099
NECAP2,1
NEDD1,1
NEDD4,0.9170093
NEIL1,0.3780068
NEIL2,1
NEIL3,0.2577537
NELFE,1
NELL1,0.6084966
NELL2,1
NET1,1
NETO1,0.4371569
NETO2,1
NEU1,0.9977432
NEU2,1
NEU3,1
NEU4,1
NEURL1,0.9977432
NEURL3,1
NEUROD4,0.9962576
NFE2,1
NFE2L1,0.9988716
NFE2L2,1
NFIC,1
NFX1,1
NFYC,1
NGB,1
NHEJ1,0.08468764
NHLRC2,1
NHLRC3,1
NHP2,1
NIN,1
NIPSNAP1,0.3286429
NIPSNAP2,1
NIPSNAP3A,0.9988716
NIPSNAP3B,0.9584063
NISCH,1
NIT1,1
NKX1-2,1
NKX3-2,1
NLE1,0.9988716
NLGN1,1
NLGN4X,1
NLGN4Y,0.2542213
NLRC3,1
NLRC4,1
NLRC5,1
NLRP10,1
NLRP11,1
NLRP12,1
NLRP13,1
NLRP14,1
NLRP5,1
NLRP9,0.9269143
NLRX1,1
NMBR,0.5071476
NME3,1
NME4,1
NME5,0.2888169
NMRK2,1
NMT2,0.9988716
NMUR1,1
NMUR2,0.2330646
NNMT,0.6598696
NNT,0.01439495
NOA1,1
NOB1,0.727769
NOD1,1
NOD2,0.8712184
NODAL,0.06736329
NOL10,0.9984042
NOL3,1
NOL9,1
NOM1,0.6564196
NOMO1,1
NOMO2,1
NOMO3,1
NOP2,1
NOP56,0.8370718
NOP58,1
NOS1AP,1
NOSIP,1
NOTO,1
NOX1,1
NOX3,1
NOX4,1
NOX5,1
NPAS2,0.9152984
NPAS3,1
NPAS4,1
NPBWR1,1
NPBWR2,0.003630375
NPC1,0.9988716
NPC1L1,1
NPEPL1,1
NPFFR1,1
NPHS2,1
NPM2,0.9988716
NPM3,1
NPSR1,1
NPTX1,1
NPY2R,1
NPY4R,1
NPY5R,1
NQO1,1
NR1D1,0.9949538
NR1D2,1
NR1H3,1
NR2C2AP,0.6829087
NR2E1,1
NR2E3,0.6937516
NR2F2,1
NR5A2,1
NRAP,1
NRDC,1
NRDE2,0.9227878
NRIP3,1
NRROS,1
NRTN,1
NSA2,1
NSD1,0.02658855
NSMAF,1
NSMCE1,1
NSUN2,1
NSUN3,0.5127387
NSUN4,1
NSUN5,2.32E-30
NSUN6,1
NSUN7,0.367147
NT5DC4,0.5524446
NTF3,1
NTF4,0.9977432
NTMT1,1
NTN3,0.9593959
NTN4,1
NTN5,1
NTNG1,1
NUBP1,1
NUBP2,1
NUBPL,1
NUDCD1,1
NUDCD2,1
NUDCD3,1
NUDT19,1
NUDT22,1
NUDT9,1
NUGGC,4.59E-06
NUMB,1
NUMBL,1
NUP210L,1
NUP37,1
NUP43,1
NUP58,1
NUP88,1
NUP98,1
NUTF2,1
NWD1,1
NWD2,1
NXF1,1
NXF5,1
NXPE1,1
NXPE2,0.5115565
NXPE3,0.9798486
NXPH2,1
NXT1,1
NYX,1
OAS1,1
OAS2,0.8886995
OAS3,1
OAZ1,1
OAZ2,1
OAZ3,1
OCEL1,1
OCM,1
OCRL,1
ODF1,0.954903
ODF2,1
OGDH,1
OGDHL,1
OGG1,1
OGN,0.4366804
OLA1,0.9977432
OMD,1
ONECUT1,1
ONECUT2,1
ONECUT3,1
OOSP2,1
OPLAH,0.8219222
OPN1LW,0.4973334
OPN1MW,1
OPN1SW,1
OPN3,1
OPN4,0.9984042
OPN5,0.9968085
OPRM1,1
OPTC,1
OR10A2,1
OR10A5,1
OR10A6,1
OR10AG1,1
OR10C1,0.7863329
OR10G6,1
OR10H4,1
OR10J3,1
OR10J4,2.15E-41
OR10K1,0.3568864
OR10K2,1
OR10P1,1
OR10Q1,0.4845283
OR10S1,0.794843
OR10T2,0.2375242
OR10V1,1
OR10W1,0.04111429
OR10X1,0.6221065
OR10Z1,1
OR11H4,0.1326317
OR13C2,0.4169973
OR13C4,1
OR13C8,0.6730354
OR13F1,0.9988716
OR13H1,0.6364448
OR13J1,1
OR14A16,0.5932146
OR14A2,1
OR14C36,1
OR14I1,0.1233131
OR14J1,1
OR1A1,1
OR1F1,0.9297684
OR1G1,0.3183834
OR1J1,0.8227504
OR1J2,1
OR1J4,1
OR1K1,1
OR1L8,1
OR1M1,0.7740016
OR1N1,0.2524787
OR1N2,1
OR1P1,1
OR1Q1,1
OR2A12,0.3625618
OR2A2,0.2496602
OR2AJ1,0.9988716
OR2AK2,1
OR2AP1,0.5047745
OR2B2,0.3718563
OR2B3,0.04553397
OR2B6,0.08317186
OR2C3,0.079033
OR2D2,1
OR2G2,0.01407972
OR2G3,0.05310124
OR2G6,0.5752968
OR2J2,0.4296261
OR2M4,1
OR2M5,1
OR2T1,1
OR2T34,1
OR2T3,1
OR2T4,0.5494407
OR2T6,0.6346587
OR2V2,1
OR2W1,0.07417681
OR2W3,0.2331343
OR2Y1,0.5668711
OR3A1,1
OR3A2,1
OR3A3,1
OR4A47,1
OR4C11,1
OR4C12,0.1322372
OR4C3,1
OR4C45,1
OR4C46,0.07289712
OR4D10,1
OR4D11,0.6389729
OR4D1,1
OR4D2,1
OR4D5,1
OR4D6,0.0971743
OR4E2,1
OR4F15,0.7308463
OR4F16,0.09919094
OR4F17,0.3822753
OR4F21,0.1544589
OR4F4,0.9797856
OR4F5,1
OR4F6,1
OR4K13,1
OR4K14,0.1394505
OR4K15,1
OR4K1,0.08528884
OR4K5,0.01469049
OR4L1,0.9902936
OR4M1,0.1385572
OR4M2,0.2712517
OR4N2,0.2281589
OR4N4,1
OR4N5,0.3580082
OR4Q2,0.5628637
OR4S1,0.7551575
OR4X2,0.6071622
OR51A7,0.6125849
OR51B4,0.1314814
OR51B6,0.6239837
OR51D1,0.3172312
OR51E1,1
OR51E2,1
OR51H1,0.39383
OR51J1,3.57E-31
OR51S1,1
OR52B6,0.414061
OR52K2,0.8548859
OR52W1,0.892486
OR52Z1,0.8652741
OR56A5,1
OR56B1,0.4658008
OR5A2,1
OR5AC2,0.7687241
OR5AK2,0.3076313
OR5B17,0.09425231
OR5B2,0.1566827
OR5B3,0.02767651
OR5C1,0.2146443
OR5D13,0.3147199
OR5D14,1
OR5D16,1
OR5F1,1
OR5G3,1.38E-25
OR5H15,1
OR5J2,0.3112222
OR5K1,0.008283526
OR5K2,0.7979901
OR5K3,0.6665198
OR5M10,1
OR5M11,0.09297898
OR5M1,1
OR5P3,1
OR5T2,0.4635206
OR5V1,0.5310029
OR5W2,0.9128286
OR6A2,1
OR6C1,0.8907283
OR6C4,1
OR6C68,0.6173978
OR6C74,0.222088
OR6C76,1
OR6J1,1
OR6K2,0.1763216
OR6N1,0.6695167
OR6P1,0.9962576
OR6Q1,0.7235507
OR6V1,1
OR6X1,0.2327711
OR6Y1,0.442171
OR7C1,1
OR7D2,1
OR7G1,1.52E-05
OR8A1,0.7129644
OR8B12,0.04976557
OR8B2,1
OR8B3,0.7845536
OR8B8,1
OR8D1,0.9519702
OR8D2,1
OR8D4,0.800282
OR8H1,0.9865072
OR8H2,0.1050861
OR8I2,1
OR8J2,1
OR8K1,0.7116464
OR8S1,0.2021071
OR8U1,0.007039925
OR8U9,0.2577522
OR9A4,1
OR9G1,0.9717964
OR9G4,0.8170443
OR9I1,0.9980456
OR9Q1,0.4443692
OR9Q2,0.9954865
ORC1,1
ORC5,0.9984042
ORM1,1
ORM2,0.6564944
OS9,1
OSBP2,1
OSBP,1
OSBPL11,1
OSBPL3,1
OSBPL5,1
OSBPL6,1
OSBPL9,0.993518
OSGEPL1,1
OSGIN2,0.7295644
OSM,1
OTOG,0.1288649
OTOGL,0.8190098
OTOL1,1
OTUB2,1
OTUD1,1
OTUD3,1
OTUD4,0.8608127
OTUD6A,0.4387055
OTUD6B,1
OTUD7A,1
OTULIN,1
OVCA2,1
OVCH1,1
OVCH2,0.5290884
OVGP1,0.02870078
OVOS2,8.27E-09
OXER1,1
OXGR1,1
OXR1,1
OXT,1
P2RY10,0.9526493
P2RY11,1
P2RY12,1
P2RY13,0.6507706
P2RY1,1
P2RY2,0.6542563
P3H1,1
P3H2,1
P3H3,0.9970146
P4HA1,1
P4HA2,1
P4HA3,0.00161478
P4HB,1
P4HTM,0.8414728
PA2G4,0.9988716
PABPN1,1
PACRGL,0.3056227
PADI1,1
PADI2,1
PADI3,0.9311437
PADI4,1
PADI6,1
PAEP,1
PAFAH1B1,1
PAFAH1B2,1
PAFAH1B3,1
PAH,1
PAK1IP1,0.9984042
PALB2,1
PALD1,1
PAM,0.8182574
PAN3,1
PANK2,0.9911153
PAPD5,0.9988716
PAPOLB,0.9391997
PAPOLG,1
PAPSS1,1
PAPSS2,0.9968085
PARD6A,1
PARL,0.5987165
PARP10,0.6096973
PARP11,1
PARP12,1
PARP15,1
PARP16,1
PARP2,1
PARP3,0.08443658
PARP9,0.3342525
PARVB,1
PASD1,1
PATE3,0.2894959
PATE4,1
PATL1,1
PAX2,0.9988716
PAX5,1
PAX7,1
PAX8,1
PBX4,0.9541348
PCBD1,1
PCBD2,1
PCCA,1
PCDH10,0.4471877
PCDH11X,1
PCDH11Y,1
PCDH12,1
PCDH15,1
PCDH17,1
PCDH18,1
PCDH19,1
PCDH1,1
PCDH20,1
PCDH7,0.734702
PCDH8,1
PCDH9,1
PCDHAC2,1
PCDHB14,1
PCDHB15,1
PCDHB2,1
PCDHB4,1
PCDHB5,1
PCDHGA6,1
PCDHGC3,1
PCDHGC5,1
PCED1A,1
PCF11,1
PCID2,1
PCIF1,1
PCMT1,1.28E-06
PCMTD1,1
PCMTD2,1
PCOLCE2,1
PCOLCE,1
PCSK1,1
PCSK2,1
PCSK4,1
PCSK5,0.9984042
PCSK6,0.9988716
PCTP,1
PCYOX1,1
PCYT1A,0.9980456
PCYT1B,1
PCYT2,1
PDCD6,1
PDCD7,1
PDC,0.2907351
PDCL2,1
PDCL,0.7796447
PDE10A,0.9966149
PDE11A,6.20E-09
PDE1A,1
PDE1B,1
PDE1C,1
PDE2A,1
PDE3A,0.6719135
PDE3B,1
PDE4A,0.6180612
PDE4B,1
PDE4C,0.9988716
PDE5A,1
PDE6A,1
PDE6B,1
PDE6C,0.9264222
PDE6D,1
PDE7B,0.9980456
PDE8A,0.9988716
PDE8B,1
PDE9A,1
PDHA1,1
PDHB,1
PDHX,1
PDIA3,1
PDIA4,0.9732075
PDIA5,1
PDILT,0.8119104
PDK1,0.9904256
PDK2,0.9988716
PDK4,1
PDLIM3,1
PDLIM4,1
PDP1,1
PDPR,1
PDS5B,0.9984042
PDSS2,0.2279931
PDXK,0.8902691
PDXP,1
PDZD11,0.9984042
PDZD4,0.7270216
PDZD8,0.995778
PEAR1,0.8196428
PEBP1,1
PEBP4,1
PEF1,1
PEG3,1
PELO,1
PEMT,1
PER1,1
PER2,1
PER3,1
PEX12,1
PEX13,1
PEX14,1
PEX19,1
PEX6,1
PEX7,1
PFDN2,0.9988716
PFDN5,1
PFDN6,1
PFKFB2,1
PFKFB3,1
PFKFB4,1
PFKL,1
PFKM,1
PFKP,0.9977432
PGA3,1
PGA4,1
PGA5,1
PGAM2,0.9984042
PGAM5,1
PGBD1,1
PGC,1
PGGT1B,0.03254819
PGLYRP1,0.3092706
PGLYRP2,1
PGLYRP4,1
PGM3,1
PGP,1
PGRMC2,0.240507
PGS1,0.9912598
PHACTR3,0.9980456
PHB2,1
PHC1,1
PHC2,0.9729006
PHC3,1
PHF10,1
PHF11,1
PHF13,1
PHF19,1
PHF20,1
PHF20L1,1
PHF21A,0.9980456
PHF23,1
PHF2,1
PHF8,1
PHGDH,1
PHKA2,0.8100882
PHLDB1,0.8718124
PHLDB2,1
PHLDB3,1
PHLPP2,1
PHOSPHO2,1
PHOX2A,0.9878475
PHOX2B,1
PHRF1,0.9789831
PI15,1
PI16,1
PI4KA,1
PI4KB,1
PIAS3,1
PIAS4,1
PICALM,1
PID1,0.529932
PIDD1,0.8358308
PIF1,0.9923471
PIGR,0.02294368
PIH1D1,0.3690431
PIH1D2,1
PIH1D3,1
PIK3C2A,0.001090867
PIK3C3,0.9776053
PIK3IP1,1
PIKFYVE,0.4554262
PINK1,1
PINLYP,1
PIP4K2A,1
PIP5K1A,1
PIP5KL1,1
PIP,1
PIPOX,0.4173944
PIR,1
PITPNA,1
PITPNB,0.9937175
PITPNM1,1
PITPNM2,1
PITPNM3,1
PITRM1,1
PITX1,1
PITX2,1
PITX3,1
PIWIL2,0.6562118
PIWIL4,1
PKD1L1,1
PKD2,1
PKD2L2,0.1891051
PKHD1L1,1
PKLR,1
PKP1,1
PKP2,1
PKP3,1
PKP4,0.9917854
PLA1A,1
PLA2G10,1
PLA2G12A,1
PLA2G12B,1
PLA2G15,0.9977432
PLA2G1B,1
PLA2G2C,0.0256218
PLA2G2D,1
PLA2G2E,1
PLA2G4A,1
PLA2G4B,0.2965288
PLA2G4C,1
PLA2G4D,0.4724543
PLA2G4E,1
PLA2G4F,1
PLA2G5,1
PLAA,1
PLAGL2,0.9898449
PLB1,0.9906954
PLBD2,1
PLCB1,1
PLCB3,0.9941368
PLCD1,1
PLCD3,0.9890603
PLCD4,1
PLCE1,0.9941368
PLCH1,1
PLCH2,0.4766779
PLCL1,1
PLCL2,0.9988716
PLCXD3,1
PLCZ1,1
PLD2,0.01800669
PLD3,0.9964318
PLD5,1
PLD6,1
PLEK2,1
PLEKHA1,1
PLEKHA2,1
PLEKHA4,0.7599508
PLEKHA5,1
PLEKHB1,1
PLEKHB2,1
PLEKHD1,1
PLEKHF2,1
PLEKHG1,0.7467175
PLEKHG3,1
PLEKHG4B,1
PLEKHG4,1
PLEKHG5,0.004376198
PLEKHG6,1
PLEKHG7,1
PLEKHJ1,1.22E-12
PLEKHM1,1
PLEKHM2,0.7729882
PLEKHM3,1
PLEKHN1,1
PLEKHS1,1
PLG,1
PLIN2,0.9988716
PLIN3,1
PLIN5,0.8018465
PLOD1,0.9972361
PLOD2,0.4731001
PLOD3,1
PLPP1,1
PLPP2,1
PLPP3,1
PLPP4,1
PLPP5,0.9758817
PLPP6,1
PLPPR1,1
PLPPR2,0.9988716
PLPPR3,1
PLPPR4,1
PLPPR5,1
PLRG1,1
PLS1,1
PLSCR1,1
PLXND1,1
PM20D1,1
PM20D2,1
PMM2,0.8037573
PMP2,1
PMPCA,0.560554
PMS1,0.9491572
PMS2,0.4572866
PMVK,1
PNKD,1
PNKP,1
PNLDC1,1
PNLIPRP1,0.9988716
PNMT,0.00093445
PNPLA6,0.9930443
PNPLA7,0.9271138
PNPO,0.9984042
PNPT1,1
POC1A,1
POC1B,0.4394983
POC5,0.2041901
POF1B,1
POGK,1
POLA1,1
POLA2,1
POLD2,1
POLD3,1
POLDIP2,0.940678
POLE2,1
POLE3,1
POLE4,0.9980456
POLE,1
POLG2,0.9848201
POLH,0.868138
POLI,1
POLK,1
POLL,1
POLM,1
POLR1A,0.00032422
POLR1D,1
POLR2E,0.5746791
POLR2F,1
POLR2G,1
POLR2H,1
POLR3C,1
POLR3F,1
POMT1,1
POMT2,1
PON2,1
PON3,1
POP4,1
POP5,1
POP7,1
POPDC2,1
POT1,1
POU3F4,1
POU4F2,1
PP2D1,0.9766048
PPARGC1B,1
PPAT,1
PPCDC,0.2562648
PPCS,0.9984042
PPEF1,1
PPEF2,1
PPFIBP1,0.9980456
PPFIBP2,1
PPIL1,0.9980456
PPIP5K1,0.7705565
PPM1B,1
PPM1E,1
PPM1F,1
PPM1G,1
PPM1H,1
PPM1J,0.1633066
PPM1K,1
PPM1L,1
PPM1M,1
PPM1N,0.7389994
PPOX,0.9988716
PPP1R10,0.989971
PPP1R14A,0.9959316
PPP1R14D,1
PPP1R3A,1
PPP1R3B,0.281405
PPP1R3C,1
PPP1R3E,1
PPP1R3F,1
PPP1R3G,0.9581778
PPP1R42,1
PPP1R9A,1
PPP2R2C,1
PPP2R2D,1
PPP2R5A,1
PPP2R5B,1
PPP2R5D,1
PPP2R5E,1
PPP3R1,1
PPRC1,1
PPT1,1
PPTC7,1
PQBP1,1
PRCP,1
PRDM10,0.8389599
PRDM11,1
PRDM12,1
PRDM14,1
PRDM4,0.9030679
PRDX3,1
PRDX4,1
PRDX5,0.7848603
PRDX6,0.7848603
PREB,1
PRELP,1
PREP,1
PREPL,1
PREX1,0.9040813
PREX2,1
PRICKLE3,0.7516089
PRICKLE4,1
PRIM1,1
PRIM2,1
PRKAG1,1
PRKAG2,1
PRKAG3,0.6670367
PRKAR1A,1
PRKCSH,0.9988716
PRL,1
PRLHR,1
PRMT1,1
PRMT5,1
PRMT6,1
PRMT7,0.9977432
PROCA1,1.27E-08
PRODH,1
PROM2,1
PROS1,0.4657765
PROX1,0.9928636
PRPF39,0.5031634
PRPF3,1
PRPF40B,1
PRPF4,0.9988716
PRPF8,0.9929534
PRPH2,1
PRPS1,1
PRPS1L1,0.07273199
PRPSAP1,1
PRPSAP2,1
PRRC1,1
PRSS12,1
PRSS21,1
PRSS23,0.5831449
PRSS27,0.8670571
PRSS33,0.8417898
PRSS35,0.7573868
PRSS37,1
PRSS41,1
PRSS42,1
PRSS46,1
PRSS48,0.6979417
PRSS50,1
PRSS54,1
PRSS56,1
PRSS58,1
PRTFDC1,1
PRUNE2,1
PSAP,1
PSAPL1,1
PSAT1,1
PSD2,0.4429308
PSD3,0.9804904
PSD4,1
PSD,0.9988716
PSEN2,1
PSMA1,1
PSMA5,1
PSMA8,0.9966149
PSMB11,1
PSMB3,0.5067751
PSMB8,1
PSMB9,1
PSMC3IP,1
PSMD11,1
PSMD13,1
PSMD2,1
PSMD6,1
PSMD7,1
PSMD8,1
PSME4,1
PSMF1,0.4207175
PSMG1,1
PSMG2,1
PSTK,0.8302485
PTAFR,1
PTCD1,1
PTCD3,1
PTCHD1,1
PTCHD4,1
PTGDR2,0.9575744
PTGDR,1
PTGDS,1
PTGER2,0.9925153
PTGER3,1
PTGER4,1
PTGES3L,1
PTGES,0.3904571
PTGFR,1
PTGIR,1
PTGIS,1
PTGR1,1
PTGR2,0.9984042
PTH1R,1
PTH2R,1
PTP4A2,1
PTP4A3,1
PTPDC1,1
PTPN11,1
PTPN12,1
PTPN18,0.8429424
PTPN20,1
PTPN22,1
PTPN2,1
PTPN5,1
PTPN6,1
PTPN9,1
PTPRA,1
PTPRE,0.8504062
PTPRG,0.9754373
PTPRH,0.9949538
PTPRN2,1
PTPRO,1
PTPRZ1,1
PTRH1,1
PTRHD1,1
PTX3,0.9972361
PUM2,0.9988716
PURB,1
PURG,0.9867933
PUS3,1
PVRIG,1
PWP2,1
PXDC1,1
PYDC1,1
PYDC2,1
PYGO1,1
PYGO2,1
PYURF,1
PZP,1
QARS,1
QDPR,1
QRFPR,1
QSOX1,0.9988716
QTRT2,1
R3HCC1,1
R3HCC1L,0.183516
R3HDML,1
RAB11FIP1,1
RAB11FIP2,1
RAB11FIP3,1
RAB11FIP5,0.9988716
RAB15,1
RAB20,1
RAB28,1
RAB2A,1
RAB2B,1
RAB35,1
RAB38,1
RAB40A,1
RAB40B,1
RAB43,1
RAB7B,1
RABEP2,0.7718373
RABGAP1,0.9988716
RABGGTB,1
RABL2A,0.9522619
RABL3,1
RAD17,0.9725045
RAD1,1
RAD21L1,0.9727601
RAD50,1
RAD51B,1
RAD51C,1
RAD51D,1.47E-16
RAD52,1
RAD54L,0.003446389
RAD9B,1
RADIL,1
RAE1,1
RAG2,1
RALB,1
RALBP1,1
RALGDS,1
RALGPS1,1
RALGPS2,1
RANBP10,0.9988716
RANBP17,0.8649824
RANBP1,0.9988716
RANBP3,0.9984042
RANBP3L,0.1972122
RANBP6,1
RANBP9,1
RANGAP1,0.6836951
RANGRF,1
RAN,1
RAP1GAP2,1
RAP1GAP,0.542464
RAP1GDS1,1
RAPGEF1,0.8605173
RAPGEF4,1
RAPGEF5,1
RAPGEF6,1
RAPGEFL1,1
RARG,0.9988716
RARS2,1
RARS,1
RASA2,1
RASA3,1
RASA4B,1
RASA4,1
RASAL2,0.9988716
RASAL3,1
RASGEF1A,1
RASGEF1B,0.9904256
RASGEF1C,1
RASGRF1,1
RASGRF2,1
RASGRP1,1
RASGRP2,0.7759091
RASGRP3,1
RASIP1,1
RASL10B,0.6015596
RASSF10,0.3810319
RASSF1,1
RASSF2,1
RASSF5,1
RASSF6,1
RASSF8,1
RASSF9,1
RAX,1
RBAK,1
RBBP5,1
RBBP7,1
RBBP9,1
RBFA,0.4526194
RBFOX3,0.9974769
RBKS,0.5353311
RBM15B,0.9988716
RBM17,1
RBM23,0.3747753
RBM26,0.9988716
RBM33,0.7872201
RBM3,0.9950815
RBM41,1
RBM43,1
RBM46,1
RBM47,1
RBM4B,0.000230795
RBM5,0.9988716
RBMXL1,1
RBMXL2,0.1952668
RBP1,0.9911153
RBP2,1
RBP5,1
RBP7,1
RC3H1,0.05059783
RC3H2,0.7856644
RCC1L,1
RCC2,1
RCCD1,1
RCHY1,1
RCN1,1
RCN2,1
RCN3,1
RCOR2,0.4150158
RCOR3,1
RCVRN,1
REC8,1
RELN,1
REN,1
REPIN1,1
REPS2,1
RERGL,1
REV1,1
REV3L,0.9988716
REXO2,1
REXO4,0.7281749
RFC2,1
RFC4,1
RFX1,1
RGL1,0.4888157
RGL2,0.6795773
RGMB,1
RGN,0.3968974
RGP1,1
RGPD1,1
RGPD3,1
RGPD4,1
RGPD5,1
RGPD8,1
RGR,1
RGS10,1
RGS12,1
RGS13,1
RGS14,1
RGS16,1
RGS19,1
RGS1,0.9970146
RGS22,0.6488129
RGS2,0.9966149
RGS3,1
RGS4,1
RGS5,1
RGS6,1
RGS7,1
RGS8,1
RHAG,0.06950321
RHBDD1,1
RHBDD3,0.9988716
RHBDF1,1
RHBDF2,1
RHBDL1,0.0084787
RHBDL2,1
RHBDL3,1
RHCE,0.003935036
RHOD,0.9945885
RHO,1
RHOT1,1
RHOXF1,1
RHPN1,1
RIC1,1
RIMS1,1
RIMS3,1
RIMS4,1
RIN2,1
RIOK1,1
RIOX1,1
RIOX2,1
RIPOR2,1
RIT1,1
RLBP1,1
RLIM,1
RMDN1,1
RMI1,1
RMND5A,0.9937175
RMND5B,1
RNASE10,0.1820712
RNASE11,0.8796549
RNASE13,1
RNASE4,1
RNASE6,1
RNASE9,0.9522753
RNASEH2A,0.6347262
RNASEH2C,1
RNASET2,1
RNF103,1
RNF111,1
RNF112,1
RNF114,1
RNF115,0.291547
RNF122,1
RNF125,0.4557087
RNF128,0.4249447
RNF133,1
RNF139,1
RNF13,1
RNF141,1
RNF144A,0.4612862
RNF145,1
RNF146,1
RNF149,0.7495234
RNF14,1
RNF151,1
RNF157,0.6315149
RNF165,1
RNF167,1
RNF168,0.6286
RNF169,0.7098949
RNF180,1
RNF181,1
RNF182,1
RNF183,0.4275601
RNF208,1
RNF20,1
RNF213,0.3786396
RNF215,1
RNF220,0.9849464
RNF222,1
RNF224,0.7768318
RNF24,0.9877952
RNF25,0.8501862
RNF38,1
RNF39,0.8528459
RNF6,1
RNF7,1
RNGTT,1
RNH1,1
RNLS,0.9331606
RNMT,0.2018993
RNPEPL1,1
ROBO4,1
RORA,1
RORC,1
RP1,1
RP1L1,1
RP2,1
RPA1,0.4310926
RPA2,0.9980456
RPE,1
RPGR,1
RPGRIP1,0.9977432
RPGRIP1L,0.8749966
RPH3A,0.9977432
RPH3AL,1
RPIA,1
RPL10L,0.7494474
RPL11,1
RPL13A,0.9977432
RPL18A,0.9977432
RPL18,1
RPL22L1,0.6913758
RPL26,1
RPL28,1
RPL36A,1
RPL39,1
RPL39L,1
RPL3,1
RPLP0,1
RPP14,1
RPP21,1
RPP25,1
RPP25L,1
RPRD2,0.9036027
RPS10,1
RPS11,1
RPS12,1
RPS16,1
RPS17,1
RPS17L,1
RPS21,1
RPS23,0.9974769
RPS25,1
RPS26,1
RPS28,1
RPS3A,1
RPS4Y2,1
RPS9,0.9947075
RPTN,0.07367673
RPTOR,1
RPUSD1,1
RPUSD2,1
RPUSD3,1
RRAGA,1
RRAGB,1
RREB1,0.9931364
RRH,1
RRNAD1,0.9890603
RRP7A,1
RRP8,1
RSG1,0.2570211
RSL24D1,1
RSPH14,1
RSPO1,0.3889909
RSU1,1
RTCA,0.4363577
RTEL1,1
RTF1,0.9959316
RTFDC1,0.4115557
RTKN,1
RTN4R,1
RUFY1,1
RUFY2,0.9954865
RUFY3,1
RUFY4,1
RUNDC1,0.2515238
RUNDC3A,1
RUNDC3B,0.9988716
RUNX1,1
RUNX2,1
RUNX3,0.9988716
RUSC2,1
RWDD1,1
RWDD4,1
RXFP1,1
RXFP3,1
RXFP4,0.1564898
RXRG,1
RYR1,0.9977432
RYR2,1
S100A10,1
S100A2,1
S100A3,1
S100A4,1
S100A5,0.1147145
S100A6,0.9984042
S100A7L2,1
S100B,1
S100G,1
S100P,1
S100Z,0.9988716
S1PR1,1
S1PR3,1
S1PR4,1
S1PR5,1
SACS,1
SAG,1
SALL4,0.6776493
SAMD10,0.990764
SAMD11,0.8317101
SAMD12,1
SAMD13,1
SAMD14,1
SAMD15,0.1553271
SAMD3,1
SAMD4A,1
SAMD4B,1
SAMD5,1
SAMD7,0.77079
SAMD9,1
SAMD9L,1
SAMHD1,1
SAMM50,1
SAP30,1
SAP30L,1
SAR1A,1
SARDH,1
SARM1,1
SARNP,0.9988716
SARS2,1
SARS,1
SAT2,1
SATB1,1
SATB2,1
SATL1,0.6354352
SAV1,1
SBF1,0.1718742
SBF2,0.7273379
SBNO1,1
SBNO2,0.9984042
SCAF11,0.7555404
SCAND1,1
SCAP,1
SCARB1,1
SCARF2,0.3695759
SCGB1A1,1
SCGB1C1,1
SCGB2A1,1
SCGB2A2,1
SCGB2B2,1
SCIN,1
SCLY,1
SCN10A,1
SCN11A,1
SCN1A,0.9013408
SCN2A,0.9988716
SCN3A,1
SCN4A,1
SCN8A,1
SCNN1A,1
SCO2,1
SCP2D1,1
SCP2,1
SCPEP1,1
SCTR,1
SCUBE1,1
SCUBE2,1
SCUBE3,1
SDCBP2,0.1406799
SDF2,0.9959316
SDF4,1
SDHAF2,0.5129916
SDHA,1
SEC13,1
SEC14L1,1
SEC14L2,1
SEC14L4,1
SEC14L5,1
SEC22A,1
SEC22B,1
SEC22C,1
SEC23B,1
SEC24A,1
SEC24B,1
SEC24C,0.1230082
SEC31A,1
SEC61A2,1
SECISBP2L,1
SECTM1,1
SEH1L,1
SEL1L2,6.00E-10
SEL1L3,1
SELENOW,1
SEMA3E,1
SEMA4A,1
SEMA4B,1
SEMA6B,1
SENP2,0.1906818
SENP5,1
SENP6,1
SENP7,1
SEPSECS,1
14-Sep,1
4-Sep,1
8-Sep,1
9-Sep,1
SERAC1,1
SERGEF,0.8501613
SERPINA10,1
SERPINA1,1
SERPINA3,1
SERPINA4,0.5071727
SERPINA6,1
SERPINB10,0.3846411
SERPINB11,0.03955596
SERPINB13,1
SERPINB5,0.9980456
SERPINB6,1
SERPINB7,1
SERPING1,1
SERPINI2,1
SESN2,1
SETD4,1
SETD6,1
SETD7,1
SETDB2,1
SET,1
SETMAR,1
SETX,1
SF3B3,0.978386
SFRP1,1
SFRP4,1
SFRP5,1
SFTPB,0.8488151
SFTPC,0.2994127
SGF29,1
SGMS1,1
SGMS2,0.9988716
SGO2,1
SGPP1,1
SGPP2,1
SGSM1,0.9615506
SGSM2,0.9984042
SH2B3,0.8562874
SH2D1A,1
SH2D3A,1
SH2D3C,0.9984042
SH2D5,1
SH3BGR,0.7837092
SH3BP5L,0.8709176
SH3TC2,1
SHBG,1
SHC2,1
SHC3,1
SHC4,1
SHCBP1L,0.3428579
SHMT1,1
SHMT2,1
SHOC2,1
SHOX2,1
SHOX,1
SHPRH,1
SHQ1,1
SHROOM2,0.5363141
SHROOM3,0.1021041
SHROOM4,0.9988716
SHTN1,1
SIAE,1
SIAH2,1
SIAH3,1
SIGIRR,0.5327686
SIGLEC14,1
SIGLEC5,0.6121071
SI,0.9988716
SIM1,1
SIM2,1
SIPA1,0.9966149
SIPA1L1,1
SIPA1L2,1
SIPA1L3,0.4566781
SIRT2,0.9974769
SIRT3,0.4863344
SIRT5,1
SIRT7,0.9988716
SIX3,1
SIX5,1
SKA3,1
SKI,1
SKOR1,1
SKOR2,1
SLBP,1
SLC12A1,0.04733829
SLC12A2,1
SLC12A4,1
SLC12A5,1
SLC12A6,1
SLC12A7,0.8096468
SLC14A2,0.8326969
SLC15A2,1
SLC15A3,0.8048691
SLC15A4,1
SLC15A5,0.8479504
SLC16A11,0.1484038
SLC16A12,1
SLC16A14,0.8554491
SLC16A1,1
SLC16A2,0.9977432
SLC16A3,1
SLC16A4,1
SLC16A5,1
SLC16A9,0.9988716
SLC17A1,0.3804888
SLC17A2,0.5552168
SLC17A4,1
SLC17A5,1
SLC17A6,1
SLC17A7,0.9980456
SLC17A8,1
SLC17A9,1
SLC18A2,1
SLC18B1,1
SLC19A2,1
SLC19A3,1
SLC22A10,1
SLC22A12,1
SLC22A13,1
SLC22A15,1
SLC22A16,1
SLC22A18,0.9972361
SLC22A1,0.9894152
SLC22A25,0.04610325
SLC22A2,1
SLC22A31,0.8558028
SLC22A3,1
SLC22A4,0.9984042
SLC22A6,0.9949538
SLC22A9,1
SLC23A3,0.7118582
SLC24A1,1
SLC24A2,1
SLC24A3,1
SLC24A4,1
SLC24A5,0.6029148
SLC25A11,1
SLC25A12,1
SLC25A13,0.9988716
SLC25A15,1
SLC25A16,1
SLC25A18,0.7047378
SLC25A19,1
SLC25A23,1
SLC25A24,1
SLC25A25,0.8021054
SLC25A2,0.01331891
SLC25A30,1
SLC25A31,1
SLC25A32,1
SLC25A33,1
SLC25A34,0.9191858
SLC25A37,1
SLC25A38,0.9984042
SLC25A42,1
SLC25A45,0.9970146
SLC25A4,1
SLC25A6,1
SLC26A11,1
SLC26A2,0.681695
SLC26A4,0.7553964
SLC26A7,1
SLC26A9,1
SLC27A3,1
SLC27A5,1
SLC27A6,1
SLC28A1,1
SLC28A2,1
SLC2A10,1
SLC2A11,3.23E-24
SLC2A12,0.9120712
SLC2A13,0.4188143
SLC2A1,0.9972361
SLC2A2,1
SLC2A4,1
SLC2A6,0.2910509
SLC2A9,1
SLC30A10,0.6912347
SLC30A1,1
SLC30A2,1
SLC30A3,1
SLC30A4,1
SLC30A5,0.9754114
SLC30A6,1
SLC32A1,1
SLC33A1,0.7851787
SLC36A1,1
SLC36A2,0.3304734
SLC36A3,1
SLC36A4,1
SLC37A1,1
SLC37A3,1
SLC37A4,1
SLC38A10,1
SLC38A4,0.7441043
SLC38A5,1
SLC38A6,1
SLC38A7,1
SLC38A9,1
SLC3A1,0.502815
SLC3A2,1
SLC41A1,0.9980456
SLC41A2,1
SLC41A3,1
SLC45A1,1
SLC45A2,1
SLC45A3,0.7650511
SLC46A1,1
SLC46A3,1
SLC47A1,0.9845706
SLC4A2,1
SLC4A3,0.7510056
SLC4A5,0.9900988
SLC4A9,0.9984042
SLC5A10,1
SLC5A7,1
SLC6A11,1
SLC6A12,0.6294672
SLC6A13,1
SLC6A14,1
SLC6A15,1
SLC6A16,1
SLC6A17,1
SLC6A18,1
SLC6A19,1
SLC6A1,1
SLC6A2,1
SLC6A3,1
SLC6A4,0.9878999
SLC6A5,1
SLC6A6,1
SLC6A8,1
SLC6A9,1
SLC7A2,1
SLC7A6,0.9871846
SLC8A1,1.57E-07
SLC8A2,1
SLC8A3,0.9937175
SLC8B1,0.5718421
SLC9A2,0.9988716
SLC9A5,1
SLC9A7,1
SLC9C1,1
SLC9C2,1
SLCO1B3,1
SLCO2A1,1
SLCO3A1,0.7681247
SLCO4A1,1
SLCO5A1,1
SLFN12,0.3275197
SLFN12L,1
SLFN14,1
SLFN5,1
SLFNL1,0.5334148
SLIT3,1
SLITRK1,1
SLITRK2,1
SLITRK3,1
SLITRK4,1
SLITRK5,0.5540882
SLITRK6,0.9683332
SLURP1,1
SLX1A,0.9980456
SMAD4,1
SMARCAD1,1
SMARCC2,1
SMARCD2,1
SMARCD3,1
SMC1A,0.9651225
SMC2,1
SMC4,0.9988716
SMC5,0.7967093
SMC6,1
SMG1,1
SMG5,0.3289792
SMG6,0.1874625
SMG7,0.2502768
SMG9,0.9988716
SMOC1,1
SMOC2,1
SMO,0.3828401
SMPD1,1
SMPD2,1
SMPD3,1
SMTN,1
SMTNL1,1
SMTNL2,1
SMU1,1
SMURF1,1
SMURF2,1
SMYD1,1
SMYD2,1
SNAI2,1
SNAPC4,0.02471936
SND1,1
SNIP1,1
SNRNP25,1
SNRNP35,1
SNRNP70,1
SNRPB,1
SNRPC,1
SNRPN,1
SNTG1,0.1601887
SNTN,0.6654135
SNU13,4.45E-07
SNX11,0.6183581
SNX12,1
SNX14,1
SNX15,1
SNX19,0.466765
SNX20,0.6637602
SNX21,1
SNX22,0.2076897
SNX24,1
SNX25,1
SNX29,1
SNX3,1
SNX7,1
SNX8,1
SOCS1,1
SOCS3,1
SOCS6,1
SOCS7,0.9860434
SORCS1,1
SORCS2,1
SORCS3,1
SOSTDC1,1
SOST,0.5670414
SOX10,1
SOX11,1
SOX12,1
SOX13,1
SOX14,1
SOX17,1
SOX18,0.9956298
SOX21,1
SOX3,0.1577195
SOX4,1
SOX5,0.9970146
SOX7,1
SOX8,1
SOX9,1
SP100,1
SP110,1
SP140,1
SPAG16,1
SPAG1,1
SPAG6,1
SPAG7,1
SPAG9,0.9988716
SPARC,1
SPARCL1,1
SPATA20,0.8039317
SPATA21,0.9988716
SPC24,1
SPC25,1
SPDEF,0.4051824
SPECC1,0.9988716
SPECC1L,1
SPEF1,1
SPEF2,1
SPHK2,1
SPHKAP,1
SPI1,1
SPIB,1
SPIN1,0.9926874
SPIN2A,1
SPIN2B,1
SPIN3,1
SPINK1,1
SPINK2,0.4227463
SPINK8,1
SPIRE1,0.8026059
SPIRE2,1
SPNS1,1
SPNS3,1
SPOCD1,1
SPOCK2,1
SPON2,0.4227225
SPPL2A,0.3023746
SPRED1,1
SPRED2,1
SPSB1,1
SPSB3,1
SPTLC1,1
SPTLC2,1
SPTLC3,1
SRCAP,0.9780066
SRD5A1,1
SRL,1
SRM,1
SRP54,1
SRPRA,1
SRSF11,1
SRY,1
SSBP1,1
SSBP3,1
SSBP4,1
SSTR2,1
SSTR5,1
SSU72,1
ST3GAL4,1
ST3GAL6,1
ST5,1
ST7L,1
STAB1,1
STAG1,1
STAMBPL1,1
STAP1,1
STAP2,1
STARD10,0.361752
STARD13,0.9925153
STARD3,1
STARD4,1
STARD7,1
STARD8,0.6291082
STAR,1
STAT6,1
STBD1,0.8171887
STEAP2,1
STIM2,1
STK11IP,1
STMN1,1
STMN3,1
STN1,0.1468581
STOM,1
STOML1,1
STOML2,1
STON1,1
STON2,0.8475954
STRAP,1
STRC,0.9988716
STRN3,0.6296586
STRN4,1
STS,0.4030923
STX16,1
STX17,1
STX18,1
STX8,1
STXBP1,1
STXBP2,1
STXBP4,0.2981492
STXBP5,1
STXBP5L,1
STXBP6,0.9944721
SUCLA2,1
SUCLG1,0.4227817
SUCNR1,1
SUFU,1
SUGP1,1
SUGP2,0.6947192
SUMF2,0.2988184
SUN1,1
SUN5,1
SUPT16H,1
SUPT4H1,0.993518
SUPT6H,0.8202988
SUPV3L1,1
SUSD2,1
SV2A,1
SV2B,1
SV2C,1
SVIL,0.9905595
SVOPL,1
SWAP70,1
SWSAP1,1
SYAP1,0.9984042
SYCN,1
SYN1,1
SYN2,1
SYN3,0.6656169
SYNGAP1,1
SYNJ2BP,0.9984042
SYNM,1
SYNPO2,0.5197547
SYNPO2L,1
SYNRG,1
SYT10,1
SYT12,0.5399513
SYT13,1
SYT14,0.5871951
SYT15,1
SYT16,0.5556285
SYT17,1
SYT1,0.9984042
SYT2,1
SYT3,1
SYT4,1
SYT5,0.9943582
SYT6,1
SYT7,1
SYT8,0.5203417
SYT9,1
SYTL1,1
SYTL3,1
SYTL5,1
TAAR1,1
TAAR2,0.7328862
TAAR6,1
TAAR8,1
TAB1,1
TACO1,1
TACR1,1
TACR2,1
TADA2B,1
TAF3,0.002349837
TAF4,1
TAF5,1
TAF5L,1
TAF6L,1
TAF8,1
TAGAP,0.9239853
TARBP1,1
TARBP2,1
TARSL2,1
TAS1R1,0.9968085
TAS1R3,1
TAS2R10,0.8222059
TAS2R13,0.2129855
TAS2R14,1
TAS2R16,1
TAS2R1,1
TAS2R20,0.9304936
TAS2R30,0.6722289
TAS2R39,1
TAS2R40,0.4341086
TAS2R41,1
TAS2R42,1
TAS2R43,1
TAS2R45,1
TAS2R46,1
TAS2R4,0.3787799
TAS2R50,1
TAS2R5,1
TAS2R60,0.6078729
TAS2R7,0.9974769
TAS2R8,1
TAS2R9,1
TATDN2,1
TAT,1
TAX1BP1,0.9359892
TAZ,1
TBC1D10A,1
TBC1D10B,1
TBC1D13,0.9972361
TBC1D14,0.1979626
TBC1D16,1
TBC1D17,1
TBC1D19,1
TBC1D1,0.5026447
TBC1D20,1
TBC1D22A,1
TBC1D22B,1
TBC1D25,0.9798802
TBC1D2B,1
TBC1D2,0.995778
TBC1D30,1
TBC1D31,1
TBC1D4,1
TBCA,1
TBCCD1,0.9436505
TBCC,0.13719
TBL1XR1,1
TBL1Y,1
TBL2,1
TBL3,1
TBPL1,1
TBRG1,1
TBX3,1
TBX4,1
TBX5,1
TBX6,1
TBXA2R,0.9972361
TC2N,0.1393207
TCEA2,1
TCEA3,1
TCEANC2,1
TCEANC,1
TCF19,1
TCF25,1
TCF4,1
TCF7L1,0.9984042
TCF7L2,1
TCHH,0.08832848
TCHHL1,1
TCN1,0.5835403
TCN2,1
TCP1,1
TCTE3,0.272086
TCTEX1D1,0.5831148
TCTEX1D2,1
TCTEX1D4,1
TDP2,1
TDRD7,1
TEAD1,1
TEAD2,0.9359397
TEAD3,1
TECPR2,0.7478789
TECTA,0.4676067
TECTB,1
TEFM,0.8598795
TENM1,1
TENM2,0.000242597
TENM4,1
TEP1,0.6859908
TEPSIN,0.7549455
TERF2IP,1
TESC,0.9977432
TES,1
TEX10,1
TEX11,1
TEX264,0.6553819
TEX47,0.5206336
TEX9,1
TFAM,1
TFAP4,0.5535047
TFB2M,1
TFCP2,1
TFDP1,1
TFDP2,0.9751029
TFDP3,1
TF,1
TFR2,1
TGFA,0.9923471
TGFB1,1
TGFB2,1
TGFB3,1
TGFBR3,1
TGFBR3L,1
TG,0.3462513
TGIF1,1
TGIF2,1
TGIF2LX,1
TGIF2LY,1
TGM2,0.9984042
TGM3,1
TGM4,0.7203329
TGM5,0.4367282
TGM6,1
TGM7,1
TGS1,1
THAP12,1
THAP4,0.9960912
THAP7,1
THBS3,1
THBS4,1
THEM4,1
THEM5,0.1310522
THEM6,1
THG1L,0.6791113
THNSL1,1
THOC1,0.8385528
THOC6,1
THRSP,1
THSD7B,0.7214307
THTPA,0.9972361
THUMPD1,1
THUMPD2,1
THUMPD3,0.47051
TICAM1,1
TICAM2,1
TIGAR,0.9947075
TIGD1,1
TIGD2,1
TIGD3,0.1814294
TIGD5,1
TIGD7,1
TIMM21,1
TIMP2,1
TINAG,1
TINAGL1,1
TIPARP,1
TIRAP,0.9984042
TJP3,1
TK2,1
TKFC,1
TKTL1,0.4568
TLE1,1
TLE2,1
TLE3,1
TLE4,1
TLE6,1
TLL1,1
TLL2,0.7140493
TLR1,0.6745603
TLR2,1
TLR4,1
TLR5,1
TLR6,1
TLR7,0.9988716
TLR8,0.9988716
TLR9,1
TLX1,0.9040813
TLX2,0.3067485
TM7SF2,0.9988716
TMCO6,1
TMED8,1
TMEFF1,1
TMEM115,1
TMEM116,1
TMEM131,1
TMEM14A,1
TMEM14B,2.22E-06
TMEM163,1
TMEM25,0.000688704
TMEM2,1
TMEM42,1
TMEM53,1
TMEM57,1
TMEM62,0.9988716
TMEM79,1
TMEM94,0.5653095
TMPO,0.9914067
TMPRSS12,1
TMPRSS13,1
TMPRSS2,0.3668167
TMPRSS3,1
TMPRSS4,1
TMPRSS5,0.6685593
TMPRSS6,1
TMPRSS7,1
TMX1,1
TMX2,0.418097
TMX3,1
TMX4,1
TNFAIP3,1
TNFAIP6,1
TNFAIP8L1,0.993617
TNFAIP8L2,1
TNFRSF10A,0.7030056
TNFRSF11B,0.8980563
TNFRSF19,1
TNFRSF25,1
TNFRSF6B,0.9988716
TNFRSF8,0.9954865
TNFRSF9,1
TNFSF8,1
TNNC1,1
TNNC2,1
TNPO1,1
TNPO2,1
TNPO3,1
TNRC6A,0.7978121
TNRC6C,1
TNS2,1
TOB1,1
TOB2,1
TOGARAM2,0.3731529
TOLLIP,1
TOMM34,0.9915561
TOMM40,1
TOMM40L,1
TOP1,1
TOP1MT,1
TOP2B,1
TOP3A,0.2689724
TOPAZ1,0.9950815
TOPORS,1
TOR1A,1
TOR1B,1
TOR2A,0.5321134
TOR3A,1
TOR4A,0.9013664
TOX3,0.9988716
TOX4,1
TOX,1
TP53I3,1
TPBG,1
TPBGL,1
TPCN2,1
TPH1,0.4343694
TPH2,1
TPK1,1
TPP1,1
TPP2,1
TPPP,1
TPR,1
TPRKB,1
TPSG1,0.5302795
TPST2,1
TRA2B,0.9977432
TRADD,0.9972361
TRAF1,1
TRAF3IP2,0.7874768
TRAF3IP3,1
TRAF4,1
TRAF5,0.7721991
TRAF7,1
TRAIP,0.8826578
TRAPPC12,1
TRAPPC1,1
TRAPPC2B,1
TRAPPC2,1
TRAPPC2L,1
TRAPPC3L,1
TRAPPC4,1
TRAPPC5,0.3126581
TRAPPC6A,1
TRAPPC6B,0.00199507
TRDMT1,0.9988716
TREX1,1
TREX2,1
TRHR,1
TRIL,1
TRIM16,1
TRIM29,1
TRIM2,0.9853319
TRIM35,1
TRIM36,1
TRIM38,1
TRIM39,1
TRIM42,0.7291625
TRIM46,1
TRIM47,1
TRIM4,1
TRIM50,0.8892428
TRIM54,1
TRIM59,0.1955565
TRIM65,1
TRIM67,1
TRIM6,0.8591206
TRIM71,1
TRIM7,1
TRIML1,0.4373992
TRIML2,1
TRIOBP,1
TRIT1,1
TRMO,0.9977432
TRMT11,1
TRMT12,0.7902942
TRMT1,1
TRMT1L,0.902091
TRMT2B,0.3922273
TRMT61B,1
TRMT6,1
TROVE2,1
TRPM2,1
TRPM3,1
TRPM4,0.9966149
TRPM5,0.6868962
TRPM6,1
TRPM7,1
TRPM8,0.98883
TRRAP,1
TRUB1,0.2350358
TSC2,1
TSEN15,1
TSEN2,1
TSEN34,1
TSEN54,1
TSFM,0.572037
TSHZ1,1
TSHZ2,0.9944721
TSHZ3,1
TSPAN10,0.9624201
TSPAN11,0.8991806
TSPAN14,1
TSPAN15,1
TSPAN17,0.9908332
TSPAN18,1
TSPAN19,1
TSPAN1,1
TSPAN2,1
TSPAN33,1
TSPAN4,1
TSPAN5,1
TSPAN6,1
TSPAN7,0.9977432
TSPAN8,1
TSPAN9,1
TSPEAR,0.8924334
TSPYL4,1
TSPYL5,1
TSPYL6,1
TSR1,1
TSTD2,1
TTC12,1
TTC14,0.9988716
TTC22,0.9916319
TTC23,1
TTC23L,0.0844394
TTC25,0.5057088
TTC30A,0.9941368
TTC30B,1
TTC33,0.4499666
TTC34,1
TTC39A,1
TTC5,0.9988716
TTF1,1
TTLL1,1
TTLL7,1
TTPA,1
TTPAL,1
TUBGCP5,1
TUFM,1
TULP4,0.8975572
TUSC3,1
TUT1,1
TWF1,1
TWF2,1
TWNK,0.421706
TXLNG,1
TXN2,1
TXNDC11,1
TXNDC16,1
TXNDC2,0.009465526
TXNDC5,1
TXNDC8,1
TXNIP,1
TXNL1,1
TXNRD1,0.7867817
TXNRD2,0.7657467
TXNRD3,1
TYW1B,0.2044465
TYW1,1
TYW5,1
UAP1L1,0.9906954
UBA2,0.8724241
UBA3,1
UBA5,0.8657897
UBA6,1
UBA7,0.6353961
UBAC2,1
UBALD1,1
UBAP1,0.4086338
UBE2B,0.9962576
UBE2F,1
UBE2J2,1
UBE2L6,1
UBE2M,1
UBE2N,1
UBE2NL,0.4378784
UBE2O,1
UBE2Q1,1
UBE2Q2,0.4292728
UBE2QL1,0.9988716
UBE2R2,1
UBE2S,1
UBE2V1,1
UBE2V2,1
UBE2W,1
UBE2Z,1
UBE3A,1
UBE3C,1
UBE4B,1
UBL3,1
UBP1,0.9018981
UBR1,1
UBR4,0.3361029
UBR7,1
UBTF,1
UBXN10,0.08843669
UCHL1,1
UCHL3,1
UCK1,1
UCK2,1
UCKL1,0.9988716
UCP2,1
UEVLD,1
UFC1,1
UFM1,1
UFSP1,1
UGDH,1
UGGT1,1
UGT1A10,1
UGT1A3,0.9776053
UGT1A4,0.2281628
UGT1A5,1
UGT1A8,0.5609431
UGT2A1,1
UGT2A3,1
UGT3A1,0.295527
UGT3A2,1
UGT8,1
UMOD,1
UMODL1,0.9398077
UMPS,0.005378153
UNC13A,1
UNC13C,0.9068228
UNC13D,0.9972361
UNC5B,1
UNC5CL,0.9934205
UNK,0.9988716
UPB1,1
UPK1B,0.4926221
UPP1,0.9988716
UPP2,0.9385667
URAD,1
URI1,1
URM1,1
UROS,1
USF1,1
USF2,0.9988716
USHBP1,0.281668
USO1,1
USP10,1
USP12,1
USP13,1
USP16,1
USP18,1
USP1,0.7684385
USP20,1
USP22,1
USP24,1
USP25,1
USP26,1
USP27X,1
USP28,1
USP29,0.9774636
USP30,1
USP31,0.0420601
USP33,1
USP34,0.9980456
USP35,0.4575628
USP36,0.3701312
USP37,1
USP38,1
USP3,0.7837148
USP40,1
USP41,1
USP42,0.806177
USP43,1
USP44,0.3772396
USP45,0.8158531
USP46,1
USP47,0.6249452
USP49,0.4736759
USP50,0.9740764
USP51,1
USP53,1
USP9X,0.9939236
UST,1
UTP15,1
UTP18,1
UTP20,0.9959316
UTP4,1
UTS2R,1
UVRAG,1
UXT,1
VAC14,1
VAPA,1
VAPB,0.9977432
VARS2,1
VASN,1
VAT1,0.498324
VAX2,1
VBP1,1
VDAC2,0.9933245
VEPH1,0.4193686
VIL1,1
VILL,1
VIM,1
VIPR1,1
VIPR2,1
VKORC1,1
VKORC1L1,1
VLDLR,0.9395763
VMO1,1
VN1R2,1
VNN2,1
VPS11,0.5701342
VPS25,1
VPS33B,1
VPS35,1
VPS36,1
VPS50,0.8194009
VPS8,1
VSIG10L,1
VSTM2A,4.97E-05
VTA1,1
VTN,1
VWA7,0.689302
VWC2,0.5189307
VWC2L,1
VWCE,0.5567436
WASF3,1
WBP2NL,0.2289594
WBP4,0.4832723
WBSCR17,0.9980456
WDFY2,1
WDFY3,1
WDFY4,1
WDHD1,0.4674346
WDPCP,1
WDR11,1
WDR12,1
WDR17,1
WDR18,0.9923471
WDR1,0.8960383
WDR20,1
WDR25,1
WDR26,1
WDR27,0.9953476
WDR31,1
WDR33,1
WDR35,1
WDR36,1
WDR38,1
WDR3,1
WDR43,1
WDR44,1
WDR45B,1
WDR45,1
WDR46,0.2395966
WDR47,1
WDR49,1
WDR4,1
WDR53,0.4191547
WDR54,1
WDR55,1
WDR59,1
WDR5B,0.9984042
WDR60,1
WDR61,0.9984042
WDR62,0.4859326
WDR63,1
WDR64,0.9988716
WDR66,1
WDR6,1
WDR70,1
WDR72,0.8116824
WDR73,1
WDR75,1
WDR76,0.00044278
WDR77,1
WDR78,1
WDR7,0.0135673
WDR82,1
WDR83,1
WDR86,1
WDR87,1
WDR88,1
WDR89,1
WDR91,1
WDR92,1
WDR97,0.9216815
WDYHV1,1
WFDC11,1
WFDC2,1
WFS1,1
WHAMM,1
WIPI1,0.9669574
WISP1,0.06813011
WIZ,1
WNK1,0.8343082
WNK4,0.9939236
WNT2,1
WRAP53,0.8117085
WRNIP1,1
WSCD1,0.9662152
WSCD2,1
WWC1,1
WWC2,1
WWC3,0.9970146
WWP1,1
WWP2,1
WWTR1,1
XAB2,1
XDH,1
XPC,0.5862316
XPNPEP1,1
XPO7,0.9740273
XPOT,1
XRCC2,1
XRCC3,1
XRCC5,0.9988716
XRN2,0.8223133
XRRA1,0.4316343
XYLB,1
XYLT2,1
YARS,1
YBX2,1
YEATS2,0.9939236
YEATS4,0.9922643
YKT6,1
YTHDC1,1
YTHDF2,1
ZACN,0.1998905
ZADH2,1
ZAN,1
ZBED2,1
ZBED3,0.006675165
ZBP1,1
ZBTB8OS,0.4434628
ZC3H10,1
ZC3H7A,0.8770326
ZC3HAV1,0.6267513
ZCCHC11,1
ZCCHC2,1
ZCCHC6,0.8411486
ZCWPW1,1
ZCWPW2,0.4358228
ZEB1,1
ZEB2,1
ZER1,1
ZFAND1,0.4584706
ZFC3H1,1
ZFHX3,1
ZFP2,1
ZFP36,1
ZFP36L1,1
ZFP57,0.08616759
ZFP62,1
ZFP64,0.9419753
ZFP82,0.001309361
ZFPL1,1
ZFR2,1
ZFR,1
ZFX,1
ZFY,1
ZFYVE16,0.6844315
ZFYVE19,1
ZFYVE1,1
ZFYVE21,1
ZFYVE26,0.9984042
ZFYVE27,0.4793235
ZFYVE28,1
ZFYVE9,1
ZGLP1,1
ZGPAT,1
ZGRF1,0.009229072
ZHX1-C8orf76,5.81E-09
ZIC1,0.9950815
ZIC3,1
ZIC4,0.4909206
ZIM3,1
ZKSCAN5,0.2050558
ZMAT1,1
ZMAT3,1
ZMIZ2,1
ZMPSTE24,1
ZMYM1,1
ZMYM2,1
ZMYM4,0.7036565
ZMYND11,1
ZMYND12,0.9404219
ZMYND15,1
ZMYND19,0.9972361
ZNF101,1
ZNF106,0.9977432
ZNF107,1
ZNF10,0.862922
ZNF124,1
ZNF12,1
ZNF133,1
ZNF136,1
ZNF142,1
ZNF143,1
ZNF146,1
ZNF148,1
ZNF14,1
ZNF174,1
ZNF181,1
ZNF189,1
ZNF18,1
ZNF197,0.000150717
ZNF202,1
ZNF205,1
ZNF208,1
ZNF20,0.4800604
ZNF215,0.002768694
ZNF221,0.07462589
ZNF222,1
ZNF223,1
ZNF227,1
ZNF232,0.4949813
ZNF233,0.000200018
ZNF234,1
ZNF235,1
ZNF236,0.9960912
ZNF239,1
ZNF248,1
ZNF250,1
ZNF256,1
ZNF25,1
ZNF260,1
ZNF266,1
ZNF274,0.9988716
ZNF280A,0.7683918
ZNF280B,0.587492
ZNF280D,1
ZNF281,0.6816718
ZNF283,0.006998445
ZNF284,1
ZNF286B,1.58E-08
ZNF287,1
ZNF28,0.5958517
ZNF2,1
ZNF302,1
ZNF311,1
ZNF318,0.9926008
ZNF319,0.9880588
ZNF320,1
ZNF32,1
ZNF333,1
ZNF33A,0.8380053
ZNF346,0.4697831
ZNF347,1
ZNF350,1
ZNF354A,0.9988716
ZNF354C,1
ZNF362,1
ZNF367,0.4512987
ZNF382,1
ZNF383,0.883495
ZNF394,0.6852172
ZNF396,0.5748686
ZNF398,1
ZNF404,0.4939299
ZNF407,1
ZNF415,0.5977308
ZNF419,1
ZNF433,1
ZNF436,1
ZNF439,1
ZNF441,0.3020785
ZNF442,1
ZNF443,0.03628113
ZNF44,1
ZNF451,1
ZNF454,1
ZNF461,0.9984042
ZNF467,1
ZNF468,0.8665271
ZNF473,1
ZNF484,1
ZNF485,0.2778088
ZNF493,1
ZNF496,1
ZNF501,1
ZNF502,1
ZNF507,0.9980456
ZNF512,1
ZNF516,1
ZNF521,1
ZNF524,0.5947677
ZNF536,1
ZNF540,0.1298743
ZNF541,1
ZNF543,1
ZNF546,0.182341
ZNF548,0.7791435
ZNF549,1
ZNF551,1
ZNF552,0.6245458
ZNF554,1
ZNF557,1
ZNF559,1
ZNF560,0.9980456
ZNF561,1
ZNF562,0.4439273
ZNF563,1
ZNF564,1
ZNF567,1
ZNF570,1
ZNF573,1
ZNF577,1
ZNF57,1
ZNF583,1
ZNF585A,1
ZNF586,1
ZNF589,1
ZNF592,1
ZNF596,1
ZNF597,1
ZNF598,0.9968085
ZNF599,1
ZNF600,1
ZNF606,0.9988716
ZNF616,1
ZNF618,1
ZNF620,1
ZNF623,1
ZNF624,1
ZNF627,1
ZNF628,1
ZNF629,0.6102562
ZNF638,0.5267826
ZNF641,1
ZNF645,1
ZNF646,0.7806537
ZNF652,1
ZNF655,1
ZNF660,0.4440891
ZNF667,1
ZNF671,0.2584889
ZNF674,0.2172693
ZNF677,1
ZNF678,1
ZNF682,1
ZNF688,1
ZNF691,1
ZNF696,0.8608262
ZNF699,1
ZNF700,1
ZNF701,0.67369
ZNF707,1
ZNF709,1
ZNF70,1
ZNF713,0.866996
ZNF71,0.8454592
ZNF721,1
ZNF727,1
ZNF736,0.4451763
ZNF746,1
ZNF749,1
ZNF74,1
ZNF75A,0.9966149
ZNF75D,1
ZNF763,1
ZNF764,0.9062424
ZNF765,1
ZNF76,0.412367
ZNF772,0.004264017
ZNF777,1
ZNF778,0.9908332
ZNF780B,1
ZNF781,0.1929274
ZNF782,0.8540646
ZNF784,0.3536967
ZNF791,1
ZNF792,1
ZNF799,1
ZNF79,0.9375432
ZNF7,1
ZNF813,1
ZNF816,0.6027354
ZNF827,1
ZNF829,0.2772135
ZNF831,1
ZNF836,1
ZNF841,1
ZNF844,0.001564141
ZNF845,1
ZNF846,0.2951743
ZNF84,1
ZNF850,1
ZNF852,1
ZNF860,7.88E-08
ZNF865,1
ZNF878,1
ZNF879,1
ZNF888,1
ZNFX1,0.9913329
ZNHIT2,0.7671656
ZNRD1,0.9984042
ZNRF2,0.8498918
ZNRF3,1
ZP1,1
ZP2,0.9447307
ZP3,0.8113962
ZP4,1
ZPLD1,1
ZPR1,1
ZRANB1,0.000966089
ZRSR1,1
ZRSR2,1
ZSCAN18,0.9962576
ZSCAN1,0.6146409
ZSCAN20,0.6716948
ZSCAN21,1
ZSCAN22,1
ZSCAN26,0.390362
ZSCAN29,0.7857408
ZSCAN2,1
ZSCAN32,1
ZSCAN4,1
ZSCAN5C,1
ZSWIM2,1
ZYG11A,1
ZYG11B,1
ZZEF1,1
ZZZ3,0.6129094
