A1BG,1
A1CF,1
AADACL2,1
AADACL3,0.969583
AADACL4,0.001120651
AAK1,1
AASDHPPT,0.9988716
AATK,0.01720846
ABCA1,0.7326437
ABCA12,1
ABCA2,1
ABCA3,1
ABCA5,1
ABCA6,0.9988716
ABCA7,1
ABCA8,1
ABCB1,1
ABCB11,0.952824
ABCB4,1
ABCB5,0.8601333
ABCB8,1
ABCB9,0.9988716
ABCC1,1
ABCC10,0.005546127
ABCC11,1
ABCC12,0.737055
ABCC2,0.5652825
ABCC4,1
ABCC5,0.9926874
ABCC6,1
ABCC8,1
ABCC9,1
ABCD2,0.9911873
ABCE1,0.9911873
ABCF3,0.3488785
ABCG1,1
ABCG4,1
ABCG5,0.9974769
ABCG8,1
ABHD10,1
ABHD12,1
ABHD12B,1
ABHD14B,0.04718229
ABHD17B,0.9962576
ABHD5,1
ABI1,1
ABI2,0.9956298
ABI3,1
ABL1,1
ABL2,1
ABLIM2,1
ABTB1,0.4785272
ABTB2,0.7609776
ACADM,1
ACAN,0.9919419
ACAP1,1
ACAP2,1
ACAP3,0.6339023
ACBD4,1
ACBD6,1
ACE,0.9988716
ACE2,1
ACOT13,1
ACTA1,0.9988716
ACTBL2,1
ACTC1,1
ACTL10,0.9988716
ACTR1A,1
ACTR1B,1
ACVR1,1
ACVR1B,1
ACVR1C,1
ACVR2A,1
ACVR2B,1
ACVRL1,1
ACYP1,1
ADAM28,1
ADAMTSL3,0.496921
ADAP1,1
ADAR,1
ADARB2,1
ADCK2,0.8014833
ADCK3,0.9966149
ADCK4,0.9764152
ADGRA3,0.8410666
ADNP,1
ADORA2A,1
ADRA2A,1
ADRB1,1
ADRB2,1
ADRB3,1
ADRBK1,1
ADRBK2,1
AEBP1,1
AFMID,1
AGAP2,0.4825015
AGAP3,0.9332745
AGER,0.7155915
AHI1,0.3325959
AIP,0.9964318
AIPL1,1
AK7,0.6644625
AK9,0.7225295
AKAP1,0.7622309
AKAP13,1
AKT1,0.9984042
AKT2,0.4194149
AKT3,1
ALAS1,0.01389373
ALAS2,1
ALB,0.8316037
ALCAM,1
ALK,1
ALOX5AP,1
ALPK2,0.04779431
ALYREF,1
AMBP,1
AMHR2,0.2822205
AMICA1,1
ANAPC2,1
ANK1,1
ANK2,0.8819117
ANK3,0.7177012
ANKDD1A,1
ANKDD1B,1
ANKEF1,0.2814344
ANKFN1,1
ANKFY1,1.67E-05
ANKHD1,1
ANKIB1,1
ANKK1,1
ANKLE1,0.001772467
ANKMY1,1
ANKMY2,1
ANKRA2,1
ANKRD1,0.8658316
ANKRD10,1
ANKRD11,0.5952511
ANKRD12,0.5359094
ANKRD13A,1
ANKRD13B,1
ANKRD13C,1
ANKRD16,1
ANKRD17,1
ANKRD2,1
ANKRD22,1
ANKRD23,1
ANKRD24,1
ANKRD26,1
ANKRD27,1
ANKRD29,0.9972361
ANKRD30B,1
ANKRD31,1
ANKRD32,0.2464113
ANKRD33,1
ANKRD34A,1
ANKRD34B,0.7300214
ANKRD34C,1
ANKRD35,0.02729167
ANKRD37,1
ANKRD39,1
ANKRD40,1
ANKRD42,1
ANKRD44,1
ANKRD45,1
ANKRD46,1
ANKRD49,1
ANKRD50,1
ANKRD52,1
ANKRD53,1
ANKRD54,0.9670152
ANKRD6,1
ANKRD60,0.6714162
ANKRD61,1
ANKRD62,1
ANKRD63,1
ANKRD65,NS
ANKRD66,0.867835
ANKRD7,1
ANKRD9,1
ANKS3,1
ANKS4B,0.5580797
ANKS6,1
ANKUB1,0.6658895
ANKZF1,0.1258615
AP2A1,0.9974769
AP2A2,0.9953476
AP2S1,1
APEH,0.9984042
APITD1,1
APLNR,1
APLP1,0.5366778
APLP2,1
APOA4,0.9684539
APOH,1
APP,1
AQP2,0.9988716
ARAF,1
ARAP1,1
ARAP2,1
ARAP3,0.8206071
ARF6,1
ARFIP2,1
ARHGAP10,1
ARHGAP17,1
ARHGAP26,1
ARHGAP27,1
ARHGAP29,1
ARHGAP32,0.9871351
ARHGAP33,1
ARHGAP4,0.6971231
ARHGAP42,0.9942464
ARHGEF12,1
ARHGEF16,0.9481067
ARHGEF19,0.1964357
ARHGEF26,0.8775381
ARHGEF37,1
ARHGEF4,0.2577697
ARHGEF6,1
ARHGEF7,1
ARHGEF9,0.9939236
ARL13A,1
ARL2,0.6177787
ARL6,1
ARL8A,1
ARX,1
ASAP1,1
ASAP2,1
ASAP3,1
ASB1,1
ASB10,1
ASB11,1
ASB12,1
ASB13,1
ASB14,0.701475
ASB15,0.8700532
ASB16,0.6960327
ASB18,1
ASB2,0.8864975
ASB3,1
ASB4,1
ASB5,1
ASB6,0.9906954
ASB7,0.9974769
ASB8,1
ASCC3,1
ASGR1,0.5480246
ASGR2,0.3093053
ASPG,0.7864379
ASPRV1,0.6022338
ASZ1,1
ATAD2,0.9737593
ATAD2B,1
ATP11B,0.9832267
ATP1A1,1
ATP5D,1
ATP6V0B,1
ATP6V0C,0.5529708
ATRN,0.9974769
ATRNL1,0.9072639
AURKB,1
AXIN1,1
AXL,1
AZU1,1
BACE1,1
BACE2,1
BACH1,0.9988716
BACH2,1
BAG1,1
BAG4,0.9962576
BAIAP2,1
BAIAP2L1,1
BAIAP2L2,0.004790725
BANK1,1
BARD1,1
BAZ1A,0.9988716
BAZ1B,0.8916238
BAZ2A,1
BAZ2B,1
BBS4,1
BCAM,1
BCAN,1
BCAR1,0.2038531
BCAR3,1
BCL11A,1
BCL2,1
BCL2A1,1
BCL2L14,1
BCL3,0.2227102
BCL6,1
BCL6B,1
BCOR,1
BCORL1,1
BDH1,1
BGN,1
BICC1,1
BIRC3,1
BIRC7,1
BIRC8,1
BLK,1
BLM,0.8870355
BLVRB,0.8318056
BMP2K,1
BMPR1B,0.8249392
BMPR2,1
BMX,1
BOK,1
BRAF,1
BRD1,1
BRD2,0.000106293
BRD3,1
BRD4,1
BRD7,1
BRD8,1
BRDT,0.9954865
BRF1,1
BRF2,1
BRPF1,1
BRPF3,0.9257287
BRSK1,0.9970146
BRSK2,1
BRWD1,1
BRWD3,1
BSG,1
BSPRY,0.6716209
BTAF1,0.9974769
BTBD1,1
BTBD10,1
BTBD11,1
BTBD16,0.810411
BTBD17,1
BTBD19,0.9974769
BTBD2,1
BTBD3,1
BTBD6,1
BTBD7,0.9984042
BTBD8,1
BTK,1
BTLA,1
BTN1A1,1
BTNL2,0.06977132
BTRC,1
BUB1,0.8526388
BUB1B,1
BZRAP1,0.887688
C10orf54,1
C2,1
C2orf47,1
C4BPA,0.8192376
C4BPB,1
C6,1
CA10,1
CA11,1
CA12,1
CA13,1
CA14,0.001287103
CA2,1
CA3,0.4481005
CA5A,1
CA5B,1
CA6,0.7064961
CA7,1
CAB39,1
CAB39L,1
CABLES1,1
CACHD1,0.3243472
CACNA2D1,0.6984054
CACNA2D4,0.08065099
CACUL1,1
CADM1,1
CADM2,1
CADM3,0.9972361
CADM4,1
CADPS2,1
CAMK1,0.7204228
CAMK1D,1
CAMK1G,1
CAMK2A,1
CAMK2B,1
CAMK2D,1
CAMK2G,0.9988716
CAMK4,1
CAMKK1,1
CAMKK2,0.9890603
CAMKV,0.9944721
CAMTA1,0.9918633
CAMTA2,1
CAND1,1
CAP2,1
CAPN2,1
CAPZA2,1
CAPZB,1
CASK,1
CASKIN1,0.9950815
CASKIN2,1
CASP1,1
CASP10,1
CASP12,1
CASP14,1
CASP2,1
CASP3,1
CASP7,1
CASP8,1
CASP9,1
CASS4,1
CBFB,1
CBR4,1
CCL1,1
CCL11,1
CCL13,1
CCL14,1
CCL15,0.5973548
CCL16,1
CCL19,1
CCL21,1
CCL22,0.6215665
CCL23,1
CCL25,1
CCL26,0.4986887
CCL28,1
CCL5,1
CCL7,1
CCL8,1
CCM2,1
CCNA1,1
CCNB2,1
CCNB3,1
CCND2,1
CCND3,0.2530021
CCNE1,0.4337828
CCNE2,1
CCNF,1
CCNG2,1
CCNI,1
CCNI2,1
CCNJ,1
CCNJL,0.001006634
CCNK,1
CCNL1,1
CCNO,0.3636037
CCNT1,1
CCNT2,1
CCNY,1
CCNYL1,1
CCR5,1
CCS,1
CD101,1
CD180,1
CD1C,1
CD1D,1
CD1E,1
CD2,1
CD207,1
CD226,1
CD244,0.1965897
CD248,0.3659244
CD274,1
CD276,0.8547487
CD28,1
CD2AP,1
CD300E,0.1631381
CD300LB,1
CD300LF,0.1268947
CD300LG,0.4853753
CD302,1
CD3D,1
CD3E,0.9984042
CD4,1
CD40,1
CD40LG,0.9972361
CD46,1
CD47,1
CD48,1
CD55,1
CD58,1
CD69,1
CD7,1
CD72,0.3461589
CD79A,0.5195342
CD79B,0.0140528
CD80,1
CD83,1
CD84,1
CD86,0.9862271
CD8A,1
CD8B,1
CD93,1
CD96,0.733076
CDC23,1
CDC42,1
CDC42BPA,1
CDC42BPB,1
CDC42BPG,0.9988716
CDCA8,0.4093795
CDH4,1
CDK10,1
CDK11A,0.9988716
CDK11B,1
CDK12,1
CDK13,1
CDK14,1
CDK15,1
CDK16,1
CDK17,1
CDK18,1
CDK19,1
CDK2,0.9984042
CDK20,1
CDK3,1
CDK5R1,1
CDK5R2,1
CDK6,1
CDK8,1
CDK9,1
CDKL1,0.7704412
CDKL2,0.7386395
CDKL3,1
CDKL4,1
CDKL5,0.8921531
CDKN2A,0.9943582
CDKN2B,1
CDKN2C,0.9988716
CDKN2D,1
CDKN3,1
CDON,0.8995186
CEACAM16,1
CEACAM18,6.35E-08
CEACAM19,1
CEACAM20,1
CECR2,1
CELA1,0.191425
CELF2,1
CELF5,1
CELF6,1
CENPA,1
CENPT,0.03690813
CEP162,1
CEP68,0.7277215
CERS2,1
CFB,1
CFH,1
CFHR1,0.4704222
CFHR2,1
CFHR4,1
CFHR5,1
CFLAR,1
CFTR,0.9988716
CHAD,1
CHADL,0.7279071
CHD1,1
CHD1L,0.9313279
CHD4,0.9988716
CHD5,1
CHD6,1
CHD7,1
CHD9,1
CHEK1,0.7311854
CHFR,1
CHL1,1
CHMP2B,1
CHMP3,0.9654154
CHRAC1,1
CHRFAM7A,1
CHRM3,1
CHRNA1,1
CHRNA10,0.2937821
CHRNA2,1
CHRNA3,1
CHRNA4,1
CHRNA5,1
CHRNA6,1
CHRNA7,1
CHRNA9,0.4470533
CHRNB1,1
CHRNB2,1
CHRNB3,1
CHRNB4,1
CHTF18,0.9754892
CIDEA,1
CIDEB,1
CIT,1
CLCA1,1
CLCA2,0.707594
CLCA4,1
CLCF1,1
CLCN1,0.6735236
CLCN2,1
CLCN3,1
CLCN4,1
CLCN5,1
CLCN6,1
CLCN7,1
CLEC10A,0.5891817
CLEC11A,1
CLEC12A,0.2176419
CLEC12B,1
CLEC14A,1
CLEC17A,0.5259121
CLEC18A,1
CLEC18B,0.8834789
CLEC18C,0.8433259
CLEC19A,1
CLEC1A,0.570728
CLEC1B,1
CLEC2B,1
CLEC2L,1
CLEC3A,1
CLEC3B,1
CLEC4A,0.9945885
CLEC4C,0.9988716
CLEC4D,1
CLEC4E,0.2730916
CLEC4F,0.4265232
CLEC5A,1
CLEC6A,1
CLEC7A,0.2051966
CLEC9A,1
CLIC2,0.9984042
CLIC5,1
CLIP3,1
CLIP4,1
CLK1,1
CLK2,1
CLK3,1
CLK4,1
CLMP,0.9974769
CLPB,1
CLPP,1
CLTC,1
CMA1,1
CMAS,0.4444487
CMKLR1,1
CMPK2,0.9980456
CMTR1,1
CNDP2,0.8240476
CNGA2,0.9090433
CNGA3,0.9970146
CNOT4,1
CNPPD1,0.6847643
CNTD1,1
CNTD2,1
CNTF,0.2370701
CNTFR,1
CNTN1,1
CNTN2,1
CNTN3,0.995778
CNTN4,0.8307367
CNTN5,0.4018023
CNTN6,1
CNTNAP5,1
COBL,0.7469052
COBLL1,1
COCH,1
COL12A1,1
COL14A1,1
COL20A1,0.9925153
COL21A1,1
COL22A1,0.2814846
COL28A1,0.9966149
COL6A1,1
COL6A2,0.9988716
COL6A3,1
COL6A5,0.9895361
COL7A1,1
COLEC10,1
COLEC11,1
COX4I2,0.3373673
CPEB1,1
CPEB4,1
CPN2,1
CPSF7,1
CR2,1
CREB3L1,0.7409653
CREBBP,0.9962576
CRLF1,1
CRLF2,1
CRNKL1,0.8248302
CRTAM,1
CSF1,1
CSF1R,0.1855163
CSF3R,0.9934205
CSK,1
CSMD1,1
CSMD2,0.8958931
CSMD3,0.8321144
CSNK1A1,1
CSNK1D,1
CSNK1E,1
CSNK1G1,0.9937175
CSNK2A1,1
CSNK2A2,0.9970146
CSNK2A3,0.6141276
CSRP3,0.9977432
CSTF1,1
CTCF,0.9908332
CTCFL,0.9817024
CTF1,1
CTLA4,1
CTNNA2,1
CTR9,1
CTRL,0.1710037
CTSA,0.9420081
CTSG,1
CTTN,1
CTTNBP2,1
CUL1,1
CUL3,1
CUL4B,1
CUL5,1
CUL7,1
CUTA,1
CWC27,1
CX3CL1,1
CXADR,1
CXCL12,1
CXCL13,1
CXCL6,1
CXCL8,1
CXCL9,0.9980456
CYSLTR2,0.07600965
DAPK1,0.9972361
DAPK2,1
DAPK3,1
DARS2,1
DAZAP1,1
DAZL,0.9972361
DBNL,1
DCBLD2,0.457219
DCC,1
DCLK2,0.000885492
DCLK3,0.5205255
DCN,1
DCUN1D4,1
DCXR,0.01965385
DDB1,1
DDI1,1
DDI2,1
DDR1,1
DDR2,1
DDX1,1
DDX17,1
DDX20,0.9974769
DDX23,1
DDX24,1
DDX25,1
DDX26B,1
DDX27,1
DDX28,0.9114772
DDX31,0.2947529
DDX3X,0.9984042
DDX41,1
DDX42,0.6297485
DDX43,0.7239494
DDX47,1
DDX49,0.9921825
DDX5,1
DDX50,1
DDX51,1
DDX53,1
DDX56,1
DDX59,1
DECR1,1
DECR2,1
DFFB,1
DGKI,1
DGKZ,1
DHH,1
DHRS12,0.04620097
DHRS13,1
DHRS2,1
DHRS3,1
DHRS7,1
DHRS7B,0.8803656
DHRS7C,1
DHRS9,1
DHRSX,1
DHX30,1
DHX32,1
DHX40,0.9782686
DHX8,1
DHX9,1
DIABLO,1
DIAPH3,0.6532702
DICER1,1
DIRAS3,1
DLD,1
DLG3,1
DMBT1,0.993518
DMD,0.9542041
DMPK,0.9912598
DNAH12,1
DNAH17,1
DNAH3,1
DNAJA1,1
DNAJA2,1
DNAJA3,1
DNAJB11,1
DNAJB12,1
DNAJB13,0.5307382
DNAJB4,0.9947075
DNAJB5,1
DNAJB6,0.7480794
DNAJB7,0.8175285
DNAJB8,1
DNAJB9,1
DNAJC1,1
DNAJC12,0.2452204
DNAJC13,0.9362671
DNAJC14,1
DNAJC15,1
DNAJC16,1
DNAJC18,1
DNAJC2,1
DNAJC22,1
DNAJC27,1
DNAJC3,1
DNAJC30,1
DNAL1,0.4266973
DNM3,1
DNMBP,1
DOCK1,0.9624539
DOCK2,1
DOCK3,1
DOCK5,1
DPP10,1
DPP4,1
DPP6,1
DPP8,1
DPP9,1
DR1,1
DRAP1,1
DRD3,1
DRD5,0.8582473
DROSHA,1
DRP2,0.9972361
DSCAM,1
DSCAML1,1
DSG3,1
DSP,1
DST,0.7276956
DSTYK,0.2408514
DUOX1,1
DUOX2,0.9912598
DUPD1,0.3559866
DUSP1,1
DUSP10,1
DUSP12,1
DUSP13,1
DUSP14,1
DUSP15,0.7818619
DUSP18,1
DUSP19,1
DUSP2,0.8620734
DUSP21,1
DUSP22,1
DUSP23,0.4721516
DUSP27,1
DUSP3,1
DUSP4,1
DUSP6,1
DUSP8,1
DUSP9,0.3967928
DVL2,1
DXO,0.9968085
DYNC1H1,1
DYRK1A,1
DYRK1B,1
DYRK2,1
DYRK3,0.4114184
DYRK4,1
DYX1C1,1
DZANK1,1
E4F1,0.74326
ECM2,1
EDAR,1
EDIL3,1
EFNA1,1
EFNA2,1
EFNA3,1
EFNA4,1
EFNB1,0.1066398
EFNB2,1
EFNB3,1
EGFR,1
EGR1,1
EGR2,1
EGR3,1
EHF,0.4469677
EHMT1,0.4988998
EHMT2,1
EIF2AK1,0.9988716
EIF2AK3,1
EIF2AK4,0.9984042
EIF4G3,0.9984042
ELANE,1
ELAVL1,1
ELAVL2,1
ELAVL3,1
ELAVL4,1
ELF4,1
ELK4,0.2205265
EMB,0.9988716
ENC1,1
EP300,0.9988716
EP400,1
EPB41L1,1
EPB41L2,1
EPB41L4A,0.9065322
EPB41L4B,1
EPB41L5,1
EPHA1,0.9964318
EPHA10,0.7566346
EPHA2,1
EPHA3,1
EPHA4,1
EPHA5,0.9598524
EPHA6,1
EPHA7,0.9988716
EPHA8,1
EPHB1,1
EPHB3,1
EPHB4,1
EPHB6,1
EPHX3,1
EPHX4,0.9964318
EPM2A,1
EPO,1
EPOR,1
EPS8L1,0.1749446
EPS8L2,1
EPS8L3,1
EPX,1
ERAS,1
ERBB2,0.9977432
ERBB2IP,0.3365399
ERBB3,1
ERCC3,1
ERCC6,1
ERCC6L2,1
ERG,0.01278936
ERMAP,0.825857
ERN1,1
ERN2,0.4692736
ERP44,1
ESAM,1
ESPN,1
ESPNL,1
ESR1,1
ESR2,1
ESRRG,1
ETS1,0.8645668
ETV1,1
ETV4,1
ETV7,1
EVPL,0.9276806
EVPLL,1
EVX2,1
EXD1,0.1611092
EXO1,0.3953604
F10,1
F11R,0.9980456
F13B,0.4767685
F2R,0.5653625
F2RL1,0.9968085
F3,1
F5,1
F7,0.9938197
F9,1
FAF1,1
FAIM3,1
FAM135A,0.9988716
FAM3C,0.9862734
FAM83F,1
FAM92A1,1
FANK1,1
FAP,1
FAR2,1
FARP2,0.1489
FASLG,0.3973912
FAT2,1
FAT4,1
FBLN7,1
FBP2,1
FBXL14,0.9972361
FBXO15,1
FBXO16,1
FBXO21,1
FBXO3,0.9953476
FBXO42,1
FBXO7,0.7022052
FBXW5,0.9646697
FBXW7,0.9953476
FCAMR,1
FCAR,1
FCER1A,1
FCER2,1
FCGR3A,1
FCGRT,0.9988716
FCHO2,0.9972361
FCHSD1,0.9947075
FCHSD2,1
FCRL1,1
FCRL3,1
FCRL4,1
FCRLA,0.3326284
FCRLB,0.2666805
FDXACB1,0.2191476
FEM1A,1
FEM1B,1
FEM1C,1
FEN1,0.9968085
FER,1
FERMT2,1
FERMT3,1
FES,1
FEV,1
FGB,1
FGF10,1
FGF11,1
FGF12,1
FGF16,1
FGF17,1
FGF18,1
FGF2,1
FGF22,0.9940292
FGF3,1
FGF4,0.4474379
FGF5,1
FGF6,1
FGF7,0.9966149
FGF8,0.9966149
FGFR1,1
FGFR2,1
FGFR3,1
FGFR4,1
FGFRL1,1
FGG,0.9980456
FGR,1
FHL1,1
FICD,1
FIGF,1
FIGNL1,1
FIGNL2,1
FIZ1,1
FKBP10,0.7624527
FKBP11,0.9977432
FKBP15,0.6740354
FKBP1A,1
FKBP1B,0.9988716
FKBP4,0.9988716
FKBP5,0.6594766
FKBP8,1
FKBPL,1
FLAD1,1
FLRT3,1
FLT1,1
FLT3,1
FLT3LG,1
FLT4,1
FLYWCH1,0.9988716
FMR1,0.6729437
FN1,1
FNBP1,0.03300453
FNBP1L,1
FNDC3B,0.7718769
FNDC5,1
FNDC7,0.7253886
FRK,1
FRMD1,0.9819828
FRMD3,0.9988716
FRMD4A,0.9988716
FRMD4B,0.5942668
FRMD5,1
FRMD6,1
FRMD7,0.8240266
FRMD8,1
FRMPD3,1
FRMPD4,1
FSHR,0.6237241
FSTL4,1
FTMT,1
FUBP1,1
FUT8,1
FXR1,1
FXR2,0.9988716
FYN,1
GABBR1,1
GABPA,1
GABPB2,0.2540682
GABRA1,0.9988716
GABRA3,1
GABRA4,1
GABRA5,1
GABRB1,1
GABRB2,1
GABRB3,1
GABRD,1
GABRE,1
GABRG1,1
GABRG2,1
GABRP,1
GABRQ,0.4348458
GABRR1,1
GABRR2,1
GABRR3,1
GAK,0.9786824
GALE,1
GALNT5,0.7020946
GAN,1
GART,0.8378792
GAS7,1
GATA2,1
GATA6,0.7855005
GBX2,0.5387808
GCH1,1
GCHFR,1
GFER,0.9959316
GFI1,1
GFI1B,1
GGA3,1
GHR,1
GIN1,0.3121104
GINS1,1
GINS4,1
GIT1,0.9900347
GIT2,0.2142083
GLI3,1
GLIS3,1
GLRA1,0.9926874
GLRA2,0.4266739
GLRA3,0.9661964
GLRA4,1
GLRB,1
GLYATL2,1
GMCL1,1
GMDS,1
GMIP,1
GNA12,1
GNAI2,1
GNAL,1
GNAO1,1
GNAT1,1
GNAT3,1
GNAZ,0.9988716
GNB1,1
GNB2,1
GNB3,0.9984042
GNB4,1
GOLGA4,0.9924307
GP1BA,1
GP5,1
GPA33,1
GPANK1,0.3907136
GPR12,0.9988716
GPR124,1
GPR148,1
GPR39,1
GPR68,0.6412831
GPR78,1
GPSM2,1
GPX2,0.9977432
GPX3,0.9980456
GPX4,1
GPX5,0.9977432
GPX7,1
GRAP,1
GRAP2,1
GRAPL,1
GRB2,0.9974769
GRID2,1
GRIN3A,1
GRK1,1
GRK4,0.5002047
GRK5,1
GRK6,1
GRK7,0.9972361
GSK3A,1
GSK3B,1
GSTP1,1
GTF2A1,1
GTF2A2,1
GTF2B,1
GTF2H2,1
GTF2I,1
GTF3A,1
GTF3C3,0.7136058
GUCY2C,1
GUCY2D,1
GUCY2F,0.8490495
GZF1,1
GZMA,1
GZMH,0.211237
GZMK,1
GZMM,1
H2AFJ,0.9980456
H2AFV,1
H2AFX,1
H2AFY,1
H2AFY2,1
H2BFS,0.7336219
HACE1,1
HAND2,1
HAPLN1,0.4223489
HAPLN2,1
HAPLN3,1
HAPLN4,1
HAVCR2,1
HBB,1
HBE1,1
HBM,1
HBQ1,1
HCK,0.5052202
HCLS1,0.1052252
HDGFRP2,1
HDLBP,1
HDX,1
HECTD1,1
HELQ,1
HEPACAM,1
HERPUD1,1
HEXIM1,1
HFE,0.9766048
HFM1,1
HGFAC,1
HGS,0.001995409
HHLA2,1
HIC1,1
HIC2,1
HIDE1,0.9863198
HIP1,1
HIP1R,1
HIPK1,0.9988716
HIPK2,0.9892363
HIPK3,1
HIPK4,0.9988716
HIST1H2AA,0.5378088
HIST1H2AB,0.03803657
HIST1H2AC,1
HIST1H2AD,1
HIST1H2AG,1
HIST1H2AH,1
HIST1H2BA,1
HIST1H2BD,1
HIST1H2BH,1
HIST1H2BJ,1
HIST1H2BK,1
HIST1H2BN,1
HIST1H2BO,1
HIST1H3A,1
HIST1H4A,1
HIST2H2AA3,1
HIST2H2AB,1
HIST2H2AC,1
HIST2H2BF,1
HIST3H2A,1
HIST3H2BB,1
HIST3H3,1
HIVEP3,1
HLA-DMA,0.5568852
HLA-DMB,0.7402261
HLA-DOA,1
HLA-DOB,0.4312763
HLA-DQA2,1
HLA-DRA,1
HLA-H,1
HLTF,0.9988716
HMG20A,1
HMG20B,0.7568138
HMGB3,0.9988716
HMOX1,1
HMSD,1
HMX3,0.1613844
HNRNPA0,1
HNRNPA1,1
HNRNPA2B1,1
HNRNPF,1
HNRNPH1,1
HNRNPK,1
HNRNPLL,1
HOMEZ,1
HOXA1,1
HOXA3,1
HOXB1,0.4265056
HOXB2,1
HOXB8,0.995778
HOXC10,0.9959316
HOXD1,0.9988716
HPGD,0.9966149
HPN,1
HSCB,1
HSD11B1,0.4252649
HSD11B1L,1
HSD11B2,1
HSD17B11,1
HSD17B13,1
HSD17B14,0.7281814
HSD17B2,1
HSD17B3,1
HSD17B6,1
HSD17B7,0.4190692
HSD17B8,1
HSD3B7,0.6819634
HSDL1,1
HSDL2,1
HSPA14,0.7194316
HSPA4,0.9950815
HSPA5,0.9988716
HSPA8,1
HSPG2,1
HTR1D,1
HTR3A,1
HTR3E,1
HTR5A,0.7553916
HTRA1,1
HTRA2,1
HTRA3,0.9972361
HTRA4,1
HUNK,0.9980456
HYAL2,1
HYAL3,0.7098728
HYAL4,1
HYOU1,0.600171
IBTK,1
ICA1,0.909363
ICAM1,1
ICAM2,0.4725178
ICAM4,1
ICAM5,1
ICK,1
ICOS,1
ICOSLG,1
IDI1,1
IDI2,0.1940437
IFIT1B,0.2395232
IFNB1,1
IFNE,0.9523152
IFNG,1
IFNGR1,1
IFNGR2,1
IFNW1,0.4096522
IFT122,0.9949538
IFT88,0.9984042
IGDCC3,1
IGF1R,1
IGF2BP1,0.9897824
IGF2BP3,1
IGFBP7,1
IGFN1,1
IGHE,1
IGHM,1
IGKC,1
IGKV4-1,1
IGLL1,1
IGSF1,1
IGSF10,1
IGSF11,0.8845123
IGSF21,1
IGSF22,0.5748516
IGSF3,0.9968085
IGSF5,0.8199022
IGSF6,1
IGSF8,1
IGSF9,0.8908492
IGSF9B,0.9914067
IHH,0.2794962
IKBKB,1
IKBKE,1
IKZF1,1
IL10RA,1
IL10RB,1
IL12B,1
IL13,1
IL17F,1
IL18RAP,0.5673741
IL1B,1
IL1F10,0.4215845
IL1R2,0.9966149
IL1RAP,1
IL1RAPL1,1
IL1RAPL2,1
IL1RN,1
IL2,0.9984042
IL20,1
IL20RB,1
IL22,0.9974769
IL22RA1,1
IL22RA2,0.7327892
IL23A,1
IL24,0.2162289
IL26,1
IL2RA,1
IL34,1
IL36G,1
IL6,1
IL6ST,1
ILDR1,0.518505
ILF3,1
ILK,1
ING4,1
ING5,1
INO80,0.9977432
INSR,1
INSRR,0.9988716
INVS,1
IPP,1
IQUB,1
IRAK1,0.8574713
IRAK2,0.6217311
IRAK3,0.5921391
IRAK4,1
IRF1,1
IRF2,1
IRF2BPL,1
IRF3,1
IRF5,0.4530909
IRF7,1
IRF8,1
IRF9,0.006873583
ISL1,1
ISL2,0.9988716
ITGA1,0.885841
ITGA10,1
ITGA11,0.4885872
ITGA2,1
ITGA2B,1
ITGA4,1
ITGA7,0.9079262
ITGA9,0.8650148
ITGAE,1
ITGAL,1
ITGAM,1
ITGAX,1
ITGB1,1
ITGB4,0.9932298
ITGB5,1
ITGB6,0.9850738
ITGB7,1
ITIH1,0.8960323
ITIH2,1
ITIH3,0.6948943
ITIH4,1
ITIH5,5.28E-06
ITK,1
ITSN2,1
IVNS1ABP,1
IZUMO1,1
JAK1,1
JAK2,1
JAK3,1
JAM2,0.9948292
JAM3,0.9968085
KANK1,1
KANK2,0.9644186
KANK3,1
KAT2A,1
KAT2B,1
KATNA1,1
KATNAL1,1
KAZALD1,1
KBTBD11,1
KBTBD12,1
KBTBD13,1
KBTBD2,1
KBTBD4,1
KBTBD6,0.9703453
KBTBD7,1
KCNA1,1
KCNA10,1
KCNA2,1
KCNA3,1
KCNA4,1
KCNA5,1
KCNA6,0.839878
KCNA7,0.6428316
KCNB1,1
KCNB2,1
KCNC1,1
KCNC2,1
KCNC3,1
KCNC4,2.64E-05
KCND1,1
KCND2,1
KCND3,0.9988716
KCNF1,1
KCNG1,1
KCNG2,1
KCNG3,1
KCNG4,0.9984042
KCNH1,1
KCNJ16,1
KCNQ2,1
KCNRG,1
KCNS1,0.8801613
KCNS2,0.467843
KCNT2,1
KCNV2,0.978386
KCTD1,0.9931364
KCTD10,1
KCTD13,0.9966149
KCTD14,1
KCTD15,1
KCTD16,1
KCTD17,1
KCTD19,1
KCTD20,1
KCTD21,1
KCTD3,1
KCTD4,1
KCTD5,1
KCTD6,1
KCTD7,1
KCTD8,1
KDM1A,1
KDM4A,1
KDM4C,1
KDM6A,1
KDR,1
KDSR,1
KEAP1,0.9988716
KHSRP,1
KIAA1217,0.8013696
KIAA1841,0.8186671
KIAA2018,1
KIDINS220,1
KIR3DX1,1
KIRREL,1
KIRREL3,0.1878026
KISS1R,0.9984042
KIT,1
KLF1,1
KLF11,1
KLF12,1
KLF13,0.9988716
KLF2,1
KLF3,0.993518
KLF4,1
KLF5,1
KLF6,1
KLHDC1,0.9988716
KLHDC10,1
KLHDC2,1
KLHDC3,1
KLHDC8A,1
KLHDC8B,1
KLHL1,1
KLHL10,1
KLHL12,1
KLHL13,0.9977432
KLHL14,1
KLHL15,1
KLHL17,1
KLHL18,1
KLHL2,1
KLHL20,0.991044
KLHL21,1
KLHL22,1
KLHL23,1
KLHL24,1
KLHL25,1
KLHL26,1
KLHL28,1
KLHL29,1
KLHL3,1
KLHL31,1
KLHL32,1
KLHL33,1
KLHL34,0.3536436
KLHL35,1
KLHL36,1
KLHL38,1
KLHL4,1
KLHL40,1
KLHL41,0.9964318
KLHL42,1
KLHL5,1
KLHL6,1
KLHL7,1
KLHL8,1
KLHL9,1
KLK1,1
KLK10,0.8725959
KLK11,1
KLK12,1
KLK14,0.9988716
KLK2,1
KLK3,0.8373646
KLK4,1
KLK5,1
KLK6,0.2803773
KLK7,0.2803773
KLKB1,0.8373646
KLRF2,1
KLRG1,1
KLRG2,1
KLRK1,1
KMT2A,1
KMT2B,0.9798802
KMT2D,0.000456773
KPNA5,1
KRAS,1
KRBA2,1
KRIT1,1
KRT9,1
KSR1,1
KSR2,1
L1CAM,0.8053961
LALBA,1
LAMA2,0.7574311
LASP1,1
LATS1,1
LATS2,1
LCK,1
LCMT2,1
LCN2,1
LDB3,0.9988716
LEPR,1
LGALS3BP,1
LHX1,1
LHX6,0.9959316
LHX8,0.9988716
LIF,0.9635362
LIG4,1
LILRB4,1
LIMA1,1
LIMD1,1
LIMD2,1
LIMK1,1
LIMK2,1
LIMS2,1
LIN7B,0.9988716
LINGO1,1
LINGO3,1
LINGO4,1
LIPE,0.8738251
LMCD1,1
LMO1,1
LMO2,1
LMO7,1
LMTK2,0.5902782
LMTK3,0.8782618
LMX1B,1
LNX2,0.9211262
LONRF2,0.9227878
LONRF3,1
LPA,0.9980456
LPP,1
LPXN,0.001088904
LRFN1,1
LRFN3,1
LRFN4,1
LRIG1,1
LRIG2,1
LRIG3,0.9945885
LRIT2,1
LRRC10,1
LRRC24,1
LRRC32,1
LRRC4,1
LRRC4C,1
LRRC57,0.9974769
LRRC6,1
LRRC70,1
LRRK2,0.9891186
LRRN1,0.6738496
LRRN2,1
LRRN3,1
LRRN4CL,1
LSAMP,1
LSM5,1
LTA,1
LTB,1
LTK,1
LTN1,0.9988716
LY6G6F,0.3560826
LY75,0.229407
LY9,1
LYN,1
LYZ,1
LYZL4,1
LZTR1,1
MACROD1,1
MACROD2,1
MAEL,1
MAFB,0.9960912
MAFF,0.5883961
MAFG,1
MALT1,0.6424502
MAP2K2,0.9984042
MAP2K5,1
MAP2K6,1
MAP2K7,1
MAP3K1,1
MAP3K10,1
MAP3K11,0.7714973
MAP3K12,1
MAP3K13,1
MAP3K14,0.690745
MAP3K15,1
MAP3K19,1
MAP3K2,0.9970146
MAP3K3,1
MAP3K4,1
MAP3K5,1
MAP3K6,1
MAP3K7,1
MAP3K8,1
MAP3K9,0.8574189
MAP4K1,0.9988716
MAP4K2,0.9988716
MAP4K3,1
MAP4K4,0.9988716
MAP4K5,1
MAPK1,1
MAPK10,0.9988716
MAPK11,1
MAPK12,0.6369162
MAPK13,0.5366052
MAPK14,1
MAPK15,1
MAPK3,1
MAPK4,1
MAPK7,0.7663496
MAPK8IP1,0.8156232
MAPK8IP2,0.9988716
MAPK9,1
MAPKAPK2,1
2-Mar,0.9988716
MARK1,0.8183487
MARK2,1
MARK3,1
MARVELD2,1
MASP2,1
MAST1,0.9974769
MAST2,1
MAST3,1
MASTL,1
MATK,0.000656476
MATN1,1
MATN2,1
MATN3,0.8712378
MATN4,1
MAX,0.9984042
MBNL2,1
MCAM,1
MCF2L,0.9988716
MCL1,1
MCM2,1
MDGA1,1
MDM4,1
MEF2A,1
MEF2B,1
MEF2C,1
MEFV,1
MEIS1,0.1082706
MELK,1
MERTK,1
MET,0.9949538
MEX3A,1
MEX3B,1
MEX3D,0.3402593
MGLL,1
MIB1,0.9980456
MIB2,1
MICAL3,0.9984042
MID1,1
MID2,1
MIDN,1
MIF,1
MINK1,0.7533035
MIPEP,1
MIS18BP1,0.6361415
MKLN1,1
MKNK1,1
MKNK2,0.9988716
MKRN1,1
MKRN3,1
MLK4,1
MLKL,1
MLLT10,0.9042326
MLLT6,1
MMAB,0.9980456
MMP28,0.8944881
MOG,1
MOK,0.9988716
MOS,1
MPHOSPH8,0.9988716
MPP1,1
MPP5,1
MPP7,0.9954865
MPZ,1
MPZL2,0.9968085
MPZL3,1
MRAS,1
MRC2,1
MRPL28,1
MRPL44,0.9053653
MRPL46,1
MSH4,0.001935023
MSH5,0.9824117
MSI1,1
MSN,1
MST1,1
MSX1,1
MSX2,1
MT-CO1,0.8177475
MT-CO2,1
MT-CO3,1
MT-CYB,0.9293727
MTF1,1
MTPN,1
MTSS1,1
MTSS1L,1
MUL1,1
MUSK,1
MUTYH,1
MXRA8,1
MYBPC1,1
MYBPC2,0.9574846
MYBPC3,0.2542962
MYBPH,0.3012031
MYBPHL,1
MYEF2,1
MYH11,1
MYH2,1
MYLK,0.9984042
MYLK2,1
MYLK3,0.9861349
MYLK4,1
MYNN,1
MYO16,0.8026864
MYO1E,0.5217676
MYO3B,1
MYO7B,1
MYOM1,1
MYOM2,0.9988716
MYOM3,0.7861429
MYOT,0.7034205
MYPN,1
NAA50,1
NAA60,1
NACA,1
NACA2,0.03861743
NACAD,0.9916319
NACC1,1
NACC2,1
NAGK,0.9884931
nan,1
NBR1,0.4097018
NCAM1,1
NCAM2,1
NCAN,1
NCBP2,0.9980456
NCEH1,0.9984042
NCF1,1
NCF2,0.7080108
NCF4,1
NCK2,1
NCKIPSD,0.9970146
NCR2,1
NCR3LG1,1
NDRG2,0.4126823
NDUFA9,0.9988716
NEB,1
NEBL,1
NECAB1,1
NEDD9,1
NEK1,1
NEK10,0.5880359
NEK11,0.6929728
NEK2,1
NEK3,1
NEK4,1
NEK5,1
NEK6,0.8109256
NEK7,1
NEK8,1
NEK9,1
NEO1,1
NEURL1B,1
NF2,1
NFAM1,1
NFASC,0.9972361
NFAT5,1
NFATC1,1
NFATC2IP,0.8047125
NFATC3,1
NFKB1,1
NFKB2,1
NFKBIA,1
NFKBIB,1
NFKBID,1
NFKBIE,0.004633525
NFKBIL1,1
NFKBIZ,1
NFYB,0.03627547
NGEF,0.9894152
NGF,1
NGFR,1
NHLRC4,0.07656366
NID1,0.9988716
NID2,1
NIM1K,1
NKIRAS1,1
NKIRAS2,0.5466328
NKRF,1
NKTR,0.9988716
NKX2-2,1
NKX2-5,1
NKX2-6,1
NKX3-1,0.5740142
NKX6-1,1
NKX6-3,1
NLRP3,0.9734221
NLRP8,1
NME6,0.9984042
NME7,1
NME8,0.0487036
NMI,0.4311439
NMRAL1,0.2992266
NMRK1,1
NOSIP,1
NOSTRIN,1
NOTCH1,0.9974769
NOTCH2,1
NOTCH3,0.9984042
NOTCH4,1
NOVA1,1
NOVA2,1
NOXA1,1
NOXO1,1
NPAS1,1
NPFFR2,0.584063
NPHP1,1
NPHP3,0.9988716
NPLOC4,1
NPR1,1
NPR2,0.9968085
NPTN,1
NPY1R,1
NR0B2,1
NR4A3,1
NRARP,1
NRBP1,1
NRBP2,1
NRCAM,1
NRG1,1
NRG2,1
NRK,1
NRL,1
NRP1,1
NRP2,1
NRXN1,1
NRXN2,1
NRXN3,1
NSDHL,1
NSF,1
NTM,1
NTRK1,1
NTRK2,1
NTRK3,0.9988716
NTSR1,1
NUAK1,1
NUAK2,1
NUB1,1
NUDT1,0.9984042
NUDT12,0.9883284
NUDT13,1
NUDT16L1,1
NUDT17,0.361797
NUDT18,1
NUDT3,1
NUDT4,1
NUDT5,1
NUDT6,1
NUDT7,1
NUDT8,1
OASL,0.3636252
OBSCN,4.08E-05
OBSL1,0.8084699
OC90,0.7985248
OCLN,1
OGT,1
OLR1,1
OOEP,1
OPA1,0.8755087
OPCML,1
OPHN1,1
OPRD1,1
OPRK1,1
OPRL1,1
OR10A4,0.2426676
OR10A7,1
OR10AD1,0.06391482
OR10D3,1
OR10G3,1
OR10J1,1
OR11A1,0.9944721
OR11H6,0.9874862
OR11H7,1
OR12D3,1
OR13C3,1
OR13G1,0.01244464
OR14K1,0.3391272
OR1A2,1
OR1L1,1
OR2A25,0.2260333
OR2A5,1
OR2AE1,0.2483876
OR2AG2,1
OR2C1,1
OR2H1,1
OR2J1,0.5439193
OR2J3,0.433686
OR2K2,1
OR2T11,0.6818256
OR2Z1,1
OR4D9,0.9576943
OR4E1,0.5102853
OR4K17,1
OR4P4,0.906999
OR4Q3,1
OR51B5,0.3537678
OR51F2,0.01965713
OR51G2,1
OR51I1,0.05947107
OR51I2,1
OR51L1,0.6928812
OR51M1,0.9302298
OR51T1,0.03712614
OR51V1,1
OR52E2,1
OR52K1,1
OR52L1,0.9023682
OR52M1,1
OR52N1,0.3681404
OR52N4,0.07303096
OR52N5,1
OR5A1,1
OR5AR1,0.2667298
OR5AU1,1
OR5B12,1
OR5B21,1
OR5H2,1
OR5I1,0.4692159
OR5R1,0.3388541
OR6B1,1
OR6C3,1
OR6C6,1
OR6C65,1
OR6C70,1
OR6C75,0.4427782
OR6F1,1
OR6K6,0.02646903
OR6M1,0.414381
OR6N2,0.5940225
OR6S1,0.9838452
OR6T1,0.06063113
OR7A5,1
OR7G2,1
OR8B4,0.5418412
OR8G1,1
OR8G5,1
OR9A2,1
OR9K2,0.8805387
OSBPL1A,1
OSCAR,0.3846882
OSR1,0.9917083
OSR2,1
OSTF1,1
OTC,0.4112272
OTX2,1
OVOL1,0.5675352
OXSR1,1
P2RY14,1
P2RY6,1
P2RY8,1
PABPC1L,1
PABPC4L,1
PABPC5,1
PACSIN1,0.9964318
PACSIN3,1
PAK1,0.9960912
PAK3,1
PAK4,0.9972361
PAK6,1
PAK7,1
PALLD,0.9988716
PAPLN,1
PAPPA,1
PAPPA2,1
PARD6B,1
PARD6G,1
PARP14,0.9867452
PASK,0.990764
PATZ1,1
PBK,1
PBRM1,1
PBX1,1
PCBP3,0.9988716
PCBP4,1
PCDHGA12,1
PCGF1,1
PCGF2,0.4876388
PCGF3,1
PCGF6,1
PCSK9,1
PDCD1,1
PDCD10,0.9972361
PDCD1LG2,0.2412495
PDCD4,0.2872197
PDGFA,1
PDGFB,1
PDGFC,1
PDGFD,1
PDGFRA,1
PDGFRB,1
PDK3,1
PDLIM1,1
PDLIM2,1
PDLIM3,1
PDLIM4,0.9972361
PDLIM5,0.6570996
PDLIM7,1
PDX1,0.9980456
PDZRN3,1
PEAK1,0.9980456
PECAM1,1
PECR,1
PEX10,0.6450127
PEX13,1
PEX2,0.244911
PEX5L,1
PFAS,1
PFN3,1
PGAP1,0.8793843
PGF,1
PHACTR1,1
PHIP,0.9889445
PHKG1,1
PIAS1,1
PIAS2,1
PICK1,1
PIK3AP1,1
PIK3C2G,1
PIK3CA,1
PIK3CB,1
PIK3CD,0.3278176
PIK3R1,1
PIK3R2,1
PIK3R3,1
PIK3R4,0.9974769
PIM1,1
PIM2,1
PIM3,1
PJA2,1
PKD1,1
PKD1L2,1
PKD1L3,0.7117553
PKD2L1,0.655675
PKMYT1,0.9637285
PKN1,1
PKN2,0.7991158
PKN3,0.7832757
PLA2G2F,1
PLA2G6,1
PLA2R1,1
PLAGL1,1
PLAU,1
PLCB2,1
PLCB4,1
PLCG1,1
PLCG2,1
PLD1,1
PLD4,1
PLEC,0.4627014
PLK1,1
PLK2,1
PLK3,1
PLK4,1
PLK5,0.001334399
PLXNA1,1
PLXNA2,1
PLXNA3,1
PLXNA4,1
PLXNB1,1
PLXNB2,1
PLXNB3,1
PML,1
PNCK,1
PODN,0.006665134
PODNL1,0.8609158
POGZ,1
POLDIP3,0.7566616
POLQ,0.7617553
POLR2B,1
POLR2D,1
POLR2I,1
POLR2J,0.9984042
POLR2J2,1
POLR2J3,1
POLR2L,1
POLR3B,1
POMK,1
POU1F1,1
POU2F1,0.9988716
POU3F1,1
POU3F2,1
POU3F3,1
POU6F1,0.009622233
PPARA,1
PPARD,1
PPARG,1
PPFIA2,1
PPFIA3,1
PPFIA4,0.3408057
PPIB,1
PPIC,0.09404435
PPIE,0.8040315
PPIF,1
PPIL2,1
PPIL4,1
PPIL6,1
PPME1,0.9988716
PPP1R12A,1
PPP1R12B,1
PPP1R12C,0.9928636
PPP1R13B,1
PPP1R13L,1
PPP1R16A,1
PPP1R16B,1
PPP1R27,1
PPP2R1B,0.8330667
PPP3CA,1
PPP3CC,1
PPP4C,1
PPP5C,1
PPP6C,1
PPWD1,1
PRC1,1
PRDM1,1
PRDM16,1
PRDM6,1
PRDM9,1
PRG2,1
PRICKLE1,1
PRICKLE2,1
PRKAA1,1
PRKAA2,1
PRKAB1,1
PRKAB2,0.9988716
PRKACA,1
PRKACB,1
PRKAR1B,1
PRKAR2A,1
PRKAR2B,1
PRKCA,1
PRKCB,1
PRKCD,1
PRKCE,1
PRKCG,0.9944721
PRKCH,1
PRKCI,1
PRKCQ,1
PRKCZ,1
PRKD1,0.6860017
PRKD2,0.676774
PRKD3,1
PRKG1,1
PRKG2,1
PRKRA,1
PRMT2,1
PRMT3,1
PRNP,1
PROCR,1
PROKR1,1
PROP1,1
PROZ,1
PRPF19,1
PRPF31,0.9629825
PRPF40A,1
PRPF4B,1
PRRX1,1
PRRX2,1
PRSS22,0.857061
PRSS36,1
PRSS38,1
PRSS45,0.000558179
PRSS53,1
PRSS57,1
PRSS8,0.9980456
PRTG,0.00123752
PRTN3,0.43483
PSIP1,1
PSKH2,0.8827969
PSMB7,0.4088755
PSMC4,1
PSMC5,1
PSMD3,1
PSMD4,1
PSME1,1
PSPC1,1
PSTPIP1,1
PSTPIP2,1
PTBP2,1
PTGER1,1
PTGFRN,0.02554022
PTGS1,0.9845706
PTGS2,1
PTK2,1
PTK2B,1
PTK6,1
PTK7,0.801554
PTPMT1,0.4724509
PTPN14,1
PTPN21,1
PTPN3,0.7448309
PTPN4,0.8093735
PTPRA,1
PTPRB,0.003306676
PTPRC,1
PTPRF,1
PTPRQ,1
PTPRS,0.9712602
PUF60,0.9988716
PVRL1,1
PVRL2,1
PVRL3,1
PVRL4,1
PXDN,0.006197823
PXDNL,1
PXK,1
PXN,1
PYCR1,1
PYCR2,1
PYCRL,1
QDPR,0.04789604
RAB10,1
RAB11A,1
RAB11B,1
RAB12,1
RAB13,1
RAB17,1
RAB18,1
RAB19,1
RAB1A,0.9962576
RAB21,1
RAB22A,0.4452427
RAB23,1
RAB24,1
RAB25,1
RAB26,1
RAB27A,0.6813358
RAB27B,0.9974769
RAB30,1
RAB32,1
RAB33A,0.4587724
RAB34,1
RAB36,1
RAB37,1
RAB39A,1
RAB39B,1
RAB3A,1
RAB3B,1
RAB3C,0.9974769
RAB3D,1
RAB41,1
RAB44,0.9966149
RAB4A,1
RAB4B,1
RAB5B,1
RAB6A,1
RAB6B,1
RAB6C,0.1084659
RAB7A,1
RAB8A,1
RAB8B,1
RAB9B,1
RABEPK,1
RABGGTA,1
RABL2B,0.7197525
RAD18,1
RAD23A,1
RAD54B,1
RAD54L2,1
RAG1,1
RAI14,1
RALA,0.9977432
RAMP1,0.3455055
RAMP2,1
RAMP3,1
RANBP2,0.05686615
RAP1A,1
RAP2B,1
RAP2C,1
RAPGEF3,0.3356468
RAPSN,1
RASA1,1
RASD1,1
RASEF,0.7727549
RASGRP4,1
RASL11B,1
RASL12,1
RAVER1,1
RAVER2,0.7858738
RB1CC1,1
RBBP6,1
RBCK1,1
RBFOX2,1
RBL1,1
RBM11,0.9970146
RBM12B,1
RBM15,1
RBM18,1
RBM19,0.6562621
RBM20,1
RBM22,1
RBM27,1
RBM28,1
RBM39,1
RBM4,1
RBM42,1
RBM44,1
RBM7,1
RBMS1,1
RBMS2,1
RBMS3,1
RBMX2,1
RBP4,1
RBPJ,0.9988716
RBPJL,0.4998212
RBX1,1
RCAN3,1
RCBTB2,1
RCOR1,1
RDH10,1
RDH11,1
RDH12,0.9977432
RDH13,1
RDH14,1
RDH5,1
RDH8,1
RDX,1
RECQL,1
RECQL4,0.7214097
RECQL5,1
REG4,1
REL,0.07440035
RELA,0.9980456
RELB,1
REM1,0.4352257
REM2,1
REPIN1,1
RERE,1
RERG,1
RET,1
RFC3,1
RFFL,1
RFWD2,1
RFWD3,0.6740597
RFXANK,0.7021082
RGS9BP,1
RHOA,1
RHOB,1
RHOBTB1,1
RHOBTB2,1
RHOBTB3,1
RHOC,1
RHOG,1
RHOH,1
RHOQ,1
RHOT2,1
RIMBP3,0.3498415
RIMBP3B,0.4718792
RIMBP3C,0.4089161
RIN3,1
RING1,1
RIOK1,0.7227532
RIOK3,0.9988716
RIPK1,1
RIPK2,1
RIPK3,1
RIPK4,1
RIT2,1
RLF,2.36E-07
RNASE1,1
RNASEL,1
RND3,1
RNF10,1
RNF121,1
RNF123,1
RNF135,0.678646
RNF166,1
RNF175,0.2845041
RNF186,1
RNF19A,1
RNF2,1
RNF207,0.9984042
RNF212,1
RNF219,1
RNF223,1
RNF26,1
RNF32,1
RNF34,1
RNF40,1
RNF41,1
RNF44,0.9988716
RNF5,1
RNF8,1
RNPS1,1
ROBO2,1
ROBO3,1
ROCK1,1
ROCK2,0.03069857
ROR1,0.9977432
ROR2,0.9977432
ROS1,1
RPL23A,1
RPRD1A,1
RPRD1B,1
RPS6KA1,0.9988716
RPS6KA2,1
RPS6KA3,1
RPS6KA4,0.9980456
RPS6KA5,1
RPS6KA6,0.1300701
RPS6KB1,1
RPS6KB2,0.6910732
RPS6KL1,1
RRAD,1
RRAS,1
RRM1,1
RRM2,1
RRM2B,1
RS1,0.995778
RTL1,1
RTN4R,1
RTN4RL1,1
RTN4RL2,1
RUSC1,1
RUVBL1,0.9966149
RXFP2,0.559445
RYK,1
S100A13,0.9980456
S100A16,0.6918667
SAFB,1
SAFB2,1
SALL2,1
SAMSN1,1
SART3,1
SASH1,0.8130911
SASH3,1
SASS6,0.9934205
SBK1,0.5598696
SBK2,0.8583221
SBK3,1
SCAF4,1
SCAF8,0.9846533
SCCPDH,0.9988716
SCN1B,1
SCN2B,1
SCN3B,1
SCN4B,1
SCO2,1
SCYL1,0.9926874
SCYL3,1
SDE2,1
SDK1,1
SDK2,1
SDR16C5,1
SDR39U1,1
SDR42E2,1
SDR9C7,1
SEC22C,1
SEC24D,1
SEC63,1
SELE,0.9988716
SELL,0.9959316
SELP,1
SEMA3A,0.9988716
SEMA3B,0.9518249
SEMA3D,1
SEMA3G,1
SEMA4D,1
SEMA4F,1
SEMA4G,0.9966149
SEMA5A,0.995778
SEMA5B,0.9357915
SEMA6C,0.6507467
SEMA6D,1
SEMA7A,1
SENP1,0.3437478
SERPINA1,1
SERPINA11,1
SERPINA12,1
SERPINA2,0.07925673
SERPINA5,1
SERPINA7,1
SERPINA9,0.9970146
SERPINB12,1
SERPINB2,0.9606842
SERPINB8,1
SERPINB9,1
SERPINC1,1
SERPIND1,1
SERPINE1,0.4803467
SERPINE2,0.1720323
SERPINE3,0.8508141
SERPINF1,1
SERPINF2,1
SERPINH1,0.9988716
SERPINI1,1
SESN3,1
SETD1B,0.9984042
SETD3,1
SEZ6,0.7188181
SEZ6L,1
SEZ6L2,0.8180445
SF3A1,1
SF3B4,1
SF3B6,1
SFN,1
SGK2,1
SGK223,1
SGK3,1
SGK494,1
SGSM3,1
SGTA,1
SGTB,1
SH2B2,1
SH2D5,1
SH2D6,0.9350944
SH3BP4,1
SH3D19,1
SH3D21,1
SH3GL1,0.3658236
SH3GL2,1
SH3GLB2,1
SH3KBP1,1
SH3PXD2A,0.989971
SH3PXD2B,1
SH3RF2,1
SH3RF3,1
SH3YL1,0.04513457
SHANK1,1
SHANK2,1
SHARPIN,1
SHE,0.9900347
SHH,1
SHKBP1,0.9966149
SHROOM1,1
SIGLEC1,0.9984042
SIGLEC15,0.872228
SIGLEC6,1
SIGLEC8,0.8112013
SIK1,1
SIK2,1
SIK3,0.9988716
SIRPB2,1
SIX1,0.9988716
SIX2,1
SIX4,1
SKA2,0.2510481
SKAP1,0.4273054
SKAP2,1
SKIV2L2,0.9988716
SLA,1
SLA2,1
SLAMF1,0.9984042
SLAMF6,0.1481144
SLAMF7,1
SLAMF8,1
SLAMF9,0.4146116
SLC22A6,0.9988716
SLC22A7,1
SLC22A8,0.6372869
SLC26A3,1
SLC30A8,1
SLC4A1AP,1
SLC7A11,1
SLC7A13,1
SLC7A14,1
SLC7A3,1
SLC7A5,1
SLC7A7,1
SLK,1
SLX4,0.502718
SMAP2,1
SMARCA2,1
SMARCA4,1
SMARCA5,1
SMARCAL1,1
SMC1B,1
SMN1,1
SNCAIP,0.9980456
SNED1,0.9181443
SNRK,1
SNRNP35,1
SNX17,1
SNX18,1
SNX27,1
SNX30,1
SNX31,0.05566176
SNX32,1
SNX33,1
SNX6,1
SNX9,1
SOD2,0.431635
SOD3,0.9956298
SORBS1,0.02074298
SORBS2,0.5935813
SORBS3,1
SOWAHA,1
SOWAHB,1
SOWAHD,1
SP1,1
SP140L,1
SP4,1
SP6,0.9988716
SPACA3,1
SPACA5,1
SPAST,1
SPATA13,1
SPATA16,0.03118521
SPATA5L1,0.567668
SPEG,0.7049594
SPEN,0.9759345
SPG20,0.8880241
SPINK5,0.9966149
SPINT2,0.3309236
SPINT4,1
SPO11,0.7648214
SPOP,1
SPOPL,1
SPTA1,0.2618715
SPTAN1,1
SPTB,1
SPTBN1,1
SPTBN2,0.3968612
SPTBN4,1
SPTBN5,0.6350369
SQSTM1,1
SRA1,1
SRC,1
SREK1,1
SRF,0.9960912
SRGAP1,0.9988716
SRGAP2,0.9964318
SRGAP3,0.9913329
SRMS,1
SRP72,0.9966149
SRPK3,1
SRPRB,0.3928735
SRPX,1
SRPX2,0.4056037
SRRT,1
SRSF5,1
SRSF6,1
SSH1,0.9389395
SSH2,1
SSH3,0.8146204
SSPO,0.3175114
SSTR1,1
SSTR3,1
SSTR4,1
ST14,1
STAC,0.9972361
STAC2,0.6074643
STAC3,0.4381122
STAM,1
STAM2,1
STARD5,1
STAT3,1
STAT4,0.9912598
STAT5B,1
STAU1,1
STAU2,1
STIM1,1
STK10,1
STK11,1
STK16,1
STK17A,1
STK17B,0.3729289
STK24,0.9977432
STK25,1
STK3,1
STK31,0.7749933
STK32A,0.9968085
STK32B,1
STK32C,0.9917083
STK33,1
STK35,1
STK36,1
STK38,1
STK38L,1
STK39,1
STK4,1
STK40,1
STKLD1,1
STMN4,1
STRADA,1
STRBP,0.9974769
STUB1,0.9988716
STX12,0.9960912
STX1A,1
STX1B,1
STX3,0.8464951
STX4,1
STX6,1
STYK1,1
STYX,1
STYXL1,1
SUOX,1
SUPT5H,1
SUSD1,1
SUSD4,1
SUSD6,1
SYK,0.9980456
SYNC,1
SYNCRIP,1
SYNE1,0.00120144
TAAR5,1
TACR3,1
TAF12,0.7395143
TAF6,1
TAF9B,1
TANC1,0.3219269
TANC2,1
TAOK1,1
TAOK2,1
TAOK3,1
TAP1,1
TAPBP,0.9988716
TAPBPL,1
TBCE,1
TBCEL,1
TBCK,1
TBL1X,1
TBP,1
TBPL1,1
TBPL2,1
TCAP,1
TCEB3,0.9211663
TCERG1,1
TDRD3,1
TDRD6,1
TDRD9,1
TEC,0.9960912
TECR,1
TECRL,0.4308244
TEK,1
TESK1,1
TESK2,1
TEX14,1
TFG,1
TFPI2,1
TFRC,0.9894152
TGDS,0.8083548
TGFB1I1,1
TGFBR1,1
TGFBR2,1
TH,7.18E-05
THBD,1
THBS1,1
THPO,0.01462588
THRB,0.9953476
THY1,1
TIA1,1
TIAL1,1
TIAM2,0.6807525
TIE1,0.6898867
TIGIT,1
TIMD4,0.0759845
TK1,0.9988716
TLK1,1
TLK2,1
TLN1,0.9930443
TLN2,1
TLR10,0.9972361
TLR3,1
TLX3,0.9984042
TMIGD1,0.2510009
TMIGD2,0.5768578
TMPRSS11A,1
TMPRSS11B,1
TMPRSS11D,1
TMPRSS11E,1
TMPRSS11F,0.9988716
TMPRSS15,0.5712329
TMPRSS9,1
TMTC1,1
TMTC2,0.9988716
TMTC3,1
TMTC4,1
TMUB1,0.9974769
TMUB2,1
TNC,0.1813678
TNF,1
TNFAIP1,1
TNFRSF10B,0.1466815
TNFRSF10D,0.2243298
TNFRSF11A,1
TNFRSF14,1
TNFRSF1A,1
TNFRSF1B,1
TNFRSF21,1
TNFRSF4,1
TNFSF10,1
TNFSF11,1
TNFSF13,1
TNFSF14,1
TNFSF15,1
TNFSF18,1
TNIK,1
TNK1,1
TNK2,0.9972361
TNKS,1
TNKS2,1
TNN,1
TNNI1,1
TNNI2,1
TNNI3,1
TNNI3K,1
TNXB,0.903094
TOM1,1
TOM1L2,1
TOMM70A,1
TONSL,0.9947075
TP53,0.9954865
TP53RK,1
TP63,0.9988716
TP73,1
TPM1,0.9977432
TPM3,1
TPO,0.9476803
TRAC,1
TRANK1,1
TRDC,0.9778624
TREM1,1
TREM2,0.3053998
TREML2,1.13E-06
TRERF1,0.9984042
TRIB1,0.1305668
TRIB2,1
TRIB3,1
TRIM10,1
TRIM11,1
TRIM13,1
TRIM14,0.9923471
TRIM15,1
TRIM17,1
TRIM21,1
TRIM22,1
TRIM24,1
TRIM25,0.001933262
TRIM26,1
TRIM3,1
TRIM31,1
TRIM33,1
TRIM34,1
TRIM37,0.9977432
TRIM40,0.8530363
TRIM41,1
TRIM46,1
TRIM5,1
TRIM55,0.8180208
TRIM56,1
TRIM58,1
TRIM60,0.9988716
TRIM62,1
TRIM63,1
TRIM69,0.3558291
TRIM72,1
TRIM74,0.3908995
TRIM75P,1
TRIM77,1
TRIM8,0.06959096
TRIM9,1
TRIO,1
TRIP10,1
TRIP6,1
TRMT61A,0.9972361
TRPA1,1
TRPC1,1
TRPC3,1
TRPC4,0.9856832
TRPC5,1
TRPC6,1
TRPC7,1
TRPV1,0.08932623
TRPV2,1
TRPV3,0.7878825
TRPV4,0.940678
TRPV5,1
TRPV6,0.6584516
TSG101,1
TSHR,0.01688352
TSHZ1,1
TSN,0.4932081
TSSK2,0.3994471
TSSK3,1
TSSK4,1
TSSK6,1
TSTA3,1
TTBK1,0.01248342
TTBK2,1
TTC1,1
TTC13,1
TTC16,1
TTC17,1
TTC19,0.419869
TTC21A,1
TTC21B,1
TTC24,0.2151434
TTC26,1
TTC27,1
TTC28,1
TTC29,1
TTC3,0.5074702
TTC31,0.5698904
TTC39C,1
TTC6,0.9068228
TTC7A,0.9941368
TTC8,1
TTC9B,1
TTF2,1
TTK,1
TUBA1A,1
TUBA1B,1
TUBA1C,1
TUBA4A,0.9921825
TUBA4B,0.3001652
TUBA8,0.9988716
TUBAL3,0.5030938
TUBB1,0.8073896
TUBB2B,1
TUBB3,1
TUBB4A,1
TUBB4B,1
TUBB6,1
TUBD1,0.3210987
TUBE1,0.9988716
TUBG1,1
TUBG2,1
TUBGCP4,1
TUBGCP6,1
TWISTNB,1
TXK,1
TYK2,0.9202174
TYRO3,0.8337271
U2AF2,1
UACA,1
UBASH3A,1
UBASH3B,1
UBB,1
UBC,1
UBE2D1,1
UBE2D3,1
UBE2D4,1
UBE2G1,1
UBE2G2,1
UBE2U,1
UBE4A,0.4003676
UBL4A,1
UBL4B,1
UBL7,1
UBLCP1,1
UBOX5,1
UBQLN1,1
UBQLN2,0.4236282
UBQLN3,0.9988716
UBQLNL,0.6547967
UBTD1,0.9956298
UBTD2,1
UBXN1,1
UBXN11,1
UBXN2A,0.43441
UBXN2B,1
UBXN4,1
UBXN7,1
UBXN8,1
UHMK1,1
UHRF2,1
ULK1,1
ULK2,0.9980456
ULK3,1
ULK4,0.5396979
UNC45A,0.8508516
UNC45B,1
UNG,1
UPF2,1
UPK1A,1
UQCR11,1
UQCRC1,1
USH1G,1
USH2A,0.3464907
USP11,1
USP14,1
USP15,1
USP32,1
USP39,1
USP4,1
USP48,1
UTRN,0.7348243
UTY,1
UXS1,1
VAMP2,1
VAMP7,0.9988716
VARS,1
VAV1,1
VAV2,0.9977432
VAV3,1
VCAN,1
VCP,0.9984042
VCPIP1,0.9988716
VEGFA,0.000429154
VEGFB,1
VEGFC,1
VHL,0.9984042
VIT,1
VPRBP,1
VPREB3,1
VPS4A,1
VPS4B,1
VSIG1,0.251906
VSIG10,1
VSIG2,1
VSIG4,1
VSTM1,0.6102631
VSTM2B,1
VSTM2L,1
VSTM4,1
VSTM5,1
VSX2,1
VTCN1,0.9984042
VWA1,1
VWA2,0.7607073
VWA5A,0.7324213
VWA5B1,1
VWA5B2,0.9977432
VWA9,1
VWF,1
WDFY1,1
WDR24,0.9972361
WDSUB1,0.4540452
WDTC1,1
WFDC8,1
WFIKKN1,1
WFIKKN2,0.9984042
WNK2,0.0496526
WNK3,0.9557563
WRN,0.369144
WSB1,0.9988716
WT1,1
WTIP,1
XPO6,0.1296774
XRCC4,1
YES1,1
YOD1,1
YTHDC2,0.7997086
YWHAB,1
YWHAE,0.989971
YWHAG,1
YWHAH,1
YY1,1
YY2,1
ZAP70,1
ZBED9,0.9914067
ZBTB1,1
ZBTB10,1
ZBTB11,0.9344531
ZBTB14,1
ZBTB16,1
ZBTB17,1
ZBTB18,1
ZBTB2,1
ZBTB20,0.9758027
ZBTB21,1
ZBTB22,0.600045
ZBTB24,1
ZBTB25,1
ZBTB26,1
ZBTB3,1
ZBTB32,1
ZBTB34,1
ZBTB37,1
ZBTB38,1
ZBTB39,1
ZBTB4,1
ZBTB40,1
ZBTB41,1
ZBTB42,1
ZBTB43,1
ZBTB44,1
ZBTB46,1
ZBTB47,1
ZBTB48,1
ZBTB49,1
ZBTB5,1
ZBTB6,0.9988716
ZBTB7A,1
ZBTB7B,1
ZBTB7C,1
ZBTB8A,1
ZBTB8B,1
ZBTB9,1
ZC3H7A,0.8673347
ZC3H7B,1
ZDHHC13,0.02027493
ZDHHC17,1
ZDHHC6,1
ZFAND1,0.4589501
ZFAND4,0.0479501
ZFAT,1
ZFC3H1,0.9968085
ZFHX4,0.9743726
ZFP1,1
ZFP2,1
ZFP37,0.09488632
ZFP42,0.7128773
ZFP64,0.9476439
ZFP69,1
ZFP69B,1
ZFP82,1
ZFPM2,1
ZHX2,1
ZHX3,1
ZIK1,0.4891897
ZIM3,1
ZKSCAN1,1
ZKSCAN2,1
ZKSCAN8,0.503392
ZMYND8,0.7211327
ZNF10,0.8607232
ZNF112,0.02609665
ZNF114,1
ZNF12,0.9914067
ZNF132,1
ZNF133,1
ZNF136,1
ZNF14,1
ZNF140,1
ZNF143,1
ZNF154,1
ZNF155,1
ZNF157,1
ZNF16,1
ZNF177,0.2113986
ZNF182,0.9988716
ZNF185,1
ZNF19,0.8930491
ZNF20,0.4797955
ZNF202,1
ZNF214,0.3663916
ZNF22,1
ZNF221,0.07733764
ZNF222,1
ZNF223,1
ZNF224,1
ZNF225,1
ZNF226,1
ZNF233,0.8804809
ZNF236,0.9914067
ZNF239,1
ZNF24,0.4829662
ZNF248,1
ZNF251,1
ZNF256,1
ZNF26,0.4564531
ZNF263,1
ZNF267,1
ZNF268,1
ZNF280A,0.7640628
ZNF280B,0.587492
ZNF280C,1
ZNF282,1
ZNF283,0.02132471
ZNF284,1
ZNF286A,1
ZNF286B,7.92E-08
ZNF287,1
ZNF3,1
ZNF304,1
ZNF316,0.9725508
ZNF317,0.6922634
ZNF329,0.4257904
ZNF331,1
ZNF334,0.2827609
ZNF335,1
ZNF337,1
ZNF33A,0.8358458
ZNF33B,1
ZNF34,0.3288371
ZNF341,1
ZNF345,1
ZNF354A,1
ZNF354C,1
ZNF358,1
ZNF366,1
ZNF383,0.883495
ZNF398,1
ZNF408,1
ZNF41,1
ZNF410,1
ZNF414,1
ZNF415,0.6261761
ZNF416,1
ZNF418,1
ZNF420,1
ZNF423,1
ZNF426,0.006648859
ZNF429,1
ZNF436,1
ZNF438,0.2111599
ZNF441,1
ZNF442,1
ZNF444,1
ZNF445,1
ZNF446,1
ZNF449,1
ZNF454,0.523181
ZNF461,1
ZNF473,1
ZNF48,1
ZNF483,1
ZNF485,0.2778786
ZNF490,1
ZNF493,1
ZNF497,0.5825077
ZNF501,1
ZNF507,0.9964318
ZNF510,1
ZNF513,1
ZNF514,1
ZNF517,1
ZNF518A,1
ZNF526,0.723396
ZNF529,1
ZNF532,1
ZNF540,0.1298743
ZNF541,1
ZNF546,0.1819444
ZNF547,1
ZNF550,1
ZNF555,1
ZNF556,1
ZNF558,1
ZNF563,1
ZNF564,1
ZNF565,1
ZNF566,1
ZNF568,1
ZNF571,0.6276391
ZNF572,0.7077924
ZNF574,1
ZNF575,1
ZNF576,1
ZNF577,1
ZNF580,1
ZNF581,0.9909732
ZNF584,1
ZNF587B,1.46E-11
ZNF599,1
ZNF605,1
ZNF607,1
ZNF619,0.3350646
ZNF620,1
ZNF621,0.7461578
ZNF623,0.9919419
ZNF624,1
ZNF627,1
ZNF629,0.6116577
ZNF644,0.8762961
ZNF649,0.177293
ZNF658,1
ZNF662,0.9984042
ZNF667,1
ZNF668,1
ZNF670,0.9950815
ZNF671,0.2601452
ZNF672,1
ZNF676,0.06162494
ZNF677,1
ZNF683,1
ZNF687,1
ZNF689,0.9952127
ZNF69,0.176623
ZNF692,1
ZNF696,0.8608262
ZNF697,1
ZNF699,1
ZNF709,1
ZNF710,1
ZNF74,1
ZNF749,1
ZNF764,0.9084279
ZNF768,0.5372278
ZNF77,0.7514124
ZNF773,0.876028
ZNF774,1
ZNF777,1
ZNF780A,0.000164283
ZNF785,0.5145655
ZNF786,1
ZNF787,0.9974769
ZNF788,4.04E-05
ZNF789,1
ZNF79,0.9395134
ZNF791,1
ZNF793,1
ZNF799,1
ZNF80,0.8102947
ZNF805,1
ZNF814,2.08E-06
ZNF823,1
ZNF829,0.2778741
ZNF837,1
ZNF843,1
ZNF850,1
ZNF852,1
ZNF865,1
ZNF878,1
ZNF883,1
ZNRF1,1
ZNRF4,0.007604805
ZPLD1,1
ZSCAN10,1
ZSCAN20,0.6725791
ZSCAN22,0.9968085
ZSCAN23,1
ZSCAN25,1
ZSCAN30,0.7199903
ZSCAN31,1
ZSCAN9,0.2293651
ZXDC,0.9984042
