MISP3,0.343433
TRABD2A,0.9864601
TMEM213,1
ZC3H6,1
TMEM192,1
CEP128,1
CCER2,0.9988716
BIVM,1
LPCAT3,1
NPIPA3,1
MRGBP,0.9988716
DPPA4,0.3894527
TSGA13,1
RSPH3,1
C19orf71,0.7604998
AUTS2,1
PRR23D2,0.001970509
TWIST1,1
MTRNR2L4,1
TMEM70,0.052284
NKAIN2,1
SPATA6,1
BBS9,1
CALHM2,0.3759309
TCTN3,0.8239776
GLG1,0.9988716
BYSL,1
FAM186B,0.5114879
NDUFC1,1
KRTAP19-7,1
CYBA,1
MYADM,1
DSCR8,0.9977432
KRTAP10-12,1
GSDMA,1
CNPY1,0.460633
TM4SF4,1
C16orf45,0.9956298
SURF2,1
TMEM65,1
SMIM12,1
NRSN2,0.4560564
TMEM35B,1
NSRP1,1
NUP210,0.8292912
LYRM4,1
ZNF35,1
SNRNP27,1
EURL,1
ARMS2,1
TMEM159,0.2292572
CLASRP,1
FANCD2OS,1
RD3,1
ZBED6CL,1
KRTAP10-4,0.005032128
PRB2,1
ZNF326,0.9950815
CENPM,1
FAM180A,1
BCL7B,1
KRTAP9-1,0.2897531
C10orf99,1
MED27,0.9928636
IER5L,1
FYTTD1,1
INAFM1,0.4753762
DEFB118,0.4303065
POMGNT2,1
NOTUM,1
FAM221A,0.3603136
UBE2Q2L,0.02843121
CROCC,1
TSR2,1
DET1,1
TMA7,1
SMPD4,1
POLD4,1
SCG2,1
MMD,1
SAPCD1,1
IQCC,0.003370206
CAVIN2,1
CYSRT1,0.3161234
PERM1,0.5430163
PTDSS1,1
TRAM2,1
SYS1,1
LCE1E,1
TMEM233,1
FBXO28,1
C19orf84,1
PEX26,1
SFR1,1
KRTAP19-3,1
FAM9B,0.06068713
MYEOV,0.3992002
NPW,1
GRHL1,0.9956298
IFITM10,1
C6orf48,1
OPALIN,1
PRM3,0.6919598
B9D2,1
ARHGEF35,1
FAM53B,1
DGAT1,1
SPATA32,1
GPBP1L1,1
PYM1,1
RPS19BP1,1
KNCN,0.1939834
FAM222A,1
ZDHHC5,0.9984042
TNNT1,0.9948292
SCRT1,1
UCMA,0.7928424
CLDND1,1
OFCC1,0.218098
NCOA4,1
UPK3A,0.4920227
TMEM179,1
CLRN3,1
FATE1,0.530293
ESF1,1
SYPL1,1
MUC20,0.07423492
SYCP2L,1
CCDC150,0.8614911
RSRC2,1
FAM110D,1
PRR15,0.4392848
GLCCI1,0.9927749
DSCC1,1
DRAM1,1
BLID,0.1106017
CENPU,1
TEX261,1
TMEM237,0.2612902
SSR3,1
CNTROB,1
ZNF608,0.7089021
LMBRD2,1
BCAS1,1
LCA10,0.9950815
SPRR2G,0.9930443
EIF3D,1
DEFB131A,1
BRMS1,0.9646337
C15orf59,1
CLUL1,0.8210673
CCDC110,0.5159626
MLLT11,1
MRPL57,1
JKAMP,1
LSMEM1,1
SDC1,0.6809147
ZIM2,1
SELENOP,1
DEFB124,0.3846971
GAGE12B,1
COMMD10,1
MS4A10,1
CHTF8,0.3927749
TMEM251,1
CCDC182,1
AGMO,1
PIGW,1
TMEM164,0.9984042
FAM72C,0.7514052
KIAA1024,1
ATF7,0.9974769
TCP11L1,1
CITED1,1
TEX2,1
TMEM167A,1
PISD,0.9970146
CBY1,1
CDCA2,0.9718868
TMEM240,1
PRNP,1
LUZP1,0.7296231
CDC123,0.9240936
CSRNP2,1
FAM196A,1
TM9SF3,1
KRTAP12-4,1
SRP68,1
GNAS,0.9919419
TMEM200B,1
CHCHD10,1
GLCE,1
C12orf40,0.04182218
REP15,0.4039818
STC1,1
CLDN7,0.4677552
C10orf68,1
CLDN18,1
ZC2HC1A,1
XAGE3,1
NTS,0.4523399
TEF,1
RTL8A,1
CEND1,0.4477253
C5orf56,1
AMER1,0.007951816
LAD1,1
MYDGF,1
IGFL2,1
CTAGE5,1
LINC00341,1
ELOVL2,1
DAPL1,0.9112634
SCAMP1,1
SCAMP5,1
PET100,1
ZNF460,1
FAM71A,0.7161084
UBIAD1,1
TMEM132E,1
C8orf48,0.1740959
TROAP,1
TMED9,0.8493669
C10orf76,0.9962576
SLC35G5,0.7180756
FADS6,1
TCEAL2,0.961916
DEPP,1
PDYN,0.9172304
TADA1,1
ERVV-2,1
TCP10L,1
RIBC2,1
TMEM114,0.2058366
GCSAM,1
SYCE3,1
TMEM89,1
GAGE5,0.2867665
LEPROTL1,0.4085529
MPV17,1
THOC7,0.9948292
BLCAP,0.9980456
PCLAF,1
CCDC80,1
C14orf79,1
PSORS1C1,1
C20orf141,1
CMC1,1
TRAPPC10,1
INIP,1
APOL5,0.2441568
PHLDA2,1
NUP62CL,1
CCDC83,0.2318764
TCEAL7,0.9977432
RARRES2,1
SMCR8,1
TMEM41A,1
ACER3,1
MCCD1,1
BNC2,1
SPATA9,1
YIPF3,1
C9orf135,1
SMRP1,0.4627777
MYOZ2,1
PCNX3,1
TMEM250,1
CCDC47,1
FAM228A,0.05432436
SNAPC3,1
DEGS1,1
FAM177A1,1
RABAC1,0.8168396
COMMD6,1
TMEM128,1
PPP4R3A,1
CAMK2N2,1
C17orf62,1
ZDHHC21,1
EMC6,1
CXCL16,1
C16orf95,0.02113905
C9orf92,1
OSTM1,1
SCGB3A1,0.2267914
IZUMO4,1
CCDC130,1
KRTAP13-3,1
SOGA1,1
ZNF276,1
TMEM223,1
PRLH,1
HLF,1
GSAP,1
P3H4,0.6802398
RTN3,1
NIPAL2,0.1371156
AFF3,1
PANX3,0.7965985
KIAA0895L,1
COMMD7,1
SF3B5,1
TMEM18,1
TMEM86B,1
OSTN,1
C7orf61,1
TMEM171,1
C11orf49,0.1574672
C9orf40,0.1827805
CCDC171,0.5254895
C3orf80,1
MNS1,0.4462739
C20orf85,0.4416375
CACNG4,1
TRAPPC9,0.2359112
TMSB15B,1
TBRG4,0.005944494
KRTAP25-1,1
ODF3L1,1
TMEM35A,1
SLC35F2,1
NDUFB2,0.4286612
FAM180B,0.2802865
PNMA5,1
C8orf86,1
TMC1,1
TMEM184A,1
DCANP1,1
TNP1,1
FBRS,0.01855216
DEFB134,0.9988716
PIFO,1
PIEZO1,1
TMEM190,1
SMDT1,1
MS4A4E,0.09327965
PGBD2,1
ZCCHC10,1
C12orf49,1
MFAP5,1
SPERT,0.9977432
FIBIN,0.9968085
CFAP54,1
C8orf4,0.3095511
WFDC9,0.2757426
KIAA0930,1
LST1,1
PRR15L,0.9977432
UTS2B,0.9916319
ZNF365,1
PIGC,0.9949538
MEIG1,1
MRPL51,1
THEG,0.3529708
CSN3,1
C1orf100,1
CCK,1
KIAA0556,1
PLAC8,0.995778
NUFIP1,1
MOAP1,0.2412591
SPDYE5,0.1436402
CEP295NL,1
GINM1,0.04562668
OCIAD1,1
NIPAL4,1
SLC39A8,0.9988716
DONSON,1
IFT43,1
ANO1,1
HID1,0.9984042
CITED4,1
TACC3,1
NDUFA8,1
C1orf64,1
PRR34,1
NSG1,1
TMEM9,1
SPATA25,1
SMIM10,1
CFDP1,0.1905363
ATE1,1
TMEM95,1
MS4A12,1.21E-05
PIK3R6,1
C11orf57,1
CLLU1,1
C19orf73,0.1892891
SSR4,1
RTL5,0.9295793
ETFRF1,1
DSPP,1
C11orf1,1
TMEM249,1
GPATCH11,0.9988716
PRB4,0.6127457
TIPRL,1
KIAA1462,1
BAALC,0.2763603
CENPN,1
ADCYAP1,0.1950279
IER5,1
IQCD,0.9988716
LEG1,1
DEUP1,0.001566341
CXCL17,1
C1orf61,1
SMIM22,1
ZDHHC19,1
CRIPT,1
ADIG,1
CCDC25,1
C17orf47,0.865948
TMED6,1
KRI1,1
TSR3,1
PAQR9,1
SAP25,1
C21orf62,4.10E-07
TMEM45A,1
C2orf50,1
TMEM147,0.3592847
SIDT2,1
MINDY4B,1
PRCD,1
KRTAP10-3,1
KIAA1614,1
REEP6,1
ACRBP,1
HPS3,1
C2orf76,1
CEP152,0.333066
TRMT13,0.9974769
CAVIN4,0.8439249
C16orf87,1
XKR4,1
SLC7A6OS,1
MBIP,0.7896928
DPPA3,1
HRC,0.9972361
BLOC1S1,1
DFNB59,1
TSGA10IP,0.9960912
C8orf37,0.5190312
SLC39A6,0.002562448
MRNIP,1
C11orf88,1
RD3L,0.2921859
TIMM22,1
TFAP2C,1
CCDC179,0.7829046
PEX11A,1
RSPH9,2.05E-08
KRTAP10-11,1
C1orf210,1
CLDN9,1
NDUFB3,0.9980456
LAPTM4A,1
NKAIN3,0.9954865
SPATS1,0.6514571
CDS2,0.04131221
MAP9,1
DPCR1,0.7902595
SLC34A3,1
INTS5,0.8138672
PXT1,0.4524936
KRT17,1
TBKBP1,0.9988716
DYDC1,1
YAE1D1,0.4543312
BRINP1,1
TGOLN2,0.9988716
GNRH1,1
ANXA2R,0.5603261
EIF3L,1
TMEM238,1
FAM163B,1
TMEM160,1
DIO1,1
AUNIP,0.186421
DEFB132,1
CEBPD,1
IER3,0.2808583
FAM205C,0.003961518
LUC7L3,0.9988716
SPATA46,1
TMEM243,0.9988716
MZT2A,1
SMIM23,1
ZAR1,0.9550158
ZDHHC4,0.8700002
SELENOF,1
LSMEM2,0.3958639
CARF,0.6530905
C16orf78,0.3310178
CDCA3,1
COX16,1
SARG,0.6364312
CRLS1,1
PRR16,1
DEFB125,0.7664498
SMCP,0.7996416
ESCO2,0.04185362
MPC1,0.4262556
KANSL2,1
AFF4,0.4187694
SLC35G3,0.2291004
PLXDC1,0.7864663
NOL11,1
C19orf48,0.2830598
FAM198A,0.9964318
GAGE12J,0.4610147
LURAP1,1
TMEM135,0.4254623
CBY3,0.0175441
SLC39A2,1
POMP,1
PIGV,1
TEX28,1
C1orf141,0.5433926
C1orf216,1
FAM184A,1
FAM9C,1
CD52,1
C6orf201,0.2036485
CCDC126,1
ZDBF2,1
LINC00116,0.4597357
DDOST,1
TICRR,1
CTXN2,1
LCE1D,1
TMEM52,1
FAM160A1,1
LINC00998,1
TP53I13,1
MP68,1
CHCHD1,0.9984042
FAM217B,1
XAGE1A,0.5034702
TEKT5,0.8602582
C15orf53,1
CEP85,0.9988716
MAP10,0.1863559
NPIPA7,1
MON1B,0.0065044
TMEM88,1
NPIPB5,1
ODR4,0.4469708
ZNF609,1
SDCCAG8,1
DBP,1
SMCO2,0.3542165
ALG10,1
UNC50,1
ANO6,0.9988716
NDUFC2,1
TMEM64,0.7063185
SMIM3,1
SPACA7,1
TEX13A,1
GAGE10,0.8986635
CIR1,0.2922568
TANGO2,1
MUC7,1
BRI3BP,1
KCNMB3,0.09219441
CDC42EP4,1
RRBP1,0.9930443
PRY,1
RUBCNL,1
PAGE1,1
UTP14C,0.9489329
PHYHIPL,0.4601368
ARC,1
YIPF4,1
C2orf15,1
RPAIN,1
ACER2,1
CCDC129,0.9970146
TMEM41B,0.4302005
HHLA3,1
NOL4L,1
MS4A7,1
CCDC86,1
CCDC57,1
FAM221B,0.9187411
CIART,0.3913595
THOC2,1
RFLNB,1
ADIPOR2,1
BLACE,1
MALL,0.4610782
TAF7,1
CCDC15,1
C1orf122,1
MSGN1,0.9642049
MYOZ3,1
CORT,1
DCST2,1
OPA3,1
KRTAP10-2,0.4676691
EPSTI1,0.258671
PALM,1
DPY19L2,1
MED30,1
SLC35B2,0.9988716
UFL1,1
ABRAXAS2,1
KRTAP6-2,1
CCDC50,0.7935835
MSC,1
SPANXA1,1
SLC35A2,1
OSCP1,0.2290878
CAMK2N1,1
DNTTIP2,1
C9orf131,0.006304724
FAM228B,0.9970146
ST20,1
GPBP1,1
TMEM127,1
STRA8,1
SPATA19,1
ROMO1,1
MS4A6A,0.1482047
SIVA1,1
TMEM150A,1
NSL1,1
C10orf67,1
SLC35D3,0.5419932
PCOTH,0.9974769
MEDAG,1
AMER2,1
DEFB110,0.2332152
DEFB119,1
CHIC1,1
TRPC4AP,1
CLDN17,1
C3orf70,1
CENPF,0.8902519
ZC2HC1B,0.3018629
MSLNL,0.3077582
XAGE2,0.2817245
HIKESHI,1
FAM166A,1
AKAP2,1
PET117,1
TM9SF4,0.9988716
OCIAD2,0.4438752
ELOVL3,0.9283667
GAPT,1
TRIQK,1
CEMP1,1
TAMM41,1
CTNS,1
TCEAL1,1
SLC35G4,0.2390638
RTL8B,1
C17orf100,1
SPACA1,1
GCFC2,0.9984042
TXNRD3NB,1
C14orf105,1
MAMSTR,1
NPHP4,1
CLDN6,1
PIGU,1
CNIH4,0.4157646
TMEM132B,1
C7orf73,1
TMEM184B,0.3216543
C17orf107,1
PAQR5,1
PQLC1,1
TNP2,0.1815233
AURKAIP1,0.9960912
FAM26F,1
FAM181B,0.001133691
MCUR1,0.2846315
IL17REL,0.8910798
C15orf57,1
MRPL54,0.3193585
KIAA0754,0.2588775
DEFB103A,1
ZNF217,1
THEGL,1
BEST3,1
KRTAP5-2,1
CABS1,1
ICE1,1
NFIX,6.21E-11
TCTN1,0.2909271
SPATA45,1
FAM136A,1
SPRR4,1
RIC8B,1
DOPEY1,1
TEX36,1
NRGN,1
AES,1
KCNMB4,1
PBXIP1,0.3087335
TMEM80,0.6057434
SMAP,0.9966149
ERVW-1,1
C10orf105,1
WFDC12,1
C16orf82,1
TMEM5,0.4324524
GRP,1
CCDC185,4.50E-16
ENKUR,0.6132621
TMEM201,1
NSG2,1
TACC1,0.9972361
VEZT,1
CD164L2,0.4220644
PCM1,0.2039114
FAM192A,1
FAM72D,0.711143
BLOC1S2,0.9019495
ADM5,0.3157822
FAM209A,0.01682313
C3orf84,0.6606855
OPRPN,0.3765192
SPANXN4,1
SYNGR2,0.9952127
C20orf24,1
SCGB3A2,0.9977432
RFTN1,1
ZFP14,1
SPATA31E1,1
TMEM222,0.9988716
MPDU1,1
GOLIM4,0.5959458
SHISA4,1
CXorf23,1
FAM106A,0.2417758
CCDC142,1
CACNG3,1
TRAT1,0.9966149
SREK1IP1,1
C11orf53,1
VPS51,1
DNASE2B,1
TMEM87A,1
SCRT2,1
SYCP3,1
RETREG1,1
GTSE1,1
SLC39A7,1
HIRIP3,1
ECSCR,1
MANSC4,1
UHRF1BP1L,0.7289607
C4orf17,1
KAAG1,1
MCEMP1,0.06125518
NPB,1
TMEM55B,1
C7orf57,1
PRR26,0.9537074
MAP6D1,1
CCDC127,0.9952127
GPR89B,1
POLR3GL,1
TMEM145,1
PIEZO2,0.9860891
COA5,0.9974769
DTWD1,1
KRTAP22-2,1
WLS,1
PNMA8A,1
FAM214A,0.9988716
TADA3,1
GOLT1B,0.9956298
C16orf46,0.5640899
TM2D2,1
SGCD,1
KRTAP13-4,1
TMEM232,0.7654933
CCDC173,1
HECA,0.8793375
SPIDR,1
ZNF428,1
CLDN11,1
CTXN3,0.8969689
LCE2A,0.6040114
TMEM140,0.9988716
UCN2,1
TEKT3,0.7803397
KRT25,0.7118017
SLAIN2,1
CCDC85B,1
FAM9A,1
PRNT,1
CCDC134,1
IFT46,0.4050923
TEX19,1
DEFB133,1
ARIH2OS,1
KRBA1,0.8802765
SMIM4,1
ROGDI,1
KIAA2012,1
TMEM177,1
RIPPLY2,1
DIO2,1
MT-ATP8,1
TMEM168,0.9904256
LSP1,1
PSCA,1
TMEM235,1
TAC4,0.5921765
NDUFA6,1
DGCR6L,0.3215528
ALKAL1,0.9988716
TEX12,1
CCDC113,1
SMIM20,1
STPG3,1
CFAP126,1
CDS1,1
DYNAP,0.6416613
DES,1
GRAMD4,1
PRPF38B,1
SMIM24,0.8162236
CHGA,1
GRHL2,1
MS4A6E,0.3960003
XP32,0.6762674
MRPL55,0.6917643
SPRY3,1
PIRT,0.9988716
PI4K2B,1
C4orf47,1
MS4A13,1
MZT2B,0.9977432
DEFB126,1
ZSWIM5,1
CLRN1,0.9478139
GAST,1
EBAG9,0.9940292
DMRTC1,1
TMEM244,0.3107494
SSR2,0.9984042
KIAA0753,1
SHISA6,1
POM121L2,0.006615459
LEPROT,1
KANSL1,1
CCDC184,1
FAM50A,1
CLLU1OS,0.6756499
ZDHHC3,1
KIAA1211L,1
GAGE13,0.2867665
TP53TG3,1
CALCA,1
COX15,1
KIAA1644,0.9984042
LZIC,1
TRAPPC8,0.8624902
DEFB136,1
CCSER1,0.946315
CLDN5,1
SSNA1,0.9941368
C11orf84,1
C19orf44,1
SPATA8,0.6514571
LIME1,1
MRPL32,1
A4GALT,1
CPXCR1,0.2042289
C17orf67,1
MIS18A,1
NXPH4,1
SUDS3,1
C12orf57,1
C2orf91,0.4112646
PPP6R1,1
ZNF354B,1
HHLA1,0.7872914
GGCX,0.5326297
FXYD5,1
PPP4R2,1
NDUFA13,1
SCD5,1
RPRML,1
MAP6,0.6319602
ARMC9,0.001068005
C2orf49,1
DEC1,1
ZNF804A,1
XKR3,1
ERVMER34-1,0.599817
MTRNR2L7,1
C2orf82,1
MAML2,1
DSCR4,1
TOR1AIP2,1
TFAP2D,1
STEAP1,0.4237419
GSDMD,1
CMTM4,0.4604881
TMEM126A,1
GAGE6,1
TPD52,1
SURF6,1
C17orf51,0.3957453
ZNF503,1
PACS2,0.8117215
TAF7L,1
GCNA,1
APOF,1
KRT85,1
GPR180,1
CLDN8,0.4260474
LDOC1,0.9988716
C1orf109,1
SPPL3,1
PERP,1
NPDC1,0.9977432
PMF1,0.4480903
PIGX,0.9947075
TPRX1,1
C19orf81,0.9824117
TMEM200A,1
SLC35F3,1
TMEM202,0.9939236
TP53I11,1
GPM6B,1
MTCL1,1.51E-06
DEFB121,0.9988716
PACS1,1
ZC3H18,0.5814365
PMP22,1
PDZK1IP1,1
FAM71D,0.6027943
DMAC1,1
C17orf80,1
C16orf86,1
KRTAP10-6,1
SMIM14,0.9988716
TSPAN13,0.9984042
SPDYE3,1
CGGBP1,1
ERVV-1,0.003974313
SYCE1L,0.8163774
MIC13,1.99E-08
ORMDL3,1
C16orf59,1
APLN,1
FMC1,1
TMEM101,1
TCEAL9,1
C9orf43,0.04620349
SPACA9,1
SPTSSB,1
CLDN22,1
FAM209B,1
FAM159A,1
TMED2,1
INSIG1,1
BEX3,1
GOSR1,1
SCG3,0.2408657
FAM25BP,1
C10orf35,1
COA4,1
DNASE2,0.3191589
TESPA1,1
NRAC,3.68E-13
TM7SF3,1
SAGE1,0.5527363
SHISA2,1
PNMA6A,1
C1orf21,1
STATH,0.9984042
MBOAT1,1
C8orf88,1
PAGR1,1
MAP7D2,1
POLR2M,1
NKPD1,1
BEST4,1
FAM212A,0.2163167
HPS6,1
KRTAP26-1,0.4355086
ZDHHC23,1
KRTAP21-2,1
SFXN5,1
BRINP3,1
SMIM5,1
GPR137B,0.9980456
TMEM221,1
TMC3,0.5010045
KRTAP15-1,1
PQLC3,0.4115516
PODXL2,1
KRBOX4,1
PANX1,0.2749998
PAQR3,0.4062664
COMMD9,0.3983571
TMEM189,0.838572
GOLGA7,1
JUND,1
C4orf32,0.8123968
MTDH,0.4148059
C22orf39,1
FAM149A,0.5445969
CRCT1,0.5161766
YAF2,1
G0S2,1
QRFP,1
KRT28,1
PRR20A,1
INTS8,1
FAM167B,1
CERS1,1
TMEM72,1
CCSER2,0.4684956
RETREG3,1
PMCH,1
DEFB104A,1
SLC39A10,1
MCUB,0.8816729
PRR20E,1
CITED2,0.4079394
AKIRIN1,1
NMB,1
TMEM203,1
TIMM17B,1
LCE3C,0.003138117
C10orf126,1
TACSTD2,1
GPALPP1,1
TMEM176A,1
NREP,1
CLPTM1L,1
KIAA0232,0.9974769
C2orf72,0.3390453
SLC29A4,1
ZC3HC1,1
IFRD1,1
CCDC38,0.7035433
GON7,1
TMEM218,1
ANO9,1
NKAIN4,0.8576551
FAM122C,0.5177255
C9orf116,1
DNAAF3,0.00633415
PRKRIP1,1
SPRN,1
ATF4,0.5613048
EMC10,1
CMTM5,1
NPIPB11,1
PMAIP1,1
C8orf58,1
TMEM120B,1
PQLC2L,1
NDUFA5,7.68E-06
ELMOD3,1
AMELX,0.9988716
ALG12,1
EBNA1BP2,1
SMLR1,1
TMEM132C,1
CMTM1,1
UBAP2,0.9598999
SPAG17,1
SLC35B3,0.8734832
PGAP2,0.8035022
KRT35,0.9472694
FNDC10,0.9558569
NPPB,1
XKR9,1
GAGE7,1
AKAP8,0.5581073
FAM126B,1
C2orf66,1
SHISA7,1
GID4,1
CDC42EP5,1
EVA1A,0.9984042
C17orf58,1
THEMIS2,1
TMEM126B,1
OTOS,1
SGCE,0.989971
LURAP1L,1
C19orf18,1
SHISA9,1
NUPR2,0.7655598
FAM229A,1
SRRD,1
OTOP1,1
C8orf34,1
SLC35D2,0.3998877
AMTN,0.6493552
C14orf93,1
C1orf131,1
HRCT1,1
FSCB,0.4185475
C17orf105,1
CHTF8,0.3927749
ENSA,1
SCD,0.7858653
BICD1,1
SSX4,0.5906874
WFDC13,1
MLF2,1
MACC1,1
BLOC1S6,6.81E-05
FBXO47,0.8454833
CDK5RAP2,1
KRT19,1
TVP23A,0.1880417
SERP2,1
TMEM267,0.9988716
WTAP,0.9940292
DEFB108B,1
ATP6V0E1,0.9977432
TMEM117,0.9984042
FRAT1,0.4477505
KRT76,0.491591
ERICH6,1
BPY2,1
BEND5,0.9974769
DDIT3,1
TCEAL4,0.01590159
EEF1AKMT1,0.4247607
CDC42EP2,1
DPY19L3,1
C4orf46,1
SYNGR3,1
EVI2B,0.1337723
MBTPS2,1
C22orf31,0.9970146
TMEM125,1
TRDN,0.09726513
CLDN19,1
VASH2,1
TMEM130,1
FEZ1,1
TMEM211,1
XKR7,0.9775769
FAM199X,1
RTP4,1
RER1,1
FAM189B,1
CKAP2L,0.889311
ABRAXAS1,1
SC5D,1
SLC35F4,0.545782
EXD3,1
C1orf112,0.9984042
BRMS1L,1
BFSP2,1
GPX6,1
CDRT4,1
CLPTM1,1
FAM8A1,1
CTAGE1,1
SLC29A2,1
DEFB128,1
YIF1B,0.4850787
ZDHHC2,0.9949538
CMC2,1
ATP5I,1
FAM19A3,1
FAM72B,0.2798595
SOHLH1,1
ANO2,0.7399712
GRIPAP1,1
LEXM,0.9960912
ZDHHC12,0.3167034
CLDN1,1
NICN1,1
FAM46D,1
C5orf34,1
AFF2,0.6627352
XPR1,0.9871351
TEX29,1
CNFN,1
C12orf29,1
FLYWCH2,0.4618986
CCDC28A,1
NEPRO,1
FAM168B,1
HKR1,1
CCZ1,0.8333521
CCDC3,0.5914832
CEP120,0.9939236
SALL3,0.805635
C16orf74,0.6375915
COX14,0.9988716
KRT80,1
FAM114A2,1
SLC35A5,0.2698735
CALHM3,1
TAC3,1
TMEM212,1
SIKE1,1
TIMMDC1,0.9988716
CNRIP1,1
TMEM33,1
SEC62,1
PRR7,1
SHISA8,0.5822682
NIPA1,1
IZUMO3,0.8528755
ZCCHC12,1
TMEM231,0.7534437
LCE1A,1
POMC,1
CCDC148,0.02535532
EQTN,1
CCDC116,0.7233833
CEP95,0.6330108
SURF4,1
SMIM7,1
TRABD2B,0.8751671
FDCSP,1
RIPPLY1,1
NPVF,0.4153798
CNEP1R1,1
PEX16,0.8867911
C9orf142,1
DIO3,1
FAM149B1,0.07652404
CCDC112,0.7428886
STPG2,1
SDC4,1
LCE1F,1
VPS37D,1
MTRNR2L3,1
TMEM71,1
CDC42EP3,0.9966149
KLF16,1
ELOVL1,1
TEX37,0.4267017
BABAM2,1
TBATA,0.9959316
NDUFC2-KCTD14,1
EIF3J,1
YIPF2,1
MRPS33,1
C12orf4,0.9988716
LYRM9,1
TMEM262,1
SMIM1,1
KRTAP10-10,0.07906896
TSSC4,1
CAVIN1,1
RIPPLY3,0.3938417
ATG2B,0.3854202
SMIM13,1
RSC1A1,1
NDUFB1,1
PDPN,0.2321271
ANO7,1
FAM117B,0.9980456
C1orf74,1
TFAP2B,1
MKRN2OS,0.9443075
C17orf78,0.8170644
EPC2,1
TMEM38A,0.7182558
TMEM158,1
UQCC3,1
C1orf158,1
TMEM151A,1
TMEM252,1
GPM6A,1
KIAA1257,1
PRELID3A,1
MEI1,1
RTL4,0.9942464
C21orf58,0.2095955
NUCKS1,0.9988716
CDKN1C,1
TEX22,0.9667464
SFTA2,0.9988716
KLF7,1
MINDY4,0.08508035
OBSCN-AS1,1
MRPL37,1
NINJ1,0.6101298
PI4K2A,1
GPRIN3,1
C2orf73,0.8761898
SELENOT,1
C17orf53,1
C16orf70,1
C10orf128,0.3869928
PNRC1,0.9945885
TCHP,1
KRTAP10-5,1
FAM72A,1
TPRG1L,1
PTTG1IP,1
MFSD14C,0.577717
KRTAP20-1,1
SPRR1A,0.9959316
CDKN2AIP,1
CLU,1
CCSAP,1
EID3,1
INTS3,1
PAGE3,1
DNTTIP1,1
CLDN4,1
SSPN,1
PIGM,1
INO80D,1
PRR29,1
PXMP2,1
MSL1,1
AVPI1,0.3202523
LHFPL1,1
TMEM55A,1
DEFB135,0.4238071
EDN2,1
CLDN10,1
APRG1,1
SLC31A2,1
C2orf83,0.6030957
KRT24,1
BOD1,1
PPP6R3,1
NDUFAF8,1
PAQR4,1
EBPL,0.2298021
GSG1,1
SPATA1,1
LAT2,1
FAM53A,1
IER3IP1,1
BEST1,1
ZNF830,0.2544607
C20orf196,1
SPTY2D1,1
RTL6,1
C7orf77,1
C19orf68,1
SFXN1,1
MZB1,0.4086091
C2orf81,1
FAM76A,1
MEPE,0.1148626
TPD52L1,1
IGFL1,1
URB2,1
PARM1,0.05754935
XKRX,0.9984042
LNP1,1
TM4SF20,0.4203602
CHRDL1,1
C10orf120,1
MRPL52,0.399877
DRAM2,1
GOLGA1,0.9988716
CFAP77,0.9940292
CCDC81,1
DPY19L1,1
DFNA5,1
BCAP29,1
PPP1R17,1
SPATA7,0.6676647
CEP170P1,1
PGAP3,0.9968085
ASCL5,1
FAM168A,1
PPP1R15B,0.9984042
STPG1,1
CT83,1
CCDC153,0.1560138
TMEM178A,1
LMBR1,1
AMOTL1,1
MARVELD3,1
ARGLU1,1
C15orf61,1
CCDC58,1
SLC39A9,1
DCSTAMP,0.000494658
SELENOH,1
XKR8,1
NKAP,1
SPCS1,1
RRP36,1
MUCL1,1
MLN,1
AKIP1,1
DEFB105A,1
NDUFA7,1
NPS,0.05304826
KCNMB1,0.5519103
BEST2,0.9681131
FAM46C,0.4003256
NIPAL3,1
NDFIP1,0.9988716
PPP4R3B,0.629585
NKAPL,0.7596967
SMR3A,0.000500719
SPATA3,1
TMEM220,1
FAM104B,1
MARCKSL1,1
TMEM120A,1
PCP4,1
LYRM7,1
RIPOR3,0.9024845
ZDHHC11,1
SFXN4,1
TMEM208,1
SS18L2,1
IFFO1,1
KRBOX1,1
ZC2HC1C,0.1582972
FAM204A,1
CPLX4,1
TMEM219,0.9938197
TERB2,1
INO80E,1
ATP6AP2,1
TMED3,1
CCDC97,1
C14orf177,1
TMEM187,1
TMC4,1
GLMP,1
NOL12,1
NEMP2,1
TMEM86A,0.7076773
VASH1,0.3444215
FAM25A,1
C7orf50,1
GOLGB1,0.7394712
GRAMD1B,1
AP1AR,1
COLCA2,4.36E-06
PALMD,1
KRTAP10-9,1
C9orf47,1
NCBP2-AS2,1
CHIC2,1
SUPT7L,1
CD99L2,1
POLR3G,1
FAM229B,1
OTOP2,1
SLC39A5,0.8196667
TMED1,1
GRAMD1A,0.01077519
RGCC,1
TMEM100,1
MEI4,1
C22orf42,1
CXorf21,1
SPICE1,1
LYPD1,0.481677
TMEM263,1
TMEM8A,1
SLU7,1
MYOZ1,1
WASHC4,1
SYCE2,0.4427139
RPRM,1
HAUS7,1
ARV1,0.9960912
GPR137,1
CCDC85C,0.993518
TMC2,0.8753076
KRTAP16-1,0.2034533
CXorf67,0.6222298
ZDHHC22,1
LRCOL1,1
FEZ2,0.8023617
PSORS1C2,0.3742641
RLN3,1
SPTSSA,1
KRTAP27-1,0.006707111
ZDHHC11B,1
APCDD1,0.9943582
MS4A14,1
FAM86C1,1
KRTAP19-8,
GPATCH2,1
SYNPO,1
PLET1,0.3163368
TRPC5OS,1
INSL4,0.8826364
ODF3B,1
TMEM26,1
ZNF770,1
BASP1,1
NPPA,0.2999609
SP3,1
PAGE4,0.9988716
MSANTD3,1
CHCHD3,1
PRAC1,0.442779
STRIP1,1
CCDC186,0.1886847
TIMM17A,1
C20orf27,0.7487221
ZNF804B,0.05851169
FUNDC1,1
MS4A5,1
RP9,1
ARPIN,0.000241442
FAM19A1,0.9966149
CNIH2,0.9970146
CYTL1,0.003274292
XKR6,1
MORN2,1
KIAA1671,0.9970146
KRTAP6-1,1
OGFR,0.9972361
TIPIN,0.4480319
C7orf25,0.9988716
MRVI1,0.6946006
CASC10,1
BLOC1S5,1
TRAPPC11,1
TUSC1,1
PLAC8L1,2.32E-06
EMC3,1
VGLL4,1
ELMOD2,1
FAM89A,0.5136413
KRTCAP2,1
TMC8,1
OLFML1,1
AMELY,0.1171134
SDHAF4,1
GRXCR2,0.1738725
IMUP,1
ARL6IP6,1
ERC1,1
CLDN20,1
C3orf62,1
RTP5,0.800554
CACFD1,1
NEMP1,0.4117202
C19orf12,1
SLC29A3,1
SMKR1,1
GID8,1
TRAM1L1,1
C7orf72,1
TESMIN,0.7076139
ALMS1,1
BSCL2,1
RBBP8NL,0.9970146
C22orf15,1
YIPF6,1
SYP,0.4828418
TMEM131L,0.1710298
FAM131B,0.2896245
KXD1,1
NHLH1,1
RTL8C,1
COIL,0.9988716
MRPS26,0.9988716
TMEM132D,1
INSIG2,1
QSER1,1
ATP23,1
CD34,1
C1orf127,1
MRPS34,1
CCDC190,0.9152984
C10orf82,1
FGFBP1,0.7125533
CCDC73,1
UPK3BL1,0.9337893
EMCN,1
TM6SF1,1
FAXDC2,1
SSX5,0.680359
DAP,1
OLFML3,1
MTBP,1
SCAMP4,1
CLDN3,1
KIAA0040,1
CCDC137,1
NHLH2,1
SLC35B1,0.9954865
TMEM136,1
NELFB,1
SYNGR1,0.63254
TMEM133,1
SLC22A18AS,1
CT55,0.6982336
NUTM1,0.7405361
SHISA3,0.5062116
MXRA7,1
LINC01590,0.4415565
SREBF2,0.8283395
C1D,0.4183812
C4orf22,0.1331644
FAM114A1,0.2926317
RTP2,0.0299523
TEX35,0.4553388
C9orf153,0.004480948
IGFL4,0.9977432
CACTIN,1
TEX43,1
BBC3,0.04556526
COMMD2,1
ELOVL6,1
NDC1,1
HACD2,1
CLDND2,1
SAXO2,1
TET1,1
BOD1L2,1
NGDN,0.6927952
WASHC5,1
ANAPC16,0.9988716
XKR5,0.004600152
EPM2A,1
KRT27,1
ERICH5,0.2337197
DLEU7,1
FAM162A,1
TMEM50A,0.4352958
MYCBP,1
TMEM91,0.9988716
GHRL,1
TMEM39A,1
RTN2,1
SPESP1,0.4590516
PNMA2,1
BLOC1S4,1
UTP11,1
LYRM2,1
TMEM255B,1
C6orf141,0.1249889
CDC45,0.9443417
C5orf24,0.9984042
ELMOD1,1
C9orf64,1
ERICH4,1
APOPT1,1
ELN,0.9895972
CLDN12,1
CCDC157,0.2955182
LCE3B,1
C14orf37,1
APOLD1,1
PAIP2B,1
IK,0.9988716
SLC35F6,1
C12orf45,0.4331913
NUP62,1
C6orf89,0.9988716
SFTA3,0.3193424
SEMG1,1
C11orf21,1
SLC2A4RG,1
LMO7DN,0.1353393
TMSB15A,1
REEP4,1
CCDC39,1
GTSF1L,1
KRT23,1
FAM174B,1
APCDD1L,1
HCST,1
SPAG11B,1
TEDDM1,1
UPK2,0.4086009
PRR9,0.9575294
IL9,1
C3orf36,1
SPANXN3,0.8909011
C15orf65,1
C11orf40,0.164195
LMBR1L,1
KRTAP29-1,0.9357816
PCSK1N,1
PDCD2L,0.9504858
TMEM106A,1
C22orf46,1
FAM193A,0.9988716
NKG7,0.3073011
SLC39A12,1
C9orf50,0.1340105
TMEM216,1
FAM212B,1
FOXL2NB,1
TMEM186,1
CREBZF,1
NEFL,0.9984042
SCG5,1
OTOP3,0.8198987
COX20,0.4349528
RNASEK,0.9937175
GFAP,8.47E-15
SOBP,1
STK19,1
SMPX,1
VANGL2,1
HMSD,1
PGBD3,1
DUOXA2,1
SYCP1,0.9974769
PCNX4,0.1145366
PPP1R11,1
DMKN,1
IFI27L2,1
CMTM7,1
KRT73,1
TSPO2,1
C1orf52,1
MBOAT2,1
TMEM204,0.8911896
DYDC2,0.2153977
HIVEP2,0.9988716
CACNG6,0.4082984
C10orf62,1
CXorf49,1
MTUS2,1
GPR108,1
TMEM176B,0.3763136
QRICH2,1
SLC44A2,0.5798755
XK,1
ZCCHC24,1
C8orf74,0.9980456
CALCB,1
CACNG5,1
SELENOV,1
ZDHHC9,1
KRT79,1
C14orf166,1
EVI2A,1
TMEM105,0.268457
TMEM150C,1
FAM25C,1
DPT,1
TMEM161A,1
PRR20C,1
FAM47E,0.128719
TMED5,0.4201928
AMN,1
LCE1B,1
CXorf66,1
SPRY4,0.2895437
VPS13A,1
C21orf59,1
C2orf70,0.009582782
SGCA,1
TUSC2,0.6701951
INO80C,1
SPAG8,1
JPT1,1
SERF2,1
SFT2D1,1
TAF1B,1
LIAT1,1
MTRNR2L10,1
TMEM106C,0.415828
FAM24B,1
PMFBP1,1
TMEM43,1
TMEM246,1
NCAPH2,1
WDR83OS,1
KRT4,0.6777885
ORAOV1,1
FERD3L,1
GSDMC,1
SCLT1,1
NPIPA1,1
FAM103A1,1
LUC7L,1
SYF2,0.9962576
MISP,1
C17orf74,1
CXorf65,0.6760643
MBOAT4,1
LOXL1,0.4963192
C8orf44,0.5436482
TPRA1,1
DEFB112,1
SERF1A,1
C3orf38,1
SIMC1,1
BEAN1,0.006346352
SFXN2,1
CFAP97,1
SSX3,0.3394303
TMEM254,1
FNDC11,1
IVL,0.2142265
MT-ND6,1
IFT52,0.995778
FAM91A1,0.620454
FKTN,1
SGCB,1
XIRP2,1
FCER1G,0.9959316
PHYHIP,1
PMEPA1,1
C1orf174,0.890855
ZCCHC18,1
LTV1,0.03772425
TMEM217,1
C9orf172,1
MED11,1
TMEM109,1
SLC51A,1
SLC39A11,1
SMIM9,0.3041169
TMBIM1,0.001913323
STPG4,0.2378466
MMS22L,1
SMCO1,1
SNAPC1,1
EPC1,1
VPS72,1
ESCO1,1
LY6G5C,1
PROSER1,1
IER2,0.406686
ZNF747,1
TTYH1,1
MFAP2,1
CXXC4,0.9941368
KRT13,1
LAMTOR1,0.9450647
JAKMIP3,1
NCMAP,1
TMEM151B,1
EID1,1
TMEM9B,1
CMTM8,0.4679655
STRIP2,1
TMEM106B,0.9980456
M1AP,0.9222815
PPP1R1A,1
EBP,1
TMEM156,1
KATNBL1,1
KDELR2,1
COPRS,1
LMBRD1,1
FAM104A,1
SP7,1
IL31,1
PRR5L,1
SPANXD,1
GYPE,1
HHAT,1
C12orf74,0.2163221
UCN,1
KRTAP12-2,
C14orf119,1
CCDC59,1
PRELID3B,1
C16orf92,1
HEXIM2,1
CLCC1,0.9592709
TMEM60,1
FAM151A,1
SNURF,0.9984042
FAM126A,1
CFAP20,0.9984042
NUPR1,1
TMEM258,0.8605933
CCDC24,0.2933222
RAB34,1
SPHAR,1
TMEM30B,1
MS4A15,1
TMEM225,0.1435934
FAM46B,1
BEX4,1
C3orf18,0.4388918
FAM218A,1
SSMEM1,0.6808505
PIGY,1
PRRT4,0.9049597
PRR18,1
DEFB127,0.4682587
C12orf71,1
CCDC121,1
CCDC105,0.4527412
FAM220A,0.8941369
GAGE12F,1
LRRFIP1,1
SMIM11A,1
GPATCH3,1
POLR3D,1
CD164,1
TMEM88B,1
KRTAP21-1,1
TAC1,0.4408419
C4orf19,0.9984042
C7orf31,1
GNAS,0.9919419
TM4SF5,1
HTN3,1
LAS1L,1
CCDC40,0.9844065
YY1AP1,2.40E-07
FAM24A,1
MON1A,1
FAM170A,1
UQCC1,0.4373369
AATF,1
GOLGA6L2,2.17E-05
KIAA1211,0.9068905
CDIPT,1
MCRIP1,1
CCDC8,0.9515227
FAM76B,1
SERINC1,1
FAM182B,5.52E-06
FAM71C,0.6329467
C4orf51,0.9884931
GRHL3,0.9619828
C9orf85,1
ATP6V0E2,1
TRAPPC13,0.9939236
LCE1C,1
GORAB,0.8961959
GRAMD2A,1
C11orf86,1
NDUFAF4,1
GEMIN4,0.4279171
SARAF,1
ZNF720,1
TMEM165,1
TMEM236,0.7324037
ADTRP,1
CCDC168,1
C16orf71,0.06119803
IGIP,0.5355351
ODAM,0.8187044
SPATA22,1
PIGH,1
GOLGA6L6,1
POGLUT1,1
IQCK,0.9398288
HEPN1,1
NMD3,0.000883391
NELFA,1
CEP19,1
CMTM3,0.3882302
ZNF365,1
WBSCR28,1
FAM102A,1
FAM122A,0.9988716
RCE1,1
FAM71F2,1
PNMA1,1
FAM210A,0.9988716
NCDN,1
ASCC2,1
KRTAP19-5,1
TRH,1
SERINC2,0.00013092
MTFR1L,1
CCDC154,0.9974769
SLC35C2,1
C19orf24,1
C4orf48,0.5105684
NDUFAF2,1
C14orf28,0.7029901
C3orf49,1
OIP5,1
MED24,0.4946452
MYCBPAP,0.6586137
KRT20,1
CXorf38,1
MPIG6B,1
KIAA2022,0.9960912
PAIP2,0.9984042
C11orf16,1
NNAT,1
MBD3L1,1
ERMARD,0.3916026
SEMG2,1
TMEM185B,1
KRTAP19-2,0.3094434
NOL7,1
LINC00521,0.7719904
PRELID2,1
TMEM50B,0.995778
PRIMPOL,1
BLOC1S3,0.53734
MGAT3,1
ALG6,1
LY6G6D,1
AKAP14,1
FAM161B,1
GPRIN2,0.4775426
OAF,0.8669162
MARVELD1,1
RIG,1
CHCHD6,1
CCDC174,0.9988716
AP5S1,0.9988716
COG3,1
NELFCD,1
LCE3A,0.9391684
TCFL5,0.8698752
CCDC66,0.09179066
CAMLG,1
MCU,1
DEFB115,1
SLC44A1,1
CAV3,1
PHF6,1
BNIP3,1
TIMM23B,1
C20orf144,0.8778096
CCDC12,1
PIGZ,0.9205112
TMEM27,0.9970146
ATF7IP2,1
DCAF16,1
ELOVL7,1
RFXAP,1
FAM78B,1
TMEM229B,1
HCFC1R1,1
GSDMB,0.4040365
COMMD3,0.4344785
DIRC1,1
LELP1,0.6650727
CNOT11,1
CENPP,1
MAP7,0.6433125
TP53INP1,1
B9D1,0.9960912
BEND6,1
RRP1,1
STC2,1
SCAMP2,1
CCDC71,1
CATSPERZ,0.9988716
C2orf71,1
CATSPERB,1
MS4A8,0.6071133
TMEM205,1
MLIP,0.1103732
NUP54,1
ENHO,0.9980456
C10orf90,1
C1orf50,1
SPCS2,1
RAI2,0.9791045
TMEM161B,0.9988716
PRR20B,1
ERICH1,1
VGLL2,1
OVOL2,1
TMEM178B,1
ERICH3,1
ADM2,1
QRICH1,1
ARL6IP4,0.784652
CHTOP,0.9984042
NDUFB6,1
PIMREG,0.09022043
HPF1,0.6407229
KRT74,0.9184538
WBP1L,1
PAQR7,0.9962576
KRTAP21-3,1
C12orf43,0.9980456
MRFAP1L1,1
GGNBP2,1
CLDN14,1
DEFB107A,0.9926008
C7orf43,1
TMEM47,1
BIK,1
TMEM107,0.9977432
TMEM31,1
MED23,1
GAGE1,0.03631656
EMP3,0.499005
EOGT,1
CCZ1B,0.8325087
CNST,1
SPRR3,1
CABYR,1
C3orf30,1
TLCD1,1
CCDC61,1
OLFML2A,1
MAJIN,1
TMEM182,1
MPHOSPH10,0.5874552
TWSG1,1
CWC15,1
C15orf62,1
INSL6,0.10837
SH3BP5,1
DUOXA1,0.1562462
SPANXC,1
THEMIS,0.905272
TMEM63C,1
RSBN1,1
ZCCHC8,1
C11orf94,0.9980456
SSX1,1
SPRY2,1
ZDHHC24,1
HILPDA,1
TMEM139,1
C9orf57,1
SLC35A4,1
GPR89A,1
ARL6IP5,1
C5orf49,1
FAM216A,0.6061523
PIANP,1
FUZ,1
FAM98B,0.3203615
KRT12,1
MS4A4A,0.9086418
PCNP,0.4598261
C18orf21,0.2466112
MAML3,0.06700365
C1orf185,1
ZC3H15,1
PGBD5,1
SPAG11A,0.07625007
RETREG2,0.9988716
FGFBP3,0.2538876
MANBAL,1
ZNF488,1
NRF1,1
ZDHHC15,1
DCAF15,1
TPRG1,1
C11orf63,0.4232361
SLC51B,1
HAUS6,1
SPATC1,1
PACRG,1
UVSSA,0.9988716
SLC29A1,1
SPRY1,1
TMBIM4,0.02918954
TEX44,1
SNAP47,1
TMEM59,1
FAM78A,1
MFAP1,0.9977432
NPIPB4,1
NT5C1A,1
SP8,1
TMEM99,1
OCA2,0.6919728
GAGE2D,1
EID2B,1
FAM102B,1
KLLN,0.4153994
PRR36,1
TYROBP,0.279458
CEP295,0.0916862
TMEM154,1
FAM120AOS,1
SVBP,1
CKLF,0.3986807
FAM32A,0.9984042
HAUS2,1
SYBU,1
MGP,0.2885801
C16orf89,0.3602803
CCDC167,1
KDELR3,1
NXPH3,1
C19orf60,1
HHATL,0.9141574
BORCS8,0.9988716
CAAP1,1
MDS2,1
TMCO2,0.4612284
EPOP,1
TAF1A,1
COX10,1
PRR35,0.995778
SPDYE4,1
NPIPB13,1
FBXO46,1
MED13L,1
ORMDL2,0.9980456
TMEM191B,1
JPT2,0.414047
MED10,1
TMEM174,1
NMS,1
OXLD1,1
TPD52L3,0.9988716
RAB3GAP1,1
KRTAP10-7,1
SLC44A4,1
NRN1L,1
KRT1,1
NUSAP1,0.001492205
SFXN3,1
CSAG1,0.001952436
GGN,0.5953385
VMA21,1
CTAGE1,1
NDUFB7,1
CNPY3,1
DNALI1,1
TMEM253,1
MCRIP2,1
SCAPER,0.9696248
DOLK,1
FANCC,1
KRTAP24-1,1
SPDYC,1
CREBL2,1
GRAMD1C,1
TP53AIP1,1
LHFPL4,1
RHNO1,0.9988716
TM9SF1,0.9988716
TFAP2A,0.9980456
C4orf50,1
DEFB129,1
DEFB113,1
YPEL5,1
RTP1,0.07177359
NDUFA11,3.49E-10
LUZP6,1
LLPH,1
ZNF277,1
C7orf26,1
CEP290,1
HTN1,1
C4orf26,1
GAS1,1
CRH,1
FUNDC2,1
C5orf52,1
HACD1,0.5225039
NOP16,1
DPY19L4,1
IGFL3,0.4344597
C18orf25,1
LKAAEAR1,0.737615
KPTN,1
CTXN1,1
ICE2,1
FAM170B,1
ZDHHC14,1
REEP1,1
SLC35F5,1
CCDC9,1
TRMT44,1
DAOA,1
SOAT1,0.9972361
POLR2M,1
HSF2BP,1
MRPL40,0.8414845
CSAG2,1
NFIA,1
ILDR2,1
KRTAP4-6,0.3909697
PORCN,0.9750009
TMEM259,1
ERICH1-AS1,1
RELL2,0.6756779
CASZ1,1
ECM1,0.2504654
CDIP1,1
C12orf60,1
FAM189A1,1
MUC22,7.37E-12
FAM19A2,1
FAM110B,1
TMEM230,1
C16orf72,1
C6orf226,1
KRTAP12-3,1
LMF2,1
ALKAL2,1
TP53TG5,0.4876849
FAM222B,1
DAD1,1
C2orf69,0.9959316
TMEM241,0.1462642
DEFB123,0.9988716
KRTAP8-1,0.9988716
TMEM8B,1
C14orf1,1
TEKT2,0.9163569
SUPT20H,1
CFAP206,1
TEX26,1
TEX33,0.1889753
LCE5A,1
ZWINT,0.2426984
FAM160B2,0.993518
NOL4,1
TCTA,1
C10orf53,0.2715445
CEPT1,0.9587592
SMCO4,1
LENEP,1
SLX4IP,0.3572265
DACT3,1
FBF1,0.61155
FRA10AC1,1
CDC42SE2,1
CCDC74A,0.08257769
GHRH,0.4833872
CSPP1,0.04872129
CCDC120,0.225567
GCG,1
NPPC,0.5261323
SMIM6,0.6051852
C3orf22,0.4163256
DGCR14,1
CEBPE,1
C4orf3,1
SLC35F1,1
PRR3,0.1876038
CINP,1
PPP6R2,1
GAGE12G,1
RTL8C,1
FAM219B,0.4477206
SPN,1
TRABD,1
KRTAP23-1,1
C4orf45,0.7887999
SLC50A1,1
CRIPAK,0.9960912
C1orf186,1
FAM133A,0.6529766
MALAT1,1
CYR61,0.9974769
SLC39A14,1
RRP15,1
FAM207A,1
DPM3,1
APH1B,1
ATF7IP,1
C1orf146,1
CACNG2,1
PNMA3,1
TSPO,0.3476058
CPLX2,1
MLXIP,1
TMEM214,1
MDM1,0.9980456
CFAP53,1
DBNDD1,0.3128423
CT47B1,1
PLAC9,1
KRT71,1
NKAIN1,1
VGLL3,1
PRR5,1
C14orf132,1
LACRT,1
CRB3,1
SYNDIG1,0.9984042
NIPAL1,1
FAM216B,1
LBHD1,1
FAM227B,0.9980456
STUM,1
LMF1,1
CLDN2,0.1702932
MGAT5,0.9988716
BNIP3L,1
SMIM19,0.3710557
FAM155A,0.9988716
SNAPIN,0.9974769
PRRT2,1
TMEM63B,1
DCTN3,1
ANO5,1
SPG11,1
VGLL1,1
BORCS7,1
THADA,1
MINDY1,0.2306267
PPP1R1B,1
LZTS3,1
LBH,0.4995539
WBP1,1
ORC3,1
SPCS3,0.9988716
C7orf34,0.4626549
EMC4,1
C19orf43,1
SPZ1,0.3066156
TAF10,0.9988716
CD160,1
PRR22,1
MAATS1,0.9515751
CAVIN3,1
MINDY2,1
NOP14,0.7633043
ZNF630,5.61E-05
TMEM170A,1
ADIRF,1
ZDHHC7,1
GIP,0.4337708
PBOV1,1
CHPT1,1
MRAP2,1
PSRC1,0.995778
KIAA0513,1
SGCG,0.2408657
CH25H,0.6539567
NMU,1
SVIP,1
ZNF385B,0.4192303
ERC2,1
DOPEY2,1
NPAP1,0.1015679
ZDHHC18,7.27E-14
C1orf53,1
KRT3,0.5204568
EI24,1
PPP1R15A,0.2463189
FAM107A,1
TTYH2,1
PENK,1
KRTAP3-1,1
DRAXIN,1
KRTAP6-3,1
HPS1,0.4944935
TMED7,1
KIAA1456,0.967073
MYCT1,1
TMEM206,1
SERP1,0.9492822
UBE3D,0.3062877
ODF3,1
DPCD,1
CDCA4,1
SAP30BP,1
NPRL2,1
HAMP,0.4811622
FAM26E,1
RSBN1L,1
TM4SF19,1
TMEM196,0.9980456
HRK,1
OCC1,0.4100182
SLC35B4,1
FOCAD,1
SLC35A3,1
TCOF1,0.9906272
GPR137C,1
C14orf80,1
POLR3E,0.9949538
LDB1,1
SAAL1,0.9682931
ERVFRD-1,1
TOR1AIP2,1
CDK5RAP3,1
FITM2,1
MENT,0.6569856
SLC35E3,1
CCDC140,1
FAM166B,1
SSX7,1
COMMD4,1
FAM71F1,0.6596426
GAP43,1
FGFR1OP2,1
CREBRF,1
SERINC3,1
FAM98C,1
HCCS,1
MMADHC,1
MROH8,0.7856927
YIPF5,1
UTS2,2.79E-17
ELOVL4,0.9988716
CXXC5,1
POU2AF1,1
FAM89B,1
SMARCB1,1
CNPY4,1
FEZF2,1
HEMGN,0.7182745
ATG9A,0.9974769
GSG1L2,1
FAM183A,1
ATG101,1
PNISR,1
COG2,0.8412188
ANAPC13,1
CASC1,1
TRPS1,1
FGFBP2,1
SS18,0.3735763
TMCO1,1
HACD4,1
BEND7,1
C2orf16,0.471178
ENAM,0.7694035
CCDC92,1
REEP3,0.4427743
KRT16,1
FAM117A,1
SURF1,1
TMEM184C,1
TRIAP1,1
FAM159B,1
C6orf47,0.2207477
VMP1,1
CAV2,1
FILIP1,0.7467081
CLDN15,1
AKT1S1,1
SNAPC5,0.9984042
RITA1,0.1460186
FAM177B,1
SFI1,0.9970146
GPS2,0.9938197
FAM231B,0.6014943
NFXL1,1
C3orf67,0.7218721
TMEM17,1
DCAF17,1
TMEM229A,1
MED13,0.7585795
ZSWIM4,1
FAM122B,0.9970146
C6orf52,1
MEAF6,1
C12orf42,0.5360734
MS4A3,0.6204668
SRRM5,1
TMEM45B,1
JAGN1,1
BCL7A,1
CATSPERE,1
TMEM134,0.9984042
BEGAIN,1
KANSL1L,1
GPR89C,1
NINJ2,1
GOLGA6L1,1
SYNDIG1L,1
STMND1,0.5738337
SLC35G2,0.6604578
COX18,1
CALY,1
C5orf47,1
CCDC107,0.6598186
CLDN16,1
RELL1,0.9980456
TEX13B,0.2607056
TMEM200C,1
NDUFB4,1
STAG3,0.7097808
ACER1,1
GPR107,1
MRPS31,1
TMEM169,1
FAM151B,0.3119859
CCDC177,1
PIGT,1
LITAF,0.395176
CD247,1
FAM217A,0.7886936
FBXO34,0.1370232
PPP1R32,1
ECD,1
CCDC180,1
FAM196B,1
DACT2,1
FAM160A2,1
FAM167A,0.9800072
SEM1,1
CCDC74B,1
DEFB130,1
CENPH,1
FRYL,1
C10orf113,1
KRTAP20-4,1
UTP3,1
CCDC146,1
C4orf36,1
ZNF839,0.8867634
NHSL2,1
ZSWIM3,0.7227469
GAGE12I,1
TMEM268,1
SLC52A1,0.2121309
ADIPOR1,0.9501663
SPATA33,0.9984042
TCEAL8,1
TMEM56,0.4074756
MUC21,0.04871915
PRAF2,1
STOX2,1
C22orf23,1
SPEM1,0.2911963
FANCB,1
C1orf198,0.9988716
KRT82,0.9980456
ANO10,1
MRPL41,1
PPHLN1,1
FAM19A5,1
C12orf10,1
CENPQ,1
GREB1,1
TIMELESS,0.9959316
DCTN4,1
IL32,1
TMEM144,1
LIX1,0.8790521
BRINP2,0.9371687
LHFP,1
NDUFA12,1
PEX11B,1
SRRM4,1
SNRNP48,1
MPC2,1
NRN1,1
ZMAT2,1
FAM53C,0.4332797
ATF6,1
EAF2,1
WAC,0.6164126
ARMCX4,0.009423373
LRMP,1
IL11,1
LENG1,0.6041137
COPS9,1
SZRD1,1
BNC1,1
MPLKIP,1
UBN2,1
SPX,1
ZAR1L,0.5323183
C16orf96,1
SLC39A3,1
TIMM29,1
KIAA1683,0.6255527
FAM110C,1
TNNT3,1
SLC52A2,1
GPRIN1,0.9619327
TEKT1,1
MREG,0.2771814
ORC2,1
C16orf58,0.935153
SIT1,1
TMEM242,1
XBP1,0.9977432
CDCA5,1
NDUFV3,1
METRN,0.9690852
WISP2,1
C2orf80,1
CCPG1,1
TMEM69,1
ALG8,0.9974769
TAF1D,1
GYPC,1
SELENOK,1
SPDYA,1
PIGS,0.9650496
SPRTN,1
TMEM191C,1
AVEN,0.4853206
MINOS1,1
ATXN7L3B,1
C6orf62,1
C16orf52,1
C1orf105,1
TMEM248,0.9988716
KRT32,0.194441
HCRT,1
GAGE4,0.03631656
CACNG8,1
MANSC1,1
TM2D3,1
SERTAD4,0.2428313
MEA1,1
C21orf140,0.9974769
MRI,1
LIM2,0.494747
ZNF750,1
RIIAD1,1
PATE1,1
YPEL1,1
AMBN,1
PRB1,1
TMEM199,1
TMC7,0.01891776
C2orf88,1
TEX45,0.8496684
MTFP1,0.9988716
C16orf90,1
NPRL3,1
CREB3L3,1
CDCA7L,0.862781
GRINA,1
CALHM1,1
HMHB1,0.9984042
DSN1,1
FASTKD3,0.9533657
YIPF7,1
GYPA,0.3890887
APOBR,1
SPANXB1,1
KRTAP12-1,0.9289169
UHRF1BP1,1
CTGF,1
WFDC10B,0.9672667
IBSP,1
CD99,0.2319035
CEP44,0.9950815
RCSD1,1
KRTAP10-1,1
USE1,1
SFT2D2,0.3970731
SLC20A2,0.02709282
CLN5,0.02606071
MPV17L,0.5993006
BGLAP,0.9988716
TMEM97,1
SP5,1
SMIM18,1
C11orf70,1
C17orf98,1
PALM3,1
C1orf162,1
KRTAP4-11,0.812485
SMIM29,0.4293785
CALCA,1
ZNF330,0.02696738
CPLX3,1
COX19,0.4624767
CSN1S1,0.364742
KRTAP4-2,1
MMTAG2,1
NPIPA5,1
FAM60A,1
RTL3,0.08966074
CCHCR1,0.9984042
CEP135,1
TDRP,1
MED29,1
TNKS1BP1,0.7034887
IQCJ,1
KRTAP5-5,1
TMEM170B,1
CSRNP3,1
SCNM1,1
C12orf56,1
C1orf54,0.2576411
SPDYE16,0.02613541
EMP1,1
C10orf12,0.2111258
DTWD2,1
OSER1,1
PPP1R1C,0.3973879
BBIP1,1
C14orf178,1
KIAA1958,1
ZSWIM1,0.8905214
GOLT1A,0.4339457
CCDC160,1
CCDC169,0.001278796
SPATS2L,1
KRT77,1
BUD31,0.9970146
MMD2,1
PIK3R5,1
SGCZ,1
MBOAT7,1
PRR20D,1
RNF212B,1
C1orf115,1
MAL,1
C1orf226,1
TSC22D4,0.4824447
PSENEN,1
SDHAF3,1
C9orf152,1
FAM25G,1
MSMO1,1
MAP7D3,0.03139926
RFLNA,1
GCSAML,0.9984042
SPANXN1,1
PLLP,0.4755079
CCDC103,1
POM121L12,1
IAPP,0.2417947
DBNDD2,0.9633796
PRR4,1
C11orf45,0.4309225
KRT72,0.07274879
TMEM138,1
PNMA6C,1
CREB5,1
CT47A1,1
FBXO22,1
CPLX1,1
TCP10,0.1417367
TSPO,0.3476058
KRTAP22-1,1
DKKL1,0.4754862
KRTCAP3,1
MGAT5B,0.9082489
FAM155B,0.4782252
ENKD1,0.9988716
CCDC84,0.4354392
TMEM63A,1
CACNG1,0.5509545
TSACC,1
KRTAP4-12,1
KCT2,0.9972361
KRT14,1
CLDN25,0.245197
FAM214B,1
OLFML2B,0.06209342
C11orf52,1
CLEC16A,0.5684553
PODXL,1
FAM181A,1
C2orf40,1
PSMG4,1
C10orf55,0.4006235
TCTN2,1
DPM2,1
SERTM1,0.9966149
ZNF395,1
RSRP1,3.89E-05
TIMM23,1
MRPS22,1
ODF4,1
C1orf189,1
REEP2,1
VANGL1,1
TMEM11,0.9977432
CFAP45,1
SST,0.418266
NPAT,1
TMEM185A,1
C10orf107,1
TMEM54,0.4508285
DCST1,1
SLF2,0.1675514
BCAS2,1
SWI5,1
TM6SF2,1
GTSF1,1
INTS10,1
C11orf74,1
C2orf42,1
MAP3K7CL,1
FAM71E2,1
MYADML2,1
NAA35,1
HPS4,1
C8orf82,0.8315743
C6orf229,1
CCDC43,1
RMND1,1
LUZP4,1
SPRR1B,1
FAM107B,1
TMEM150B,1
ZIC2,1
IZUMO2,0.4888901
KRTAP7-1,1
MUSTN1,1
C17orf64,0.6921665
CDV3,1
HYPK,1
TMED4,1
PQLC2,1
HARBI1,1
MRPS23,0.8334782
CWC25,1
CSN2,0.2055688
CCDC34,1
TTMP,0.7857182
SLC35E2,1
SSFA2,0.7934539
COMMD5,1
TSC22D2,1
TM4SF18,1
CDC42SE1,1
SS18L1,1
TTYH3,0.4350206
TMEM215,0.931735
NT5C1B,1
SLC39A13,0.5920179
SELENOO,1
CT62,0.9974769
INSM1,1
MRPS30,1
FAM131C,1
C9orf129,1
LIN9,1
TIAF1,1
AGTRAP,0.3116018
SCIMP,1.88E-05
CNPY2,1
SLC35C1,1
CCER1,1
ELOVL5,1
LAPTM5,0.8908953
IFI27,0.2916563
GALP,1
SERINC4,1
CCDC70,1
A4GNT,0.864056
SCAI,1
MROH9,3.72E-10
MRAP,1
DEFB114,0.9666128
CCDC158,1
WASHC3,1
OGFRL1,0.6538521
COG1,1
ATG9B,1
APOC4,1
KIAA0895,1
LCE6A,0.3876909
GAL,1
SYNPR,1
C20orf202,1
DMP1,0.8349439
SERINC5,1
PCNX2,1
EPDR1,1
RFTN2,0.6881274
FAM71B,0.5075465
KRT40,0.8327708
C12orf50,1
SLC35D1,1
BICRAL,1
ODF3L2,1
C2CD6,0.8312592
TMEM179B,1
TFIP11,1
FAM57B,1
TMEM143,1
ARL14EPL,0.9988716
SMIM8,0.4415565
PIGF,1
NDUFB10,1
LUZP2,1
SPATA6L,1
ETAA1,1
TMEM78,0.6986405
EVA1B,0.6301481
FAM57A,1
C12orf54,0.1946196
SELENOI,1
SPATC1L,1
CXorf56,1
GRAMD2B,1
LDB2,1
RIC3,1
TMEM239,1
PRAP1,1
CLN8,1
ALG10B,0.3543792
IFITM1,0.2029315
TMEM123,1.62E-05
AP5B1,0.9970146
C7orf33,0.2323682
SLC39A4,0.4772102
C12orf73,0.9988716
C5orf46,0.4441918
ASTN2,1
KIAA1109,1
PRR19,1
BORCS5,1
C5orf22,0.9977432
NOP53,0.7581293
SPATA12,0.9988716
FASTKD2,1
KISS1,1
JUNB,0.9953476
NOC3L,0.3152841
RPN2,1
SLC35E2B,1
PCP4L1,1
SMCO3,1
C16orf54,1
TEX38,0.3686227
GTF2A1L,1
PRR23D1,0.001970509
SLC44A5,1
SRGN,1
STAG2,1
C6orf163,0.6287879
IL27,1
MPC1L,1
TMEM175,1
BEX5,1
IFT20,1
FAM219A,0.9984042
FAM26D,1
SMAGP,1
CCDC124,1
SMIM2,1
AARD,1
PRR21,1
CCDC181,0.5792233
NOC4L,1
KRTAP20-3,0.9988716
SLC48A1,1
CDC26,0.3278226
CEP164,0.000521943
PEX11G,1
COMMD8,0.9948292
CCDC175,1
PROSER3,1
GAGE12H,1
LINC01552,1
TCP11,0.1466955
CENPI,1
OFD1,1
PRM2,0.7109982
CCDC106,0.5875898
FMR1NB,0.08051159
TMSB4Y,1
CFAP58,1
FAM160B1,1
CACNG7,1
OLFM1,1
LYPD2,1
FAIM2,1
CCSMST1,1
KRTAP4-1,0.8821031
VIP,1
FAM19A4,1
UPK3B,0.4490234
CEBPZ,0.809927
LYRM1,1
EIF4EBP3,1
RPP40,0.7730068
MS4A2,1
WFDC10A,1
GATAD2B,1
IFITM5,1
NRSN1,1
NMES1,1
CIPC,0.3961019
SMIM21,0.2450161
TMEM82,1
GDF5OS,0.6502048
TMEM155,0.5168562
C6orf10,0.5616682
AKNAD1,1
HAUS3,1
PALM2,1
CCM2L,7.79E-12
CLDN24,1
PXMP4,1
SLC20A1,1
TP53INP2,0.3472661
SNAPC2,0.95879
BBS5,1
STEAP1B,1.33E-20
PAQR8,1
FRAT2,1
KRTDAP,1
ALG9,1
HGSNAT,1
TAPT1,1
OSTC,1
MGAT4D,0.874138
TMEM257,1
INCA1,1
MFF,0.4425027
NPIPB3,1
CLN6,1
C11orf71,1
SAYSD1,1
PATE2,1
C11orf87,1
C2orf74,1
C5orf58,0.9980456
XAGE5,0.4223086
EMP2,1
CDCA7,1
CSRNP1,1
MRFAP1,1
REC114,1
MTRNR2L5,1
C8orf22,1
GYPB,0.3890887
SLC35G1,1
CRTC2,0.7516281
CDPF1,0.2659422
MKS1,0.5052163
KDELR1,0.9942464
NPFF,0.2670114
KRTAP11-1,1
C19orf25,1
TMEM247,0.9415614
BRI3,1
SCRG1,1
GPATCH2L,1
FAM46A,1
CATSPERG,0.9988716
TMEM256,1
RSPH6A,1
APOL6,1
SERTAD2,1
CCDC28B,1
RAB3GAP2,1
ZCCHC4,1
PNOC,1
TMEM38B,0.9977432
YPEL3,1
PRRT3,0.6376491
ALG3,0.06245045
FAM186A,1
RIBC1,1
ZSWIM7,1
GAGE2E,1
EXOC4,1
NDUFB5,1
KIAA0100,0.774175
DDA1,1
DYM,1
YPEL2,1
TMEM87B,1
DEFB116,1
TUSC5,0.05800812
