RPS6KA4,0.9980456
CD80,1
FES,1
UBOX5,1
TSSK6,1
CFTR,0.9988716
NPHP3,0.9988716
DUSP27,1
TIAL1,1
CTR9,1
DUSP21,1
LIMA1,1
CA5B,1
ERCC6L2,1
STIM1,1
KCNS2,0.467843
CUL7,1
PPP4C,1
IL18RAP,0.5673741
ZFP69B,1
SHTN1,1
DNAJB12,1
MEF2B,1
DAZL,0.9972361
ANKRD39,1
ZNF786,1
CACNA2D1,0.6984054
TRIM72,1
ARAF,1
SESN3,1
CDKL5,0.8921531
IDI2,0.1940437
EFNA3,1
TFRC,0.9894152
DSG3,1
ZNF418,1
MTF1,1
KCTD5,1
ANKRD9,1
SH3PXD2B,1
NID1,0.9988716
DICER1,1
PSMD4,1
CD47,1
SIK1,1
ARHGAP29,1
RBM4,1
SF3A1,1
SHKBP1,0.9966149
UNG,1
VWF,1
AKT1,0.9984042
PLEC,0.4627014
CCNT2,1
OSBPL1A,1
TRIM25,0.001933262
IL15,1
CLEC6A,1
UBE4B,1
FRMD5,1
ACYP1,1
RBM42,1
PLA2G2C,0.0256218
PPP5C,1
GNAO1,1
SEC63,1
PPP1R27,1
INVS,1
DAPK3,1
ABCG8,1
OR51F2,0.01965713
LGALS3BP,1
DHRS7B,0.8803656
MAFG,1
ZNF587B,1.46E-11
PRSS22,0.857061
ZNF335,1
GMDS,1
SLA2,1
AADACL4,0.001120651
MT-CYB,0.9293727
ADRB1,1
RBM15,1
ZFAND4,0.0479501
CASKIN2,1
ZNF697,1
CCNI2,1
HIPK2,0.9892363
GAS7,1
PRSS38,1
AASDHPPT,0.9988716
CD8B,1
RNF207,0.9984042
NFKBIB,1
DNAJB7,0.8175285
OR51G2,1
GAN,1
UBE2M,1
GLRA2,0.4266739
SH3GLB2,1
GABRE,1
NEK11,0.6929728
RASGRP4,1
TNNI3K,1
MKNK1,1
KCND3,0.9988716
H2AFY,1
NUDT8,1
BAG1,1
MTSS1L,1
NEK1,1
ITGA4,1
WDR24,0.9972361
FAM83F,1
KRT9,1
SMAP2,1
KLHL4,1
USP4,1
DTL,0.840343
SEMA7A,1
PDGFC,1
NFKBIZ,1
TIAM2,0.6807525
ABCC8,1
EHF,0.4469677
SERPINC1,1
CLCN2,1
CAMK2B,1
PRTG,0.00123752
EPB41L5,1
KIAA1841,0.8186671
NKX6-1,1
ULK2,0.9980456
ZNF174,1
TRERF1,0.9984042
IGSF9,0.8908492
DPP4,1
UBE2U,1
RERG,1
PRKRA,1
ANKRD13A,1
EFNB3,1
PPP2R1B,0.8330667
GRK6,1
RASL12,1
ANKIB1,1
SBK2,0.8583221
ZNF814,2.08E-06
BCAN,1
TMPRSS9,1
KMT5C,1
AGER,0.7155915
OBSL1,0.8084699
DDI1,1
DDX20,0.9974769
SPTBN4,1
KATNAL1,1
BICC1,1
CLMP,0.9974769
AMIGO3,1
STAU1,1
NKTR,0.9988716
TNFSF14,1
CHMP3,0.9654154
RBP4,1
IL10RA,1
TECR,1
BRSK2,1
CD58,1
IL1R2,0.9966149
PTPN4,0.8093735
KIF4A,0.9984042
TUBA1B,1
SLAMF7,1
GPX7,1
FGF4,0.4474379
IRAK3,0.5921391
ZBTB7B,1
CREBBP,0.9962576
GTF2A2,1
HSPA8,1
CSNK1E,1
OSR1,0.9917083
HOXB8,0.995778
CCL8,1
POLR2B,1
IGSF8,1
GP1BA,1
ZNF215,0.002768694
ADRB3,1
MATN1,1
FGF17,1
ZNF341,1
PLXNA3,1
NACA,1
MAPK4,1
ERP44,1
UBASH3B,1
HOXB2,1
TRPC6,1
ZKSCAN2,1
PKD2L1,0.655675
ARHGEF19,0.1964357
SNCAIP,0.9980456
MAPK12,0.6369162
CDC42,1
NGFR,1
ANKRD45,1
SLC22A8,0.6372869
KLF2,1
KLRF2,1
CASP10,1
PML,1
SERPINF1,1
ARAP1,1
ZBTB43,1
PPP1R12A,1
TIGIT,1
ASAP2,1
ZNF226,1
ZNF658,1
MT-CO1,0.8177475
CDK11B,1
COLEC10,1
LIMD2,1
FHL1,1
DOCK2,1
UBE2D3,1
PTGER1,1
SSTR1,1
ZBTB18,1
TRIM21,1
CTTN,1
NRK,1
UBE2G1,1
CCL14,1
RBPJL,0.4998212
KLF5,1
DYRK1B,1
NKIRAS2,0.5466328
NF2,1
NCR3LG1,1
PRIM1,1
DNMBP,1
KCNB1,1
PLA2G6,1
POLDIP3,0.7566616
CDK13,1
ZNF550,1
RAD54L2,1
NDUFA9,0.9988716
AZU1,1
ROBO2,1
HOXA1,1
VSTM2L,1
STRN4,1
IL2,0.9984042
CAMK1D,1
USP48,1
PRICKLE1,1
GART,0.8378792
FBXO7,0.7022052
KLK10,0.8725959
MID2,1
RECQL5,1
KLK6,0.2803773
RAB21,1
SERPINA11,1
CLEC12A,0.2176419
BCAM,1
RPS6KL1,1
DDR2,1
GABRB3,1
SERPIND1,1
GPR39,1
CDC42BPA,1
RBM12B,1
FOXO4,1
UBQLNL,0.6547967
KAT2A,1
TSN,0.4932081
PLA2G2F,1
ZBTB34,1
PIK3R1,1
ZNF532,1
EPHA8,1
STAC,0.9972361
HLA-DOB,0.4312763
PRRC1,1
PRMT2,1
CSNK2A3,0.6141276
MYLK,0.9984042
PPP1R12C,0.9928636
RIPK2,1
HUNK,0.9980456
RAB24,1
TNNI3,1
OR2Z1,1
HIST1H2BK,1
INO80,0.9977432
ZNF692,1
ZXDC,0.9984042
LIF,0.9635362
CLPB,1
HDLBP,1
NFASC,0.9972361
LARS,1
PTPN14,1
PRKAR1B,1
MAP3K7,1
ZNF843,1
FCRLA,0.3326284
KCTD19,1
CXCL8,1
TRANK1,1
IFT122,0.9949538
LRRN4CL,1
NUDT16L1,1
CELA1,0.191425
CA11,1
ITGB4,0.9932298
HCK,0.5052202
STK4,1
RGS9BP,1
STK25,1
SLC26A3,1
OPHN1,1
HSD17B2,1
MEFV,1
RAB7A,1
SPTBN1,1
OR6C75,0.4427782
RAMP3,1
TH,7.18E-05
MAP3K11,0.7714973
GTF2B,1
LRRC10,1
IZUMO1,1
CNPPD1,0.6847643
ZBTB6,0.9988716
CTF1,1
SCAF8,0.9846533
ATRNL1,0.9072639
IL26,1
ABTB1,0.4785272
SDR39U1,1
RAP2C,1
GNAT1,1
ZNF837,1
ZNF787,0.9974769
MCCC2,0.7211977
HIST1H2AH,1
RBM11,0.9970146
YWHAG,1
PRSS36,1
OR10AD1,0.06391482
VWA7,0.689302
TP53RK,1
SMN1,1
NEK8,1
ARHGEF16,0.9481067
GABRR3,1
MAP3K5,1
CUTA,1
CBR4,1
BTBD1,1
TBCE,1
BOK,1
HEXIM1,1
CCR3,0.1935643
DNAL1,0.4266973
TREM2,0.3053998
BTRC,1
COL14A1,1
ITIH2,1
ACVR1,1
PLA2G12A,1
CFHR5,1
ZNF358,1
PIAS1,1
ZNF317,0.6922634
KLHL22,1
UBXN2B,1
ABCA6,0.9988716
CMPK2,0.9980456
CBFB,1
ABCC10,0.005546127
TTC9B,1
KLHL28,1
VSTM1,0.6102631
APLNR,1
KLHL12,1
TAOK1,1
ROS1,1
RASL11B,1
PSKH2,0.8827969
SEMA4F,1
MAP2K2,0.9984042
RTN4RL1,1
TRIM22,1
SIK3,0.9988716
IRF3,1
ACVR1B,1
HDX,1
NR0B2,1
ABCG4,1
MYO6,0.3103039
HIPK4,0.9988716
SETD1B,0.9984042
CLCF1,1
ZNF644,0.8762961
MUSK,1
ANKFN1,1
EVPLL,1
IGSF21,1
KLF3,0.993518
DUPD1,0.3559866
BTBD6,1
RASEF,0.7727549
NEBL,1
REM1,0.4352257
ZNF565,1
RNF32,1
ZNF449,1
PAPLN,1
FCAR,1
COBL,0.7469052
AURKB,1
CD8A,1
SALL2,1
FERMT2,1
NFKBID,1
MIPEP,1
PRDM1,1
RFC3,1
ATP5D,1
F5,1
MAP2K5,1
ESR1,1
SERPINA12,1
CD4,1
G3BP2,1
SERPINA1,1
TUBB2B,1
PBX1,1
KCNRG,1
GSTT2,1
RFWD2,1
C4BPA,0.8192376
RHOBTB3,1
CMAS,0.4444487
ASAP1,1
SERPINE3,0.8508141
NOXA1,1
YY1,1
ASB4,1
PXN,1
TLK1,1
CCM2,1
FEM1A,1
SIRPB2,1
TRIM54,1
CLEC18C,0.8433259
ZBTB38,1
CENPT,0.03690813
SNX17,1
TYRO3,0.8337271
DUSP23,0.4721516
ROR1,0.9977432
CTNNBL1,1
CMA1,1
DNAJC14,1
ARPC1B,1
CLEC7A,0.2051966
CCNF,1
ELAVL3,1
FBXO16,1
TMIGD2,0.5768578
FAR2,1
PRKAA1,1
PRSS53,1
KCTD16,1
CAB39,1
TRIB1,0.1305668
CA7,1
USP14,1
CUL1,1
PDGFRA,1
ACAP2,1
NOVA2,1
NIM1K,1
SIGLEC8,0.8112013
CDKN2B,1
KRBA2,1
KCNG2,1
ICAM4,1
GRK4,0.5002047
CAMK1,0.7204228
BMPR2,1
PLAGL1,1
PLK2,1
NMRK1,1
CCNO,0.3636037
NUB1,1
CD300LG,0.4853753
CCS,1
SLK,1
CXCL6,1
SEMA6C,0.6507467
FRMD7,0.8240266
BAG4,0.9962576
KAZALD1,1
INSRR,0.9988716
OR52E2,1
OR6C3,1
EPHA5,0.9598524
TNFSF13,1
PLCG2,1
MMAB,0.9980456
PICK1,1
UNC45A,0.8508516
HHLA2,1
ZBTB49,1
ANKRD53,1
CHMP2B,1
STK38L,1
HLTF,0.9988716
NOTCH1,0.9974769
HOXC10,0.9959316
NRARP,1
KLHL36,1
UBQLN2,0.4236282
CADPS2,1
CHRNB4,1
FLT1,1
CCNE2,1
CCL22,0.6215665
TMUB1,0.9974769
KLHL31,1
HIP1R,1
CCNJ,1
TTC28,1
NFKB1,1
GABRG2,1
DDX41,1
SLAMF9,0.4146116
RAD18,1
SEZ6,0.7188181
SKAP2,1
TNFRSF10B,0.1466815
CNDP2,0.8240476
ZBTB22,0.600045
ROCK2,0.03069857
RBFOX2,1
ABCA1,0.7326437
SH2D6,0.9350944
GLRA1,0.9926874
SLC30A8,1
MYOM2,0.9988716
GRID2,1
ZNF668,1
ASB2,0.8864975
LYZL4,1
BIRC3,1
ANKRD62,1
ZNF19,0.8930491
MSH5,0.9824117
ZNF510,1
PTPRC,1
RAB12,1
DHRS13,1
ZSCAN25,1
GNB2,1
FGF8,0.9966149
PTK7,0.801554
NEK5,1
PTPRQ,1
S100A13,0.9980456
ARL8A,1
HIST2H2AC,1
ZNRF4,0.007604805
FCHO2,0.9972361
NUDT3,1
SSH2,1
HIST1H2AC,1
LONRF2,0.9227878
H2AFY2,1
CSMD3,0.8321144
ITGA2,1
KLHL10,1
DGKI,1
ITGB7,1
MUL1,1
PHKG1,1
CHAF1B,1
SGK2,1
ZNF202,1
ITGAE,1
EPB41L4B,1
ZNF672,1
NUDT13,1
KCNB2,1
EPB41L1,1
H2BFS,0.7336219
ABCB4,1
SMARCD2,1
TRIM14,0.9923471
EIF2AK3,1
STK38,1
RAB38,1
BLVRB,0.8318056
KCNG1,1
PROKR1,1
KCNA1,1
PIM3,1
SELE,0.9988716
PRICKLE2,1
PKD1,1
ZNF768,0.5372278
HERPUD1,1
RAB25,1
KLK8,0.9988716
ABCC11,1
MAP3K3,1
HIST1H2BN,1
HCLS1,0.1052252
ZFP69,1
BLM,0.8870355
ZNF69,0.176623
DNAJB5,1
SHH,1
TRIM63,1
TRIM9,1
EPHA6,1
RIOK3,0.9988716
ZNF18,1
ZNF420,1
PYCR2,1
DZANK1,1
ARHGEF37,1
RNPS1,1
IL13,1
TNFRSF11A,1
HPN,1
PABPC4L,1
BCAR1,0.2038531
RAB34,1
HSDL2,1
CD300LF,0.1268947
HSPA5,0.9988716
HPX,1
EPO,1
DUSP3,1
YWHAE,0.989971
CSNK2A1,1
AATK,0.01720846
FGB,1
CD1D,1
SCCPDH,0.9988716
PXDN,0.006197823
KAT2B,1
NCAM1,1
ASZ1,1
RPS6KA5,1
PDLIM1,1
RCHY1,1
HMSD,1
RCAN3,1
AAK1,1
RAB3B,1
AP2A2,0.9953476
KLHL5,1
RNF146,1
PSMB9,1
RNF175,0.2845041
ZNF576,1
TNF,1
CLK3,1
RAB19,1
NRXN2,1
PPIC,0.09404435
BRWD3,1
WRN,0.369144
CDK18,1
ARAP3,0.8206071
CSRP3,0.9977432
MOG,1
TGFBR2,1
SIK2,1
CSMD1,1
CAPZB,1
FBXO3,0.9953476
OR5AR1,0.2667298
RBM22,1
VAV3,1
DDX50,1
ANKMY2,1
BTLA,1
NACC2,1
ZNF410,1
COL6A3,1
ASB18,1
VTCN1,0.9984042
ANAPC2,1
DDX49,0.9921825
PGAP1,0.8793843
TTC31,0.5698904
CNTD2,1
BACE1,1
ANKRD37,1
SPEG,0.7049594
CEACAM19,1
TGDS,0.8083548
KLK11,1
LIMS2,1
STUB1,0.9988716
CLCN5,1
IL1F10,0.4215845
ZBTB39,1
FRMD1,0.9819828
CLEC1A,0.570728
CLEC4A,0.9945885
BMI1,1
FRMD4A,0.9988716
NRXN1,1
CDC7,1
CCR5,1
RAP1A,1
HSD3B7,0.6819634
REL,0.07440035
MAP4K2,0.9988716
KCNT2,1
IGF2BP1,0.9897824
POLR2J2,1
HOXA3,1
GPA33,1
SUSD6,1
PIAS2,1
TTC21A,1
MT-CO3,1
GABRP,1
PLXNA2,1
NEO1,1
LRRC52,1
SOD2,0.431635
TAOK3,1
OR6F1,1
ACVR1C,1
NFYC,1
SNX9,1
NHLRC4,0.07656366
HLA-H,1
MYO7B,1
PRSS21,1
P2RY14,1
FKBP1A,1
ICAM2,0.4725178
ICOSLG,1
HIST1H2BH,1
UBXN1,1
TRPV5,1
FERMT3,1
IL1RAP,1
ZNF823,1
ANKRD34A,1
TLR3,1
CYFIP1,1
SASH1,0.8130911
KLHL20,0.991044
FAT4,1
BUB1B,1
ZFAT,1
PRTN3,0.43483
GPSM2,1
BTBD8,1
FNBP1,0.03300453
TMPRSS11D,1
FCHSD1,0.9947075
CA13,1
FSTL4,1
LRRC24,1
FOXC1,0.9974769
PPFIA4,0.3408057
FGF5,1
CCND2,1
RAI14,1
NGF,1
NKX2-6,1
TAF6,1
ABCA3,1
CAPZA2,1
MIB2,1
PCGF2,0.4876388
TREML2,1.13E-06
MAPK15,1
HIST1H2AB,0.03803657
SMARCA2,1
ANKRD23,1
RRM2B,1
RERE,1
TRIM15,1
STK33,1
ZBTB25,1
CCL21,1
ZBTB9,1
KLK14,0.9988716
ZNF224,1
IGDCC3,1
RHOB,1
ZNF683,1
PRKAR2B,1
SPTA1,0.2618715
RNF10,1
ERG,0.01278936
SERPINB12,1
KLHL7,1
GTF2H2,1
ZBTB17,1
FLT4,1
SCN1B,1
IL2RA,1
KANK2,0.9644186
ABCC2,0.5652825
SLC7A14,1
CENPA,1
UBE2N,1
ANK1,1
PPP1R13B,1
KLHDC1,0.9988716
PTPRF,1
PLCB4,1
STRBP,0.9974769
CECR2,1
ESPNL,1
TP63,0.9988716
STYXL1,1
NUDT18,1
DDX23,1
RIMBP3B,0.4718792
H2AFJ,0.9980456
ARX,1
ZBTB47,1
RBM44,1
ITGAM,1
GIN1,0.3121104
NCKIPSD,0.9970146
LDB3,0.9988716
ABCB8,1
RTL1,1
ZNF687,1
TRAC,1
FKBP8,1
CCNG2,1
IQUB,1
OGT,1
DDX31,0.2947529
CPEB4,1
ASB6,0.9906954
TRDC,0.9778624
OCLN,1
ZBTB10,1
LEPR,1
CHRNA6,1
BCORL1,1
ZNF334,0.2827609
ZNF345,1
ZNF496,1
SPTBN5,0.6350369
SRPRB,0.3928735
OR52N1,0.3681404
ZMYND8,0.7211327
ZNF621,0.7461578
ANKRD50,1
NCBP2,0.9980456
ZNF518A,1
TTC26,1
SKIV2L2,0.9988716
MLLT6,1
SRPX2,0.4056037
ZBED9,0.9914067
ZNF77,0.7514124
RECQL,1
SUPT5H,1
KCND1,1
ABL1,1
TRPC3,1
IRF7,1
NFATC1,1
ZNF286A,1
DGKZ,1
ITGA2B,1
SRRT,1
DNAJC12,0.2452204
WNK2,0.0496526
TUBB4A,1
FGF6,1
TUBGCP4,1
FBXO21,1
CLEC18A,1
SSH1,0.9389395
BMP2K,1
GOLGA4,0.9924307
IFIT1B,0.2395232
FGF18,1
ZBTB21,1
RAB18,1
SPACA5,1
GUCY2C,1
KDM1A,1
PRKCZ,1
EPHX3,1
TUBE1,0.9988716
RDX,1
TMPRSS11A,1
FRMPD4,1
TTC7A,0.9941368
IFNE,0.9523152
GNB1,1
RNASE1,1
USP32,1
SNX32,1
CHD7,1
RPRD1A,1
PPIB,1
FKBP4,0.9988716
MASP2,1
PPP1R12B,1
OR11H7,1
ZSCAN22,1
CHRNB2,1
ITK,1
TEX14,1
BAZ2B,1
MARK2,1
LZTR1,1
FXR2,0.9988716
USP39,1
DDX5,1
GGA3,1
STK11,1
LBR,1
ASPG,0.7864379
EPX,1
PECR,1
CADM4,1
ZNF789,1
EMB,0.9988716
SDR42E2,1
TAF12,0.7395143
OTC,0.4112272
NLRP3,0.9734221
RELB,1
ANKRD66,0.867835
TMTC4,1
DUSP18,1
CDKN2C,0.9988716
GMIP,1
PRDM6,1
CCR1,1
RDH8,1
ZBTB41,1
KCTD7,1
NCF4,1
ELF4,1
CMTR1,1
A1CF,1
LIMD1,1
TCAP,1
OR8G1,1
CREB3L1,0.7409653
TRIM33,1
LMTK3,0.8782618
IL1RL2,1
PSME1,1
MAPK8IP2,0.9988716
FBXW5,0.9646697
DNAJB2,1
POGZ,1
FGFR3,1
ZNF529,1
ANKUB1,0.6658895
CACNA2D4,0.08065099
PRPF4B,1
SORBS3,1
UBE2O,1
FGFR1,1
FEM1C,1
ESRRG,1
SDR9C7,1
EIF2AK1,0.9988716
EDIL3,1
TRIM75P,1
CDKL1,0.7704412
FNDC3B,0.7718769
DPP8,1
TSSK3,1
ZNF132,1
ZNF225,1
CHRNB1,1
PLK5,0.001334399
CASP9,1
C2,1
STK32A,0.9968085
NFYB,0.03627547
RAB33A,0.4587724
ANKRD16,1
F11R,0.9980456
OR6K6,0.02646903
UBXN8,1
DUOX1,1
IL17F,1
PSIP1,1
PYCR1,1
AADACL3,0.969583
TSTA3,1
CD3E,0.9984042
SPINT2,0.3309236
USP15,1
EFNA1,1
ARL2,0.6177787
TTC21B,1
CELSR2,0.01073259
DNAJC3,1
CAND1,1
RCBTB2,1
SCAF4,1
FLAD1,1
STK17B,0.3729289
PODN,0.006665134
RNF41,1
USP11,1
RUSC1,1
PLPP4,1
MAP2K7,1
RBM20,1
SNX18,1
TTBK1,0.01248342
PPP3CA,1
GZMM,1
ERBB3,1
KRAS,1
ETV4,1
PPFIA2,1
TLX3,0.9984042
ELAVL2,1
PTBP2,1
APLP2,1
ARHGAP42,0.9942464
NRXN3,1
TMTC1,1
PFN3,1
CDK3,1
VIT,1
IL6,1
HMG20B,0.7568138
SKA2,0.2510481
APOH,1
SGK3,1
MAEL,1
FTMT,1
PLXNB2,1
HEPACAM,1
CPN2,1
ASB13,1
SLC7A3,1
IL22,0.9974769
NAA50,1
MICAL3,0.9984042
TMPRSS11B,1
ANKFY1,1.67E-05
KBTBD4,1
ALB,0.8316037
SCYL1,0.9926874
STK10,1
LCMT2,1
STK39,1
OR5B12,1
FRMPD3,1
BCL6,1
RDH13,1
DHRS9,1
IL2RB,1
KLHL9,1
TAPBPL,1
BIRC7,1
VAMP7,0.9988716
MTSS1,1
PSPC1,1
COL21A1,1
OR10G3,1
OR4P4,0.906999
CA14,0.001287103
MYBPC2,0.9574846
GPR148,1
CASS4,1
CLCN6,1
ZBTB1,1
ZNF251,1
NR4A3,1
ABCA2,1
SP140L,1
HFM1,1
TNFSF10,1
CCL16,1
ARHGEF4,0.2577697
RAB6A,1
KLHL33,1
STX3,0.8464951
KLHL15,1
DMD,0.9542041
SYK,0.9980456
BCL3,0.2227102
LPP,1
FGF11,1
CUL4B,1
EPHA2,1
NKX2-5,1
PTPMT1,0.4724509
MAP3K1,1
FAT2,1
KATNA1,1
TRPA1,1
ZNF280C,1
USH1G,1
IL20RB,1
TNNI1,1
OR6M1,0.414381
CHFR,1
FRMD6,1
MAFF,0.5883961
DHX8,1
PJA2,1
SIGLEC1,0.9984042
LRRC4C,1
FNDC5,1
ACTR1A,1
STAC2,0.6074643
PDLIM5,0.6570996
RBMS1,1
SLX4,0.502718
CELF5,1
ITIH5,5.28E-06
TNKS,1
FIZ1,1
ZNF304,1
TONSL,0.9947075
GBX2,0.5387808
FNDC7,0.7253886
CRLF1,1
ZNF24,0.4829662
CCNE1,0.4337828
PIK3CA,1
CLIP4,1
LTB,1
SCYL3,1
ZNF197,0.000150717
VSX2,1
ZBTB24,1
DFFB,1
LRTM1,0.7556064
MXRA8,1
TUBD1,0.3210987
KCTD10,1
VEGFB,1
SMC1B,1
CAMKK2,0.9890603
RBM5,0.9988716
PRKG2,1
CFHR2,1
BTBD10,1
NPR2,0.9968085
CDK5R2,1
EIF2AK4,0.9984042
F3,1
ZNF558,1
OR2A25,0.2260333
DCLK2,0.000885492
ICAM1,1
LIG4,1
PRKD1,0.6860017
ABCD2,0.9911873
NUAK1,1
CRNKL1,0.8248302
MAP3K13,1
CNTN2,1
ABCC4,1
NOXO1,1
LRIG2,1
HTR3A,1
RAD54B,1
IFT57,0.8274041
LTK,1
CABLES1,1
RAB41,1
NPFFR2,0.584063
OR12D3,1
DNAJC1,1
SAFB2,1
HNRNPA2B1,1
TRIM5,1
PIK3CD,0.3278176
ACAP3,0.6339023
BRD4,1
U2AF2,1
RAB37,1
HSD17B13,1
BTBD3,1
KLK2,1
KPNA5,1
KLHL1,1
RING1,1
OR5AU1,1
SLC7A5,1
RNF20,1
FAM92B,0.2167683
TUBA1C,1
PRKACB,1
PUF60,0.9988716
CD244,0.1965897
BRAF,1
PTGFRN,0.02554022
FAS,0.9974769
MRC2,1
HTRA4,1
PTK2B,1
TDRD3,1
NPR1,1
TRPV3,0.7878825
PALLD,0.9988716
TGFB1I1,1
WFIKKN2,0.9984042
ZNF497,0.5825077
IGSF22,0.5748516
PIM1,1
MET,0.9949538
MAP4K5,1
ACTC1,1
TRAF4,1
KMT2A,1
VWA1,1
CAMK1G,1
KLRK1,1
KLF13,0.9988716
SCGB1A1,1
GATA2,1
EXD1,0.1611092
REM2,1
LMO2,1
TRIM35,1
JAM3,0.9968085
ARHGAP17,1
LAMA2,0.7574311
EFNB1,0.1066398
SDK2,1
ZNRF1,1
MASTL,1
BRPF3,0.9257287
WFDC8,1
SUSD4,1
DSTYK,0.2408514
KLHL3,1
OR9K2,0.8805387
DECR1,1
HBM,1
SNX30,1
HIC1,1
FLT3LG,1
IGSF3,0.9968085
ANKRA2,1
TNIK,1
RAB8A,1
EGR3,1
EP300,0.9988716
TTC6,0.9068228
SIX2,1
PTGS2,1
MINK1,0.7533035
GHR,1
LIPE,0.8738251
DHX32,1
GRB2,0.9974769
EPS8L3,1
PAK4,0.9972361
RIMBP3C,0.4089161
RRAS,1
HIST3H3,1
EPHB3,1
ITGA10,1
NEK3,1
ILK,1
CHRNA9,0.4470533
OR5H2,1
UBTD2,1
SART3,1
OPRD1,1
FCER2,1
DNAJC18,1
FIGNL2,1
BSG,1
SRGAP3,0.9913329
POU3F3,1
GFER,0.9959316
NEDD9,1
CXCL12,1
IKZF1,1
VCPIP1,0.9988716
CNTFR,1
NEK7,1
GZF1,1
NRBP1,1
GLRB,1
PIK3R4,0.9974769
OR4D9,0.9576943
ZNF16,1
MID1,1
THRB,0.9953476
DDX27,1
BAIAP2,1
TBCK,1
AIPL1,1
HIST2H2BF,1
KCNC4,2.64E-05
RIT2,1
CHRNA4,1
CHRFAM7A,1
KCNK7,1
WDFY1,1
CTSA,0.9420081
KLHDC7B,0.4894196
KCNC1,1
TARBP2,1
CD302,1
BTBD17,1
MAST2,1
PECAM1,1
TRIM37,0.9977432
SPATA13,1
CTSG,1
NCEH1,0.9984042
ZBTB11,0.9344531
TTC24,0.2151434
CCNI,1
SH2B2,1
KLF6,1
PLXNB3,1
RAB36,1
KLK12,1
FIGNL1,1
FBXO42,1
CLCA1,1
VPS25,1
UBLCP1,1
MACROD1,1
SEMA6D,1
ANKRD46,1
CCL26,0.4986887
KSR2,1
KLK4,1
LATS1,1
ANKRD34C,1
UBL4A,1
POLR2J3,1
RASA1,1
SRGAP1,0.9988716
DUSP14,1
CTLA4,1
ZNF773,0.876028
MAP3K15,1
ZBTB8A,1
BACH1,0.9988716
XRCC4,1
ANKRD2,1
DUSP13,1
AGAP3,0.9332745
OR1A2,1
OR4K17,1
CLEC10A,0.5891817
ZNF268,1
MEF2C,1
SHANK1,1
EHMT2,1
NTRK1,1
SH3GL2,1
POLR3B,1
VHL,0.9984042
AKT2,0.4194149
IRAK1,0.8574713
CNGA2,0.9090433
ISL2,0.9988716
GPX5,0.9977432
MYLK2,1
RAB39B,1
TANC2,1
DYNC1H1,1
RBL1,1
GRAP,1
HBB,1
ADNP,1
TIA1,1
PLA2G12B,1
ABI1,1
NMI,0.4311439
CASP12,1
PPIL4,1
SLAMF6,0.1481144
NUDT6,1
THBD,1
TANC1,0.3219269
TRPC5,1
NRG1,1
CLEC4E,0.2730916
IRF5,0.4530909
DSCAM,1
CD46,1
CFHR1,0.4704222
GALNT5,0.7020946
STARD5,1
F10,1
ZNF584,1
HNRNPF,1
LRRK2,0.9891186
SDR16C5,1
SORBS2,0.5935813
PPARA,1
NUDT1,0.9984042
SEMA5A,0.995778
RPS6KB2,0.6910732
PIK3C2G,1
PRRX1,1
DNAJA1,1
CD69,1
ANKRD31,1
CD40LG,0.9972361
CLEC3A,1
MSN,1
UBE2QL1,0.9988716
CAMK2G,0.9988716
GNA12,1
TTF2,1
NOTCH4,1
ANKK1,1
PTPN21,1
CASP3,1
IRAK4,1
SND1,1
OR6S1,0.9838452
SMARCA4,1
APEH,0.9984042
BSPRY,0.6716209
ZNF114,1
MPZ,1
CDKL4,1
SCN3B,1
CDK5R1,1
ZNF446,1
ZDHHC6,1
ANKRD1,0.8658316
OR10A4,0.2426676
BAIAP2L1,1
VWA5B1,1
RAB4A,1
OR52M1,1
PRDM16,1
PPIL6,1
NKX2-2,1
ARHGAP10,1
FUT8,1
OR8B4,0.5418412
SEMA3B,0.9518249
CSF1R,0.1855163
MX2,1
CTRL,0.1710037
SF3B6,1
ITSN2,1
ZNF274,0.9988716
ANKRD60,0.6714162
RNF7,1
PCSK9,1
VPREB3,1
AHI1,0.3325959
SERPINI1,1
STK24,0.9977432
ITIH3,0.6948943
KLHL14,1
OR2AE1,0.2483876
ABCA8,1
TESK1,1
KCNJ16,1
TLN2,1
SERPINE1,0.4803467
NEDD4,0.9170093
HIVEP3,1
CCL5,1
CAMTA1,0.9918633
ZNF689,0.9952127
ING4,1
GABRQ,0.4348458
TUBA8,0.9988716
MPZL2,0.9968085
STMN4,1
CDK20,1
HECTD1,1
POMK,1
PCGF3,1
ZSCAN30,0.7199903
TNFRSF1B,1
ALYREF,1
MIB1,0.9980456
KRIT1,1
RS1,0.995778
HSD11B2,1
IRF2BPL,1
CHTF18,0.9754892
ZNF80,0.8102947
ALCAM,1
CA2,1
ARHGEF12,1
S100P,1
FKBP10,0.7624527
CHD1L,0.9313279
TRIP6,1
DNAJB8,1
CRLF2,1
OR6C68,0.6173978
NFAM1,1
TRIM11,1
CELF6,1
ZBTB4,1
ANKS4B,0.5580797
ABCC6,1
IFT88,0.9984042
ASPRV1,0.6022338
NFKBIL1,1
DAPK1,0.9972361
LNX2,0.9211262
PPWD1,1
HTRA2,1
ACOT13,1
ILDR1,0.518505
KHSRP,1
COLEC11,1
GTF2A1,1
CCNL1,1
BIRC8,1
TRMT6,1
MT-CO2,1
ZDHHC17,1
PHF8,1
KLHL23,1
ANKDD1A,1
ERN2,0.4692736
CD79B,0.0140528
VSIG2,1
UTRN,0.7348243
ZNF568,1
PRPF19,1
OR2J3,0.433686
PDLIM2,1
HYAL3,0.7098728
CASP2,1
HSD11B1L,1
HSPA14,0.7194316
CHD5,1
HIST1H2AG,1
NEURL1B,1
ACTL10,0.9988716
GPR78,1
LY9,1
RBBP6,1
COL6A1,1
FBP2,1
ARL13A,1
VPS4A,1
MAP4K3,1
LRRTM3,0.9974769
RIPK3,1
PRKCH,1
ZNF416,1
NCAN,1
SELL,0.9959316
NKX3-1,0.5740142
IGSF10,1
IL1RAPL1,1
PRKAB1,1
PPP1R16A,1
MOK,0.9988716
RDH12,0.9977432
PEAK1,0.9980456
BCL11A,1
PPIF,1
NKRF,1
HLA-DMA,0.5568852
ADARB2,1
RAB22A,0.4452427
CDK15,1
KLF12,1
ZKSCAN5,0.2050558
ILF3,1
ZNF662,0.9984042
MATN3,0.8712378
IL22RA2,0.7327892
KIR3DX1,1
BRD2,0.000106293
ABCG1,1
ZNF785,0.5145655
LIMK2,1
VSTM5,1
RBMX2,1
ZIK1,0.4891897
CCL11,1
LHX6,0.9959316
PLXNB1,1
CSNK1D,1
ZNF426,0.006648859
NME7,1
KIF11,0.5810427
ANKS3,1
PKD1L2,1
TRIM24,1
OR5I1,0.4692159
ASB8,1
ZNF3,1
RBM7,1
PKN2,0.7991158
KLRG2,1
CEACAM18,6.35E-08
ANKRD10,1
KCNG3,1
KCNA3,1
TRIM3,1
ZHX2,1
CAB39L,1
SSTR3,1
MAPK1,1
EGR1,1
ZFYVE19,1
ARHGEF6,1
CDK12,1
ZBTB40,1
LHX1,1
ZNF710,1
TIGD7,1
POU1F1,1
SRC,1
CNTN4,0.8307367
HNRNPA0,1
OR6C65,1
RNF111,1
CFHR4,1
ZNF580,1
LTN1,0.9988716
NRP1,1
MELK,1
LRFN4,1
TRIB2,1
STAM2,1
ZNF154,1
GIT2,0.2142083
PRKD3,1
SERPINE2,0.1720323
FASLG,0.3973912
RAB3C,0.9974769
PRPF31,0.9629825
GABRB2,1
CDK17,1
UBE2D4,1
FGR,1
GNAZ,0.9988716
FRMD8,1
SENP1,0.3437478
PRKCG,0.9944721
TNK2,0.9972361
TSHR,0.01688352
PRMT3,1
ZNF581,0.9909732
ABLIM2,1
SLC7A11,1
ZNF408,1
DECR2,1
PATZ1,1
CDC42BPB,1
NRP2,1
ABCA12,1
ASAP3,1
PRKAA2,1
DHRS3,1
TBL1XR1,1
ERCC6,1
KLHL26,1
ANKRD30B,1
PNCK,1
IL1RN,1
VSTM4,1
BRD1,1
MAPKAPK2,1
CEACAM20,1
UBE2V1,1
KBTBD2,1
CCND3,0.2530021
MCM2,1
MERTK,1
HIST1H2AD,1
IL1RAPL2,1
SLC22A7,1
NACC1,1
UQCRC1,1
BACH2,1
AFMID,1
SCN4B,1
SH3PXD2A,0.989971
SH3D19,1
SPACA3,1
ABCC9,1
TYK2,0.9202174
FSHR,0.6237241
MAPK11,1
SDE2,1
ABCE1,0.9911873
ARHGEF7,1
VAMP2,1
ZNF575,1
GSTP1,1
ARAP2,1
DLG3,1
PIK3AP1,1
BGN,1
AK7,0.6644625
NXF1,1
TNFSF15,1
AEBP1,1
PABPC5,1
EPHA10,0.7566346
ADAMTSL3,0.496921
ROBO3,1
MALT1,0.6424502
EPOR,1
DMBT1,0.993518
KLF1,1
PPIE,0.8040315
SBK1,0.5598696
LASP1,1
PIK3R2,1
ZNF780A,0.000164283
DBNL,1
BACE2,1
CSNK2A2,0.9970146
DYRK2,1
MYLK4,1
RAB11A,1
UBE2G2,1
MZF1,0.01626379
UBC,1
HSDL1,1
SMAD4,1
ZAP70,1
DR1,1
BRF1,1
REG4,1
GSK3B,1
GATA6,0.7855005
FGF22,0.9940292
MKLN1,1
YWHAB,1
RHOC,1
HIST3H2A,1
CNTN5,0.4018023
KDM6A,1
CAP2,1
LINGO1,1
TRIO,1
YWHAH,1
STKLD1,1
RAB30,1
CDC42BPG,0.9988716
STRADA,1
MAP4K1,0.9988716
BTNL2,0.06977132
UBE2R2,1
CD226,1
MAP3K12,1
TRPV4,0.940678
KLK5,1
NFATC3,1
STAT5B,1
MAP3K6,1
BCL2A1,1
DCUN1D4,1
RFWD3,0.6740597
OPCML,1
PLXNA4,1
ZSCAN9,0.2293651
RAMP2,1
RBM27,1
FKBP15,0.6740354
TPM3,1
CLEC5A,1
SRP72,0.9966149
RBM28,1
WDTC1,1
LSAMP,1
ATRN,0.9974769
MKRN3,1
ABTB2,0.7609776
ZBTB42,1
LATS2,1
FBXW7,0.9953476
BCAR3,1
NME8,0.0487036
EPHA1,0.9964318
HOXD1,0.9988716
PHIP,0.9889445
SERPINA9,0.9970146
FRMD3,0.9988716
ANKRD26,1
SREK1,1
NFAT5,1
FCRL4,1
KCTD14,1
DHH,1
CA10,1
PFAS,1
COL6A5,0.9895361
FGF10,1
CA3,0.4481005
ZNF33B,1
STK40,1
ITGB5,1
MEX3D,0.3402593
PMS1,0.9491572
OR51V1,1
NCR2,1
TNFRSF14,1
OR5R1,0.3388541
UHRF2,1
ZHX3,1
ICOS,1
CLEC12B,1
GIT1,0.9900347
COL20A1,0.9925153
PRKAB2,0.9988716
VPS4B,1
DDX17,1
RAB4B,1
SRA1,1
HIST1H2BD,1
CMSS1,0.1811305
TLR10,0.9972361
KANK3,1
SEMA4D,1
TAOK2,1
ZBTB32,1
HAPLN4,1
RIMS1,1
CDK8,1
STX1A,1
EP400,1
VWA5A,0.7324213
CLEC1B,1
ABCA5,1
TRPV1,0.08932623
DMPK,0.9912598
RRM2,1
NEK9,1
TMIGD1,0.2510009
PPIL2,1
PCGF6,1
TOM1L2,1
SRSF6,1
MYBPHL,1
PRSS46,1
LONRF3,1
OXSR1,1
SP1,1
SGTB,1
ARHGAP33,1
MTPN,1
KLHL21,1
ABCC12,0.737055
ZNF329,0.4257904
EFNA4,1
ESR2,1
PDCD1LG2,0.2412495
NID2,1
CA5A,1
DIAPH3,0.6532702
ANKRD7,1
CCNT1,1
KCTD6,1
TRIM26,1
MYO16,0.8026864
SP4,1
IRF1,1
PBRM1,1
ZNF676,0.06162494
TBCEL,1
DUSP1,1
ADAP1,1
CUL5,1
NLRP8,1
ZNF185,1
GPX2,0.9977432
CEACAM16,1
PRRX2,1
RBM39,1
DYRK1A,1
OR1L1,1
CCL28,1
HBE1,1
PASK,0.990764
RPS6KA6,0.1300701
KLHL38,1
GABPA,1
RNF34,1
GLRA4,1
IGF2R,0.9984042
CD72,0.3461589
OSCAR,0.3846882
ANKRD24,1
CASK,1
ZNF444,1
GZMH,0.211237
FAF1,1
CFH,1
OR51I2,1
IRX1,0.9988716
RAB27B,0.9974769
TUBB3,1
TRIM62,1
NPHP1,1
TUBGCP6,1
HLA-DRA,1
CXCL13,1
IGF1R,1
DIRAS3,1
ADORA2A,1
UBL7,1
COL28A1,0.9966149
LCK,1
TP53,0.9954865
AGAP2,0.4825015
CXADR,1
SYNE1,0.00120144
ABHD17B,0.9962576
HYAL2,1
NSDHL,1
CFLAR,1
NRCAM,1
PABPN1,1
DNAJA3,1
DDX3X,0.9984042
ANK3,0.7177012
CACUL1,1
MAP3K8,1
DNAJB13,0.5307382
LRIG1,1
IRF8,1
OR52N4,0.07303096
PSMC4,1
STK31,0.7749933
SIAH2,1
CRTAM,1
DRP2,0.9972361
ACVRL1,1
PARD6B,1
ASGR2,0.3093053
GNAT3,1
OSTF1,1
CCL25,1
EPB41L4A,0.9065322
TRIM13,1
THY1,1
DAZAP1,1
JAK1,1
UBQLN1,1
DCC,1
PRSS8,0.9980456
ULK3,1
GZMA,1
MPP5,1
CTNNA2,1
FGFR2,1
MDM4,1
NUDT4,1
SPINT4,1
ANKRD42,1
OR2A5,1
CDK14,1
SPG20,0.8880241
IGSF9B,0.9914067
MKNK2,0.9988716
PTPRS,0.9712602
NUDT12,0.9883284
TRPC7,1
NTRK3,0.9988716
HIST3H2BB,1
TOM1,1
COCH,1
PAK1,0.9960912
CLCA4,1
HIST1H2BJ,1
KCNA5,1
NEK10,0.5880359
RHOBTB2,1
ABCB5,0.8601333
TTC19,0.419869
PLCB2,1
PPARD,1
DQX1,1
AKT3,1
BRF2,1
ZSCAN21,1
CCNJL,0.001006634
OR6C70,1
UNC45B,1
CEP68,0.7277215
CD2AP,1
SLC7A13,1
VAV2,0.9977432
RAB13,1
KLHDC10,1
PDGFB,1
SUOX,1
PRKCE,1
YOD1,1
PTPRB,0.003306676
EPYC,1
ELK4,0.2205265
CCNA1,1
SH3KBP1,1
CAMK4,1
OR13G1,0.01244464
CLCN3,1
ELAVL1,1
CD276,0.8547487
TUBA1A,1
S100A16,0.6918667
DDI2,1
ERAS,1
RBPJ,0.9988716
ZNF366,1
ZBTB7C,1
GPX4,1
BARD1,1
CLEC3B,1
DDX56,1
EHMT1,0.4988998
FGF3,1
RANBP2,0.05686615
HPGD,0.9966149
ZNF517,1
ZNF214,0.3663916
CLK4,1
ZNF566,1
WDSUB1,0.4540452
ZNF483,1
CASP14,1
DUSP8,1
DUSP9,0.3967928
IKBKB,1
MRAS,1
EFNB2,1
RAB9B,1
RB1CC1,1
TMPRSS7,1
KDM4A,1
SBK3,1
KEAP1,0.9988716
POU6F1,0.009622233
STAU2,1
OBSCN,4.08E-05
H2AFX,1
ZNF22,1
SRMS,1
EPHA7,0.9988716
STAM,1
OR2AG2,1
WFIKKN1,1
OR8G5,1
ANKRD61,1
BRSK1,0.9970146
GRK7,0.9972361
NPY1R,1
RDH10,1
SH3D21,1
MYBPC3,0.2542962
RNASEL,1
LRRC32,1
H2AFV,1
LMTK2,0.5902782
PROZ,1
CD300E,0.1631381
HIST2H2AB,1
TRPV6,0.6584516
RHOA,1
PHACTR1,1
SOD3,0.9956298
UBE2F,1
CD1E,1
RAB26,1
ATP1A1,1
PXK,1
HSF1,1
MAPK7,0.7663496
UBE2Q2,0.4292728
DDX1,1
SELP,1
HSD17B6,1
TUBAL3,0.5030938
PDCD4,0.2872197
PXDNL,1
OC90,0.7985248
IL2RG,0.7782564
CLPP,1
ANKRD12,0.5359094
RELA,0.9980456
TTC16,1
HYAL4,1
ASCC3,1
CD93,1
KCNF1,1
PCF11,1
RIPK1,1
HSD17B8,1
PLK1,1
CADM2,1
ZKSCAN1,1
OR2K2,1
RAB3D,1
ZNF423,1
SERPINA5,1
LPA,0.9980456
TIE1,0.6898867
RBCK1,1
HOXB1,0.4265056
RAB23,1
PPP1R13L,1
KBTBD6,0.9703453
STX6,1
DDX47,1
ASB10,1
MYPN,1
NACA,1
KCNQ2,1
LRRC6,1
NRL,1
CDC23,1
RAD23A,1
UACA,1
CHADL,0.7279071
CD83,1
LINGO4,1
ADRB2,1
IFNGR1,1
DCN,1
DDX51,1
ERCC3,1
RHOT2,1
RNF40,1
RAVER2,0.7858738
TMUB2,1
UXS1,1
TFPI2,1
ARHGEF26,0.8775381
SERPINB8,1
CLK2,1
OR52L1,0.9023682
FBXL14,0.9972361
TMPRSS15,0.5712329
ZDHHC13,0.02027493
DDX53,1
FDXACB1,0.2191476
MIDN,1
FGF12,1
OR2J1,0.5439193
CASP7,1
UBASH3A,1
CHD9,1
RNF166,1
ZNHIT2,0.7671656
PRC1,1
CLIC5,1
ZBTB7A,1
MAPK13,0.5366052
AP2A1,0.9974769
ZNF316,0.9725508
ZSCAN31,1
PLAU,1
VCP,0.9984042
ISL1,1
RAB6C,0.1084659
ULK1,1
OR7G2,1
CWC27,1
HIPK1,0.9988716
SASH3,1
GNB4,1
UBXN2A,0.43441
ZC3H7B,1
SPO11,0.7648214
CXCL9,0.9980456
HAPLN2,1
ANKRD35,0.02729167
CDK19,1
EFNA2,1
CD274,1
ZNF788,4.04E-05
RXFP2,0.559445
RALA,0.9977432
DDX59,1
PARD6G,1
TNFRSF4,1
HIST1H2BO,1
IGF2BP3,1
CLTC,1
ABL2,1
FRK,1
CLEC14A,1
CSNK1G1,0.9937175
OR10J1,1
CCNB3,1
CLEC4C,0.9988716
ZBTB37,1
CDK6,1
GABRR1,1
GLYATL2,1
SRSF5,1
SH3RF2,1
MSX2,1
OR10A7,1
TNKS2,1
ZNF555,1
RRM1,1
ADGRA3,0.8410666
RAP2B,1
JAK2,1
KISS1R,0.9984042
POLR2J,0.9984042
OR11A1,0.9944721
OR51L1,0.6928812
TGFBR1,1
LRRC4,1
PRG2,1
MAPK3,1
PPME1,0.9988716
MAP3K10,1
DUSP10,1
SEZ6L,1
TDRD6,1
SEMA3A,0.9988716
KLK7,0.2803773
CCL19,1
ASB15,0.8700532
MLKL,1
RND3,1
NUAK2,1
FNBP1L,1
KLHL18,1
PRKAR2A,1
FRMD4B,0.5942668
BTK,1
OPA1,0.8755087
ZNF414,1
SNX27,1
CHRNA10,0.2937821
KDR,1
ANKDD1B,1
KLHL6,1
RAMP1,0.3455055
ZBTB44,1
ANK2,0.8819117
TRPV2,1
ARHGEF9,0.9939236
MEX3B,1
MATN4,1
THBS1,1
LYZ,1
COL12A1,1
GSTT2B,1
FCHSD2,1
SOWAHB,1
UHMK1,1
ZFHX4,0.9743726
NME6,0.9984042
BUB1,0.8526388
NKX6-3,1
HIST1H2AA,0.5378088
SLC9A2,0.9988716
FCAMR,1
HBQ1,1
NAA60,1
OR51T1,0.03712614
MAP3K4,1
STK35,1
ELAVL4,1
CA12,1
MYH11,1
HLA-DMB,0.7402261
TBPL2,1
MARK1,0.8183487
FCGRT,0.9988716
MAX,0.9984042
NR1H3,1
TTC17,1
GNAL,1
AXIN1,1
NEB,1
NOTCH2,1
RAVER1,1
FER,1
HOMEZ,1
DHRS7,1
TBL1X,1
PSTPIP2,1
CDH4,1
RNF26,1
KCTD8,1
LMCD1,1
NFKBIE,0.004633525
CYSLTR2,0.07600965
ADCK2,0.8014833
STK36,1
RFC2,1
DRD3,1
IFNW1,0.4096522
CDK9,1
KIRREL,1
ITGB1,1
DNAH3,1
TMPRSS11F,0.9988716
HGFAC,1
IFNG,1
PSMB7,0.4088755
KLF4,1
LRRN1,0.6738496
TTC39C,1
SPEN,0.9759345
HSCB,1
CD3D,1
DDB1,1
POLQ,0.7617553
ZNF75D,1
SOWAHD,1
OTX2,1
UBL4B,1
LCN2,1
SPTB,1
NGEF,0.9894152
OR4E1,0.5102853
SMARCAL1,1
PAPPA,1
KMT2D,0.000456773
DNAJB11,1
FEM1B,1
HIPK3,1
CD207,1
MYNN,1
DUSP2,0.8620734
PBK,1
RAD50,1
SAMSN1,1
IDI1,1
CDKN3,1
DCXR,0.01965385
DNAJC15,1
ANKEF1,0.2814344
RNF19A,1
ABCG5,0.9974769
CLEC9A,1
POU2F1,0.9988716
ZFP42,0.7128773
TFDP1,1
SLA,1
CA6,0.7064961
WNK3,0.9557563
CYFIP2,1
NTSR1,1
ACAP1,1
DUSP19,1
ZNF263,1
RASD1,1
BCL2L14,1
UBB,1
ABI3,1
MAPK14,1
YY2,1
SERPINA2,0.07925673
F9,1
ACVR2A,1
GP5,1
WTIP,1
DUSP22,1
TPM1,0.9977432
PCBP4,1
CLEC18B,0.8834789
VSTM2B,1
PLD1,1
CERS2,1
CHRAC1,1
TLK2,1
BTBD7,0.9984042
CLCN4,1
VCAN,1
TRIM55,0.8180208
FKBP5,0.6594766
BIRC5,1
CAMK2D,1
BRD8,1
SSH3,0.8146204
LALBA,1
VAV1,1
SLAMF1,0.9984042
FBXO15,1
PRKCA,1
GUCY2F,0.8490495
UPK1A,1
RNF186,1
RYK,1
SEMA3G,1
NFKB2,1
F13B,0.4767685
ARX,1
IPP,1
FARP2,0.1489
TAP1,1
LILRB4,1
EPHA4,1
SQSTM1,1
ICAM5,1
DPP9,1
GRK5,1
PAK6,1
PPARG,1
PLCG1,1
RECQL4,0.7214097
ALPK2,0.04779431
JUP,1
STX12,0.9960912
KDM4C,1
COL22A1,0.2814846
RPS6KA2,1
SNX6,1
CHRNB3,1
GCH1,1
CHEK1,0.7311854
LTA,1
ITGB6,0.9850738
MCF2L,0.9988716
ANKRD63,1
COL7A1,1
BRWD1,1
WNK4,0.9939236
UBQLN3,0.9988716
SIX4,1
ABCB1,1
GRIN3A,1
TTC29,1
CCL23,1
ACAN,0.9919419
ARF6,1
ADRA2A,1
ZSCAN10,1
CCL13,1
FKBP1B,0.9988716
RPL23A,1
ITGAL,1
CDKN2A,0.9943582
SKAP1,0.4273054
IGSF6,1
KCTD4,1
FBXO2,1
RAB3A,1
ANKRD13B,1
TNXB,0.903094
UBE2L6,1
RABEPK,1
ANKRD27,1
SEC24D,1
UPF2,1
GNAI2,1
E4F1,0.74326
OASL,0.3636252
HTR5A,0.7553916
KLHDC8A,1
STYX,1
ANKRD40,1
RABGGTA,1
PDCD1,1
GABRD,1
GLRA3,0.9661964
ASB12,1
PDGFD,1
ABCB11,0.952824
NCF2,0.7080108
TRIM56,1
ZNF514,1
GALE,1
DSCAML1,1
DNAJB6,0.7480794
PRDM9,1
MARK3,1
PTK6,1
RAB10,1
KLHL41,0.9964318
TECRL,0.4308244
TNFSF11,1
TRIM31,1
FAM3C,0.9862734
ANKRD52,1
BAIAP2L2,0.004790725
FCER1A,1
MPP7,0.9954865
CCNK,1
MYOM1,1
MEF2A,1
DOCK3,1
TESK2,1
KLHL8,1
HTRA3,0.9972361
ZNF526,0.723396
HSPA4,0.9950815
ZNF805,1
ZBTB2,1
PCGF1,1
DNAJC30,1
ZSCAN29,0.7857408
CHRNA2,1
IL12B,1
KLK9,1
PRKACA,1
LRIT2,1
RNF5,1
CNTD1,1
CD1C,1
STAC3,0.4381122
HAVCR2,1
TAPBP,0.9988716
ING5,1
ZNF605,1
SPOPL,1
RUVBL1,0.9966149
BRDT,0.9954865
SAFB,1
CLIC2,0.9984042
UBALD1,1
NRXN3,1
ZNF282,1
MATN2,1
SRPK3,1
OR14K1,0.3391272
CHD1,1
PDLIM7,1
HFE,0.9766048
TCERG1,1
ZBTB26,1
SNRNP25,1
CUL3,1
BIRC6,1
SEMA3D,1
OR10D3,1
SIGLEC15,0.872228
TNNI2,1
MSX1,1
PSMC5,1
NTRK2,1
MAP3K2,0.9970146
TTC8,1
ABCC5,0.9926874
LPXN,0.001088904
TIMD4,0.0759845
KLHL17,1
USH2A,0.3464907
BMPR1B,0.8249392
STK3,1
RNF219,1
NRXN2,1
GLI3,1
CLK1,1
CMKLR1,1
CELF2,1
RFFL,1
TNK1,1
C6,1
ZBTB3,1
OR4Q3,1
LRFN1,1
CD79A,0.5195342
SPTAN1,1
RDH14,1
KBTBD13,1
PDX1,0.9980456
NAGK,0.9884931
RAB44,0.9966149
SUSD1,1
OVOL1,0.5675352
DHX30,1
GABRG1,1
STX4,1
MMP28,0.8944881
ICK,1
ZNF445,1
KLHL29,1
CCL15,0.5973548
P2RY8,1
RET,1
OR52K1,1
MPZL3,1
OR7A5,1
TMTC2,0.9988716
TBPL1,1
FCRLB,0.2666805
RAB6B,1
GPANK1,0.3907136
IKBKE,1
YTHDC2,0.7997086
SEMA5B,0.9357915
HTR1D,1
GTF3A,1
TRPC1,1
CSF1,1
EPHA3,1
ROR2,0.9977432
PRKD2,0.676774
CD40,1
HSD17B7,0.4190692
RNF121,1
CDK10,1
TEK,1
TUBG1,1
KSR1,1
RBMS2,1
SIGLEC6,1
PLXNA1,1
APP,1
TRIB3,1
LRIG3,0.9945885
JAM2,0.9948292
BRD7,1
MAP3K14,0.690745
CADM3,0.9972361
TUBB1,0.8073896
PRNP,1
NCAM2,1
PACSIN3,1
ABHD14B,0.04718229
SERPINF2,1
TNFRSF1A,1
FBLN7,1
SLC4A1AP,1
CAMKK1,1
RAB1A,0.9962576
ALAS2,1
MCL1,1
IHH,0.2794962
ASB11,1
MAPK9,1
GNB3,0.9984042
FGG,0.9980456
TAAR5,1
TRIM69,0.3558291
BANK1,1
CTCF,0.9908332
F2R,0.5653625
WNK1,0.8343082
SPINK5,0.9966149
VEGFA,0.000429154
TPO,0.9476803
PRKCQ,1
DFFA,0.4366008
KCTD13,0.9966149
HIST2H2AA3,1
SYNC,1
NBR1,0.4097018
CHD6,1
PTK2,1
BCL2,1
TNFAIP1,1
ZNF490,1
RHOG,1
ACTR1B,1
EPHX4,0.9964318
KBTBD7,1
TNC,0.1813678
USP51,1
CD55,1
RPS6KA3,1
KBTBD12,1
BTBD19,0.9974769
IGSF11,0.8845123
PKN3,0.7832757
IRF2,1
KCNA4,1
SERPINH1,0.9988716
KLHL40,1
TRIM8,0.06959096
FYN,1
VARS,1
DHRS12,0.04620097
CNTF,0.2370701
RPS6KA1,0.9988716
SERPINB9,1
BTBD2,1
TUBB6,1
POLR2I,1
KLF11,1
PPFIA3,1
TRIM41,1
TRIM60,0.9988716
RIN3,1
KLK1,1
EIF2A,0.3960442
IL1B,1
ZNF394,0.6852172
CD248,0.3659244
OR6B1,1
COL6A2,0.9988716
PRKG1,1
CNTN3,0.995778
DUSP4,1
ESPN,1
SSTR4,1
TTK,1
KLKB1,0.8373646
DDX43,0.7239494
NSF,1
BTBD11,1
DNM3,1
PPP1R16B,1
MARVELD2,1
ARFIP2,1
BBS4,1
VSIG1,0.251906
ASB5,1
KLHL42,1
CD96,0.733076
SPTBN2,0.3968612
ZNF619,0.3350646
TTC27,1
PIM2,1
SRPX,1
NEK4,1
DSP,1
FN1,1
KMT2B,0.9798802
C4BPB,1
ITGA1,0.885841
ADAM28,1
ACADM,1
CCL1,1
MAST1,0.9974769
ENC1,1
NMRAL1,0.2992266
IGFN1,1
ZNF574,1
CHRNA5,1
STK16,1
IGSF1,1
KLHDC3,1
BRD3,1
DOCK5,1
KCTD17,1
RAB27A,0.6813358
ZBTB48,1
STK32B,1
ABCB9,0.9988716
ANKRD33,1
HACE1,1
POLR2D,1
ST14,1
BAZ1A,0.9988716
INSR,1
ZSCAN23,1
MPHOSPH8,0.9988716
CNTN6,1
KCTD21,1
RBM19,0.6562621
AXL,1
STYK1,1
HYOU1,0.600171
BAZ2A,1
DCLK3,0.5205255
SMARCAD1,1
NOSTRIN,1
OPRL1,1
UBXN4,1
PLK4,1
DDX24,1
TRIM17,1
BTN1A1,1
ALK,1
VSIG10,1
CADM1,1
CHRNA1,1
OOEP,1
TUBB4B,1
CX3CL1,1
ZNF157,1
SETD3,1
PIK3CB,1
AIP,0.9964318
RHOH,1
AKAP13,1
SNX31,0.05566176
HIC2,1
UBE3A,1
ZFP37,0.09488632
BMX,1
ABCC1,1
ASB3,1
GUCY2D,1
TEC,0.9960912
ZBTB20,0.9758027
PAK3,1
ANKRD65,NS
RPRD1B,1
ACBD4,1
SH3BP4,1
ESAM,1
SEZ6L2,0.8180445
NTM,1
UBE4A,0.4003676
PARP14,0.9867452
CSMD2,0.8958931
IRAK2,0.6217311
POU3F1,1
FEN1,0.9968085
FGF7,0.9966149
SGK494,1
ZNF267,1
ABCF3,0.3488785
LRRN3,1
GRAPL,1
ZFP1,1
SH3RF3,1
CD86,0.9862271
CLEC17A,0.5259121
ANKHD1,1
CCNB2,1
GINS1,1
ZNF649,0.177293
ANKZF1,0.1258615
ZNF331,1
NUDT5,1
CLCN7,1
PRKCB,1
A1BG,1
CHRM3,1
DUSP13,1
ACVR2B,1
ATAD2B,1
STK32C,0.9917083
PDGFRB,1
FCRL1,1
ASB16,0.6960327
KCTD3,1
RDH5,1
MIS18BP1,0.6361415
ASB1,1
LIMK1,1
ETS1,0.8645668
HIST1H2BA,1
MAPK10,0.9988716
DNAJB4,0.9947075
SPOP,1
TSSK2,0.3994471
TRIM40,0.8530363
AQP2,0.9988716
SH3YL1,0.04513457
SF3B4,1
CPSF7,1
SRF,0.9960912
PLK3,1
CLEC2L,1
CR2,1
PRSS57,1
STK17A,1
DRD5,0.8582473
TMTC3,1
TRIM58,1
DPP6,1
ARL6,1
DUOX2,0.9912598
KIAA1217,0.8013696
IRF9,0.006873583
MCAM,1
CDCA8,0.4093795
PPP3CC,1
EVPL,0.9276806
DNAJC22,1
LSM5,1
ZNF670,0.9950815
HIP1,1
KCND2,1
MAP2K6,1
ZFPM2,1
PRPF40A,1
PSTPIP1,1
UBE2S,1
GSK3A,1
IVNS1ABP,1
CASP8,1
ASGR1,0.5480246
TK1,0.9988716
FEV,1
DNAJC13,0.9362671
MYBPC1,1
RAPSN,1
CLEC4F,0.4265232
CAMKV,0.9944721
CAPN2,1
ZNF182,0.9988716
IL36G,1
TTBK2,1
DNAH12,1
PEX5L,1
TRIM74,0.3908995
ATAD2,0.9737593
ROCK1,1
UBTF,1
TACR3,1
GTF2I,1
IBTK,1
SGSM3,1
ORC1,1
AMFR,0.9988716
DHX9,1
ZNF883,1
TNPO1,1
OLR1,1
ZNF438,0.2111599
SERPINB2,0.9606842
RAB5B,1
TSG101,1
GABRA1,0.9988716
IL10RB,1
MAFB,0.9960912
ITIH4,1
KIDINS220,1
TNFSF18,1
NRG2,1
FCRL3,1
CCL7,1
TUBA4A,0.9921825
BCOR,1
ANKS6,1
CDK2,0.9984042
KLHL13,0.9977432
EDAR,1
TAF9B,1
ANKRD29,0.9972361
WDR47,1
ANKRD34B,0.7300214
KLHL32,1
MRPL46,1
SCN2B,1
SHROOM1,1
MEIS1,0.1082706
TBP,1
SFN,1
EGFR,1
PTPRG,0.9754373
CAMTA2,1
RANBP9,1
PDCD10,0.9972361
SEMA4G,0.9966149
VSIG4,1
ZSCAN26,0.390362
ANKRD11,0.5952511
PKD1L3,0.7117553
CIT,1
LY6G6F,0.3560826
LRMDA,1
HNRNPH1,1
DHX40,0.9782686
HSD17B3,1
DYRK4,1
NCF1,1
ABCA7,1
ACE,0.9988716
LMX1B,1
CD300LB,1
HTRA1,1
ERN1,1
L1CAM,0.8053961
OR52N5,1
HAPLN1,0.4223489
KLHL24,1
GPR68,0.6412831
APOA4,0.9684539
ERMAP,0.825857
BCL6B,1
RLF,2.36E-07
DAPK2,1
ZBTB16,1
UQCR11,1
ACTBL2,1
MATK,0.000656476
KBTBD11,1
RNF8,1
FKBP11,0.9977432
HSD11B1,0.4252649
IL24,0.2162289
MAP3K9,0.8574189
GLIS3,1
APLP1,0.5366778
LMO7,1
ZBTB5,1
MAP3K19,1
TRIM10,1
CNGA3,0.9970146
RABL2B,0.7197525
CCNYL1,1
DST,0.7276956
CD180,1
PSMD3,1
MYO3B,1
XPO6,0.1296774
ASB7,0.9974769
ACTA1,0.9988716
KCNA6,0.839878
EPHB1,1
HLA-DOA,1
MYBPH,0.3012031
NCK2,1
ITGA7,0.9079262
HIST1H4A,1
FUBP1,1
LHX8,0.9988716
OR5A1,1
TTC1,1
RBX1,1
DXO,0.9968085
RAB11B,1
RDH11,1
LYN,1
TXK,1
MYH2,1
SYNCRIP,1
RCOR1,1
CDK16,1
DDX28,0.9114772
SOWAHA,1
FKBPL,1
TNN,1
KANK1,1
UTY,1
ZNF572,0.7077924
KLK3,0.8373646
PLA2R1,1
CSK,1
TP73,1
NRBP2,1
FGF2,1
ZNF396,0.5748686
FCGR3A,1
OR2C1,1
RNF135,0.678646
NRXN1,1
ANKRD54,0.9670152
PACSIN1,0.9964318
BDH1,1
GCHFR,1
PKN1,1
TRIP10,1
EPHB6,1
CDK11A,0.9988716
MPP1,1
ANKRD22,1
MAP4K4,0.9988716
GABBR1,1
ARHGAP27,1
STRAP,1
BTBD16,0.810411
FGFRL1,1
OR6T1,0.06063113
PRKCI,1
DOCK1,0.9624539
BTAF1,0.9974769
HNRNPA1,1
NFATC2IP,0.8047125
UBE2D1,1
CDON,0.8995186
MKRN1,1
ANKRD44,1
PROCR,1
VWA2,0.7607073
MRPL44,0.9053653
MYOM3,0.7861429
RHOQ,1
FLT3,1
CHD4,0.9988716
CD7,1
DIABLO,1
DNAJB9,1
NFKBIA,1
TRIM6,0.8591206
PROP1,1
LINGO3,1
PEX10,0.6450127
PRKCD,1
ULK4,0.5396979
LRFN3,1
ZNF774,1
RNF2,1
SPATA5L1,0.567668
CLIP3,1
DLD,1
RBMS3,1
ZNF41,1
TSSK4,1
KIT,1
KCNV2,0.978386
TMPRSS11E,1
FANK1,1
TNFRSF21,1
VEGFC,1
OR2T11,0.6818256
CAMK2A,1
KCNG4,0.9984042
CTTNBP2,1
LRSAM1,0.626903
AK9,0.7225295
ZNF793,1
WT1,1
PTGS1,0.9845706
KLRG1,1
HGS,0.001995409
MDGA1,1
FGFR4,1
RRAD,1
PDGFA,1
ZBTB14,1
TDRD9,1
PTPN3,0.7448309
UBXN11,1
BLK,1
RBM18,1
NEK6,0.8109256
CSF3R,0.9934205
NPAS1,1
STX1B,1
DARS2,1
SOX17,1
KLHL35,1
CLEC2B,1
EPHB4,1
SLAMF8,1
AMHR2,0.2822205
ZNF155,1
CASP1,1
P2RY6,1
TNFRSF10D,0.2243298
CD48,1
COBLL1,1
KCTD20,1
ERBB2,0.9977432
KLHL34,0.3536436
SNX33,1
RTN4RL2,1
GABRA4,1
BRPF1,1
RHOBTB1,1
HIDE1,0.9863198
HTR3E,1
DHRSX,1
UBE2B,0.9962576
HSPG2,1
IL34,1
IL20,1
SIX1,0.9988716
ZKSCAN8,0.503392
KLHL25,1
CSNK1A1,1
GFI1,1
RAB8B,1
CLCN1,0.6735236
UBXN7,1
UBTD1,0.9956298
ZNF177,0.2113986
SHANK2,1
NKIRAS1,1
RIMBP3,0.3498415
MLLT10,0.9042326
SMURF1,1
GRK1,1
MOS,1
ELANE,1
IGSF5,0.8199022
SRGAP2,0.9964318
CST3,1
SORBS1,0.02074298
TRPC4,0.9856832
RFXANK,0.7021082
DNAJC27,1
MACROD2,1
KLHL2,1
DCBLD2,0.457219
HLA-DQA2,1
CHL1,1
CEP162,1
OR13C3,1
LY75,0.229407
MGLL,1
EMX1,1
FGF16,1
STAT3,1
CD101,1
OR11H6,0.9874862
ETV1,1
GRAP2,1
RAG1,1
SERPINA7,1
GABPB2,0.2540682
ATP6V0C,0.5529708
GPX3,0.9980456
NUDT17,0.361797
EPB41L2,1
DYRK3,0.4114184
MAST3,1
ZBTB46,1
ZNF337,1
SPAST,1
KLHDC2,1
DDX25,1
ARHGAP4,0.6971231
SMARCA5,1
MIF,1
CHRNA7,1
PGF,1
CD2,1
NDRG2,0.4126823
HIST1H3A,1
HMGB3,0.9988716
GTF3C3,0.7136058
AMBP,1
RIPK4,1
CHRNA3,1
KLHDC8B,1
BAZ1B,0.8916238
EPS8L1,0.1749446
ALOX5AP,1
ANKRD13C,1
NEK2,1
SPATA16,0.03118521
YES1,1
ANKRD6,1
SH3GL1,0.3658236
RAB39A,1
AADACL2,1
NPTN,1
LIN7B,0.9988716
CD28,1
MYOT,0.7034205
ZNF140,1
MYLK3,0.9861349
GABRB1,1
FAP,1
OR51M1,0.9302298
DUSP6,1
PRSS45,0.000558179
IL6ST,1
CLEC4D,1
TRIM77,1
TFG,1
TUBA4B,0.3001652
F7,0.9938197
ABHD12B,1
HMOX1,1
PEX2,0.244911
CFB,1
TOP2B,1
OSR2,1
DUSP15,0.7818619
SHARPIN,1
ZNF607,1
RNF212,1
DNAH17,1
SNED1,0.9181443
NOTCH3,0.9984042
PAPPA2,1
CASKIN1,0.9950815
POLR2L,1
CLEC11A,1
EVX2,1
GFI1B,1
CIDEA,1
ACE2,1
DDR1,1
IGFBP7,1
RNF223,1
ITGA11,0.4885872
SGTA,1
PLA2G2D,1
DDX42,0.6297485
ACBD6,1
CDKL2,0.7386395
EXO1,0.3953604
ADAR,1
GMCL1,1
ANKRD49,1
TTC3,0.5074702
CDKL3,1
DVL2,1
ANKMY1,1
ANKLE1,0.001772467
ZNF112,0.02609665
ZNF547,1
SP6,0.9988716
DNAJA2,1
PPP6C,1
NPLOC4,1
EIF4G3,0.9984042
CDKN2D,1
MYO1E,0.5217676
KCTD1,0.9931364
THPO,0.01462588
GINS4,1
SDK1,1
CACHD1,0.3243472
ARHGAP26,1
CCNY,1
GAK,0.9786824
OR6C6,1
TTC13,1
ZNF26,0.4564531
OR51I1,0.05947107
KDSR,1
PKMYT1,0.9637285
ABI2,0.9956298
TRIM34,1
CD84,1
ANKRD17,1
EPS8L2,1
SNRK,1
HMX3,0.1613844
MAPK8IP1,0.8156232
VWA5B2,0.9977432
ZBTB8B,1
TREM1,1
TRAF5,0.7721991
DHRS7C,1
TLN1,0.9930443
ASB14,0.701475
TUBG2,1
PIK3R3,1
HNRNPK,1
JAK3,1
RPS6KB1,1
ZNF48,1
ARHGAP32,0.9871351
