TRIM38,1
POMT1,1
WWP2,1
SCPEP1,1
PPP2R2C,1
ZCCHC6,0.8411486
TRMT11,1
CDKN1A,0.9984042
ENG,1
LRIT1,1
FUT3,1
CUEDC1,1
CFD,1
GSTM3,0.4611896
WDYHV1,1
ACADS,1
PNPT1,1
CYP26C1,0.9984042
GALNT2,1
SIRT5,1
NAALAD2,1
ZNF75A,0.9966149
ADAMTS6,1
TLE4,1
MPDZ,1
ATG16L2,1
ARL4C,1
TBCCD1,0.9436505
CSPG4,0.01774105
PID1,0.529932
KDM5B,1
ADAMTS5,1
CTSW,1
FRS3,1
ORM2,0.6564944
MDC1,1
GLA,1
GPR155,0.9728303
GNB1L,1
LMOD3,1
LIN28B,1
PWP2,1
POLM,1
R3HCC1,1
SUGP2,0.6947192
CACNA1I,1
LMAN1L,1
PCBD1,1
CKS2,1
SLCO2A1,1
ARL9,0.2462128
ZNF205,1
OPN1MW,1
MTMR4,1
LHX2,1
AHSA1,1
NFU1,0.4612218
CTIF,1
OR3A1,1
SPI1,1
RPL39,1
DNAJC16,1
CXorf30,0.9988716
PHOX2A,0.9878475
CACNA1D,0.9974769
RANGRF,1
SPNS3,1
MRTO4,1
OS9,1
FAM120A,1
ZHX1-C8orf76,5.81E-09
FAM187B,0.2223282
NOL3,1
FAM43B,1
MRGPRX3,0.9795664
EFL1,1
CDH24,0.07520434
SMARCC2,1
OR9Q1,0.4443692
KMT5A,0.4048011
POMT2,1
HOXC9,1
IBA57,1
EIF2S2,1
ABHD10,1
ATIC,1
ATAT1,2.31E-12
ATP7A,0.9988716
ZFPL1,1
LRRN2,1
SLC12A1,0.04733829
ARHGAP40,1
LVRN,1
SEC22B,1
WDR86,1
PAPD5,0.9988716
C3AR1,1
GJB1,0.9956298
CALCOCO1,1
ZNF646,0.7806537
AGGF1,0.109362
GGT5,1
NSMCE1,1
IFT27,0.9970146
C1QTNF12,1
BUB3,1
ACD,1
RTCA,0.4363577
HHIPL1,1
SLC25A19,1
KMT2C,1
ARHGAP22,0.000574806
NQO1,1
CYTH3,0.9988716
MYO10,1
MRPL48,1
MTOR,0.9777478
FBXW2,1
SPAG1,1
PAX7,1
SMC4,0.9988716
GNA15,1
CASQ1,1
PRSS23,0.5831449
GLP1R,0.7285794
ACACB,0.8380321
PTPN20,1
DEPDC1B,0.6214449
AVPR1A,1
CORO1C,1
PAPOLB,0.9391997
FAM169B,1
CNOT6,0.9988716
DYNLT3,1
ATP8B2,0.9977432
SEC24A,1
TKTL1,0.4568
IL4R,1
OGDH,1
SAMD11,0.8317101
ZNF765,1
RPA1,0.4310926
SP110,1
FAM129B,0.4228835
CD27,1
PARD6A,1
LGALS9C,0.5084149
AFG3L2,1
CEP70,1
CHI3L2,1
PCSK1,1
PCDH11X,1
RNF182,1
TBC1D14,0.1979626
ALKBH2,1
MYL6B,1
GCA,1
ZNF32,1
LETM1,0.9895361
ARNT,0.7749933
GFPT1,1
ZNF852,1
RAP1GDS1,1
CAMSAP2,1
GZMK,1
TTC30B,1
SPIN3,1
FABP9,1
TBC1D10A,1
MST1,1
ETFB,1
OR5K3,0.6665198
LGALS16,1
SMG1,1
AIMP2,1
MAPRE2,1
TFDP3,1
CXCL11,1
FAM43A,1
ADGRL4,1
TRIOBP,1
ECHDC3,1
WDHD1,0.4674346
ALKBH1,0.9988716
RNF24,0.9877952
PLCH1,1
PNLIPRP1,0.9988716
SI,0.9988716
CBWD1,0.007537475
ONECUT2,1
FAM83A,1
PELO,1
ZNF248,1
ZNRD1,0.9984042
HYAL1,1
ENPP7,1
NOMO1,1
GPER1,1
ZSCAN20,0.6716948
OAS3,1
FOXRED2,1
LY6H,1
USP9X,0.9939236
USP20,1
COQ10A,0.9937175
RPL28,1
CCAR1,0.9124022
NCBP2L,1
MSL2,1
ZNF233,0.000200018
GRIA4,0.9988716
EIF6,1
UBL3,1
ADAM18,0.9988716
SLC8B1,0.5718421
ZNF512,1
OR6C74,0.222088
CD2BP2,0.260111
PTPRA,1
PPEF1,1
HMGB4,0.7878367
NDUFV2,1
CNNM1,0.03926623
OTUD6A,0.4387055
NELL2,1
FTSJ3,1
OVGP1,0.02870078
RNF224,0.7768318
FLRT2,1
LRG1,1
ERLIN1,1
BDKRB1,1
KLHDC9,1
AZIN2,0.9928636
PRPH2,1
HADH,1
C1QTNF5,1
ITGB1BP1,1
NTN5,1
OR9A2,1
ZMYND19,0.9972361
RC3H1,0.05059783
DCAF11,1
ARMC6,1
TEX10,1
RUFY4,1
LDHB,1
MALRD1,0.8643963
CTNNA3,1
OR4F21,0.1544589
ODF1,0.954903
KPNA3,0.9943582
ZNF682,1
GIGYF1,1
RBM17,1
LRRC18,1
SPARC,1
PLEK2,1
SARS,1
SLC25A32,1
KCNC2,1
GDAP1L1,1
KLF8,1
OR52Z1,0.8652741
KIF26B,1
GALK1,1
COL13A1,1
MOCOS,0.9953476
NUDCD3,1
PRCP,1
NIN,1
OGG1,1
GLO1,1
OAZ2,1
FARP1,0.9980456
SNX20,0.6637602
PLOD3,1
GDPD3,0.4654195
SLC6A3,1
CRMP1,1
PLCD3,0.9890603
OR2AJ1,0.9988716
SYT6,1
HCAR2,0.02011127
N6AMT1,1
SLFN12,0.3275197
SLC27A6,1
MSRA,0.4674759
DMRTA1,1
METTL27,0.2979221
MAGEC3,0.4642703
E2F8,0.9093561
TWNK,0.421706
ALDOB,1
SLC2A1,0.9972361
KREMEN1,1
OR56B1,0.4658008
PACRGL,0.3056227
NEDD1,1
CTSE,1
ZFP57,0.08616759
WBSCR17,0.9980456
DOLPP1,1
RAB11FIP4,0.9914067
DHTKD1,0.6644776
ZNF501,1
STX18,1
BBS12,0.007445898
ANGEL1,1
GALR2,0.9643829
DENND1C,0.6082767
ZNF671,0.2584889
PHF21A,0.9980456
KCNIP2,0.9954865
ZNF189,1
KAT7,1
OR8U9,0.2577522
OR2G6,0.5752968
PLIN3,1
PDCD6,1
PDHB,1
FAM135A,0.9988716
MOV10L1,1
PAX2,0.9988716
TSPAN18,1
WDR70,1
FZD9,0.9988716
MLLT1,1
OGN,0.4366804
OR1L8,1
SOX14,1
PFKFB4,1
LAMA1,1
ENY2,1
THTPA,0.9972361
RPL26,1
MORC4,1
HDAC7,0.9988716
AEN,0.9988716
HES2,0.9977432
NAALADL2,1
BCAP31,1
CHMP1B,1
ATOX1,1
NHEJ1,0.08468764
LRRC8D,0.8372314
RASSF2,1
KLHDC7A,0.4592885
DCAF10,1
FZD2,1
ZNF516,1
EVA1C,0.6031601
GIPC3,1
TMX1,1
BPI,0.8822308
MCFD2,1
NUBP2,1
F13A1,1
FBXL18,0.4706626
CDH9,1
RYR1,0.9977432
POP7,1
FBXO30,1
ARPC4,0.0544972
NRDC,1
DRD4,0.9941368
ZNF286B,1.58E-08
OTOG,0.1288649
LBX2,1
SEPSECS,1
CEP170B,0.8047501
CLSTN3,0.007113175
GOSR2,0.1610687
MRPL38,0.1703776
OXT,1
RNF168,0.6286
COPS2,1
S1PR1,1
ZNF549,1
ACAT1,1
CTNND1,0.9901633
KDM4B,1
MTG2,1
PSME4,1
KIF16B,1
GRHPR,1
ZFHX3,1
WISP1,0.06813011
ZNF467,1
CHDC2,0.9988716
PXDC1,1
PCDHB4,1
SMYD2,1
AGMAT,1
OR2V2,1
ACKR4,1
MOGAT2,1
NRROS,1
NSUN2,1
LRRTM2,0.9977432
S100A7L2,1
RNMT,0.2018993
CLASP2,1
ZNF638,0.5267826
UMODL1,0.9398077
GEMIN6,1
OR7C1,1
OR6Q1,0.7235507
TRMT61A,0.9972361
FOXR2,0.6315802
DENND1A,0.8434685
MAD2L2,0.7683918
ASNS,0.4331599
SH2D5,1
ZSCAN4,1
ZNF398,1
CASTOR1,1
NMUR2,0.2330646
PDZD11,0.9984042
DLL3,1
MYRFL,1
TMX3,1
VIPR1,1
RAD52,1
AGPAT4,1
KCNJ10,1
NRIP3,1
CABP2,1
PNLDC1,1
MLLT3,1
OR8B12,0.04976557
OR4M1,0.1385572
CLIC6,1
CYP27C1,1
MPL,1
ADAMTSL2,1
RPUSD2,1
COL4A6,1
RASSF1,1
PLA2G15,0.9977432
KHDC3L,1
ZFR,1
EIF1B,1
POLR3F,1
GRB7,1
CNTNAP3B,0.9081252
NCOA3,0.9974769
LTC4S,0.9988716
ADAM7,1
HINFP,1
WDR17,1
SPOCD1,1
NDUFV1,1
ZFY,1
MYO9B,1
CELA3A,1
DSG1,0.8273434
JMJD6,1
IKBKG,0.9874354
UROS,1
KLC1,1
XDH,1
CYBB,1
TNFRSF6B,0.9988716
GAPDHS,1
PSD2,0.4429308
TBX5,1
ASPDH,0.6305276
FHOD1,1
SCUBE3,1
TMEM79,1
KCNQ5,0.9977432
IGHMBP2,1
ZNF524,0.5947677
CD6,1
NDC80,1
COL10A1,0.748966
MMP27,0.1202543
PIR,1
PRDX6,0.7848603
EPGN,1
XPNPEP1,1
CYB5RL,1
DYNLRB2,1
BRIP1,0.9984042
ZSWIM2,1
WDR25,1
ATP1A4,1
SLC12A5,1
ARHGEF33,1
OR10T2,0.2375242
ABHD6,1
GATA4,1
PPP1R14A,0.9959316
ST3GAL4,1
YKT6,1
WDR66,1
P2RY11,1
HTR3B,1
S100A2,1
TRIML1,0.4373992
CNTRL,0.9977432
TSPAN5,1
ABHD16B,0.6784058
ATF6B,1
PLA2G4F,1
SYT12,0.5399513
ASXL2,1.69E-24
AP4M1,0.4130628
MRPL15,0.9988716
RCOR3,1
CYSLTR1,1
RNF114,1
TBCC,0.13719
OR10Z1,1
RNLS,0.9331606
LRP3,1
NWD1,1
HSPBP1,1
BAIAP3,1
C12orf66,0.1722633
RNF39,0.8528459
IMPA2,1
RHOD,0.9945885
ADAMTS12,1
PCIF1,1
HOMER3,1
SUPV3L1,1
C2CD2L,0.429233
EDNRA,1
NTF3,1
PEX12,1
DNAJC9,1
RAB17,1
FAXC,1
OR4F6,1
NARS,1
SPIN1,0.9926874
GPR3,1
GPR75,1
TOX,1
UBE2Z,1
ANP32A,0.9972361
ATP2C1,1
OR4N4,1
HERC3,1
DHRS2,1
RASAL3,1
MBD4,1
RABGGTB,1
FARS2,0.9926008
IMPDH2,1
OR5AK2,0.3076313
P3H1,1
PER1,1
ERCC2,1
CLPS,1
PAFAH1B1,1
USP31,0.0420601
GRPEL2,0.9988716
TAS2R10,0.8222059
MPO,1
RHPN1,1
GDPD5,0.8211842
PHC1,1
PHF13,1
ANG,1
AAED1,1
PCDH9,1
P4HTM,0.8414728
PNPLA7,0.9271138
BMP5,1
APBB3,0.6786089
CTSC,1
HIST1H1E,1
SIPA1L1,1
PRL,1
AREG,0.5407541
OR8K1,0.7116464
ATP8A2,0.9984042
NMBR,0.5071476
LGALS9,1
ISM2,1
ITFG1,0.9897203
H1FNT,0.7088663
NANS,1
OR14A2,1
TMEM94,0.5653095
TJP3,1
MFRP,0.9768508
LYPD3,1
GALR1,1
PRSS27,0.8670571
LCT,0.5735867
PFKM,1
HELQ,1
WDR36,1
SARM1,1
JPH3,1
CHM,0.3019868
NDUFA2,1
TNFRSF25,1
PPFIBP2,1
PIH1D3,1
NUP88,1
TMEM14B,2.22E-06
SCN4A,1
UTP18,1
GSX2,1
PLBD2,1
CCDC170,1
OR8U1,0.007039925
APTX,1
CPB1,0.7738843
PCYT1A,0.9980456
SLC6A5,1
RUNDC1,0.2515238
MYO5A,1
FBXW9,1
THOC1,0.8385528
OR1N1,0.2524787
APPBP2,0.4632736
DGKG,0.8101366
USP42,0.806177
MYH10,0.993617
CFAP43,0.3834318
DDN,1
N4BP2L1,1
OTUD3,1
EIF2B2,1
GPR151,1
TPST2,1
NAB2,1
CPNE4,1
GPR65,0.8081888
FAM109B,0.4653224
NTN3,0.9593959
FDX1,1
KCNJ3,1
ADCY4,1
ZNF71,0.8454592
CNP,1
GPR142,1
SELENOW,1
NET1,1
NCOA5,1
PDPR,1
NOP58,1
ADAMTS17,1
TAS2R50,1
PLEKHG6,1
PTGDS,1
AQP8,1
MEN1,0.5327602
SLC45A3,0.7650511
FLII,1
FANCL,1
CAMP,1
MIER1,1
GKN1,1
ACRV1,0.2811845
AKAP10,1
ARFGEF1,1
FABP12,0.2518508
MAN1B1,1
TRPM3,1
MCM6,1
ZNF577,1
ZNF586,1
SLC16A2,0.9977432
TMEM116,1
MVB12B,1
ARRDC5,1
CFAP161,1
LSG1,0.5327023
LPAR2,1
UGT8,1
NPC1,0.9988716
GPR33,1
LTF,1
ACOT2,1
CAPN6,0.4413438
CSDE1,1
CCR6,0.9960912
KCNN2,0.9947075
POU4F2,1
DDX60L,0.5348673
WDR83,1
KCNV1,1
CDH17,0.8893166
TBRG1,1
ATP6V1F,1
CRB1,0.489167
CREG1,1
GBE1,1
SWSAP1,1
ACSF3,0.9383298
BRAP,1
NABP2,1
TEAD1,1
ARID1A,0.9980456
REC8,1
NUP43,1
PANK2,0.9911153
DCUN1D3,1
ACOX3,1
CDA,1
SLC8A3,0.9937175
SH2D3A,1
PCDH18,1
FMN2,1
LRRC55,0.5245633
IL36RN,1
G6PC2,0.7249768
FSTL5,1
OVOS2,8.27E-09
ZEB2,1
CPA5,1
WDR4,1
RASGRP1,1
ZNF655,1
RPS16,1
FDX2,1
RNF151,1
ZNF236,0.9960912
NIPSNAP3B,0.9584063
GPR132,0.9587284
LRRC40,0.7482682
TBCA,1
LTBP4,0.9968085
PHGDH,1
LRRC31,0.6570849
EFCAB14,1
TAZ,1
LRRC10B,0.0191486
PMS2,0.4572866
ADRA2C,1
DCPS,1
CLNS1A,1
TLR1,0.6745603
GDF2,0.9970146
SETD7,1
AGO1,1
SLC22A12,1
THEM5,0.1310522
OR3A2,1
NANOGNB,1
HECW1,1
MBNL1,1
GLI4,0.5446496
TAS2R39,1
PLD6,1
AOX1,1
UFC1,1
DPH7,0.221925
FKBP14,0.9984042
LRRC9,0.514415
WDR63,1
DHX37,1
FAIM,1
NAV1,0.9933245
DMAC2,1
UBE2V2,1
AGRP,1
TLR7,0.9988716
NHLRC2,1
RASAL2,0.9988716
GPR15,1
KCNK9,1
ACTRT3,0.4207806
KCNJ15,1
SNX29,1
OR6J1,1
COX4I2,0.3373311
CD38,1
SEC14L5,1
MYO19,0.9911153
ZNF701,0.67369
KIRREL2,0.9067484
PDE8B,1
ADGRF3,1
ARID1B,1
SPATA21,0.9988716
CHRNE,1
TPBGL,1
RAB40B,1
LCNL1,1
FAM111B,1
POLA2,1
HIRA,1
OR4D10,1
ZYG11B,1
FNDC4,1
SLC9A5,1
NPM2,0.9988716
BPIFB3,0.7307195
HMX2,1
PRMT6,1
COL4A4,1
AUH,0.6123964
ADAMTS15,1
OR10P1,1
SEC24C,0.1230082
RBP1,0.9911153
EHD3,1
WDR55,1
MYD88,1
AP1M2,0.9974769
SOX21,1
PDHX,1
MYH13,1
PEX19,1
ZNF101,1
NANOS3,1
SLC38A4,0.7441043
TFCP2,1
PTPN12,1
PLD2,0.01800669
FOPNL,1
TG,0.3462513
OR4C12,0.1322372
IFIT5,1
TBC1D16,1
GPR26,1
ETNK2,0.9886043
RPL39L,1
ETHE1,1
TWF1,1
MCRS1,1
PCDHGA12,1
GANC,1
DCTD,1
ALX3,1
TXNDC11,1
DRC1,0.4827662
SLC12A7,0.8096468
SALL4,0.6776493
STXBP1,1
PSMB8,1
EXOC8,1
RALB,1
B3GNT2,1
CTCFL,0.97792
UPP2,0.9385667
VILL,1
MEPCE,0.8305361
RPRD2,0.9036027
L3MBTL2,1
ATP4A,0.9977432
NOB1,0.727769
DENND4C,0.9988716
RSPH14,1
SORCS2,1
PPM1M,1
PRSS56,1
RBM43,1
EGLN2,1
AIM2,1
GPR37,1
IQCA1L,1
MECR,1
CD33,1
PRDM10,0.8389599
ZMIZ2,1
FLOT2,1
PTGDR2,0.9575744
SUCLA2,1
PARP16,1
MCM4,0.5741803
INO80B,1
OVCH2,0.5290884
TRMT1L,0.902091
CXCR4,1
FHL5,1
ZNF33A,0.8380053
NCSTN,1
TPBG,1
LCHN,1
CHORDC1,0.4913658
POC1B,0.4394983
ZGLP1,1
GPNMB,1
RPP25L,1
LAMP2,0.993617
SLC17A4,1
MSI2,1
OR1K1,1
DCAF13,0.09097839
FBXW12,1
NPBWR1,1
RAD51B,1
CAPN9,1
RPL11,1
GGTLC1,1
TWF2,1
CNOT6L,0.9988716
IFI16,0.0477222
VWC2,0.5189307
SLC7A7,1
CCDC178,1
FAM83C,1
KCNK2,0.9980456
GMFB,1
OR10H4,1
FTCDNL1,0.9315959
ZNF133,1
EIF4E,1
STAT6,1
EIF3I,1
ABHD14A,1
GALNT8,0.8443947
GAREM2,1
PTRHD1,1
ACTR5,0.8465032
AHCYL1,0.9968085
OPN1SW,1
TENM1,1
VSTM2A,4.97E-05
DNMT1,1
AP2S1,0.9984042
SV2C,1
CACNA2D3,1
MTFMT,1
SAMHD1,1
DNER,1
AGFG1,1
RAP1GAP,0.542464
HCN4,0.9820181
OR9I1,0.9980456
MINDY3,1
FOXM1,1
EFHB,0.9101464
SHOX,1
EFEMP2,0.2875221
OR2B3,0.04553397
ZNF778,0.9908332
AMH,1
MRGPRX1,1
MUC4,1
ZNF124,1
GDF9,1
PIK3C2A,0.001090867
ZNF136,1
ATXN1L,1
SPDEF,0.4051824
PON2,1
SLC5A7,1
SMC6,1
FMR1,0.6729437
MOSPD3,0.134386
SPHK2,1
FIG4,0.2635017
KDM2A,1
CYHR1,1
XPC,0.5862316
PLEKHG4B,1
PCOLCE,1
TRIM46,1
LRCH4,1
DARS,1
AGO3,1
LRRD1,1
FBP1,1
MRPS18A,0.4313656
OSGEPL1,1
STX16,1
ATP6V0A2,1
ZNF513,1
ZNF367,0.4512987
ASH1L,0.8065023
SLFN14,1
GCKR,1
MNX1,1
AHR,1
TP53I3,1
TM7SF2,0.9988716
CX3CR1,1
SEMA4A,1
TMPRSS13,1
PDE10A,0.9966149
MRPL28,1
JADE2,1
KARS,1
GPN1,0.9909732
TXNIP,1
RAB32,1
USO1,1
PEX6,1
QSOX1,0.9988716
CCT6B,1
OR8H1,0.9865072
OR9G1,0.9717964
GPLD1,1
TSPAN15,1
IFNL1,1
PRSS42,1
SYNPO2L,1
PLCB1,1
LAMA3,1
ZNF763,1
BCKDHA,0.9634839
THUMPD3,0.47051
GGT1,0.954218
ZBTB8OS,0.4434628
EPB42,0.6172357
GTF2H4,1
CWF19L1,0.09891827
MRPL18,0.9988716
PPP2R5A,1
CALML6,1
CYB5R2,0.8756597
ZC3H7A,0.8770326
CCDC88A,1
ZMYM1,1
HIBADH,1
LIPI,1
CARS2,1
CRYGA,1
PHF23,1
OR10A6,1
NOSIP,1
EXOSC10,0.9959316
FKBP6,0.9974769
RASSF8,1
FBXO17,1
CRYBA4,1
PLCH2,0.4766779
BMP10,1
VAPB,0.9977432
TIMP2,1
MAGEB3,0.1753237
LGSN,1
TOLLIP,1
FER1L5,0.7943246
LGI3,0.6593961
LRRC66,0.330261
NTPCR,0.9972361
DUS1L,1
STIM2,1
LRRC15,0.7436274
SLC17A6,1
RPLP0,1
NPFFR1,1
SLC6A14,1
DENND5B,0.9980456
SYT5,0.9943582
GABARAPL1,1
NXPE2,0.5115565
GALNT15,0.3745698
MOCS3,1
CDHR3,1
TBL1Y,1
CRCP,1
P4HB,1
SPECC1,0.9988716
AMOTL2,0.9257457
ITGA6,1
NDST2,0.7385898
MCF2,1
SLX1A,0.9980456
DCX,1
BOLA2,0.3928112
EXOC3L1,1
SSBP4,1
TOMM34,0.9915561
A2ML1,1
RWDD4,1
POLE,1
PSMG1,1
SOX8,1
SLC25A34,0.9191858
PDE6C,0.9264222
SLURP1,1
OSM,1
HAP1,1
FYCO1,0.4359922
C1QTNF7,1
GCDH,1
TPR,1
TCEA2,1
RAPGEF3,0.3356468
SLC16A4,1
PLS1,1
MSANTD1,1
RABEP2,0.7718373
GRIN2D,1
LGALS8,1
TSEN15,1
OR51B6,0.6239837
LRGUK,1
ATXN7L3,1
LDHAL6B,1
KIAA1324,1
PGA3,1
NETO2,1
RBM33,0.7872201
PGRMC2,0.240507
SEH1L,1
PPM1F,1
SCAND1,1
ARFGAP1,1
RUNDC3A,1
PCSK4,1
RPH3A,0.9977432
ENO2,1
CD14,1
RGP1,1
ZNF618,1
CREG2,0.5568658
HSPA4L,1
PARP2,1
ARMC3,1
FKBP7,1
PLXND1,1
PGC,1
NEIL3,0.2577537
IL36B,0.3577961
TEX11,1
KCNJ1,1
CRACR2A,1
GPC3,0.8820073
HOXC11,1
DSC2,1
UNK,0.9988716
UBE2Q1,1
HAGHL,1
MGAM2,1
FBXL6,0.624841
HTR4,1
CPTP,1
CCT5,1
ARSG,1
LDAH,0.9941368
NFE2L1,0.9988716
AKR7A3,0.6320448
BHMT2,0.7216135
SLC38A10,1
DISP3,1
MAN2C1,1
SERPINB6,1
EPM2A,1
IMP3,0.9932298
MMP2,1
IFI27L1,0.2857927
HUWE1,1
EXOC2,1
TRADD,0.9972361
OR8A1,0.7129644
ATP10A,0.9862734
TCTEX1D2,1
GKN2,1
ABHD4,0.9980456
DLX2,0.5848721
RALGDS,1
RUNX2,1
OOSP2,1
AFAP1L2,1
ANLN,1
FRG1,1
RIN2,1
KCNK16,0.7828934
B4GALT2,1
PUM2,0.9988716
NACAD,0.9916319
MECOM,1
HOXD11,1
PDCL,0.7796447
SYN1,1
DNAH6,0.9873849
SYT14,0.5871951
ROBO4,1
MYL1,0.9970146
AP5Z1,1
TGM7,1
COL4A3BP,1
DLK1,1
CRHR1,1
HTR2B,1
PSMA5,1
FBXO27,1
ARL10,1
MESDC1,0.9970146
AEBP2,1
FARSA,1
LAMC2,0.7584508
ADAM20,1
OR10A2,1
PAFAH1B2,1
PHF10,1
CISD1,0.9977432
SENP2,0.1906818
ILF2,1
LRRC29,0.9146815
ZPR1,1
ZNF536,1
TBC1D4,1
PLOD1,0.9972361
COMP,1
MRPL21,0.2302811
GHSR,1
POPDC2,1
KIAA1524,0.9956298
GPR87,1
GTF2H5,1
PROX1,0.9928636
UGT1A5,1
PCDH15,1
MCM3,0.9988716
PIK3C3,0.9776053
SNRPB,1
TSPAN1,1
TOMM40,1
HSPB3,1
PDILT,0.8119104
SYT3,1
P3H3,0.9970146
OR52K2,0.8548859
MAFA,1
AVPR2,1
MRPL24,1
CRISPLD1,0.390059
MBD2,1
ATP1A2,0.9868415
RGPD1,1
LIPA,0.9977432
MTNR1B,0.6895988
ADGRG1,0.8629995
TTLL1,1
SNX25,1
HSF2,1
ZAN,1
LRWD1,1
OR10K2,1
DCAF7,1
TCP1,1
BMS1,0.9953476
ENTHD1,1
ZRSR1,1
ZNF624,1
NAT8,1
LRRC34,1
MAT1A,1
ERAP2,1
S1PR4,1
RPS3A,1
KCNH3,0.2396142
CAPN12,1
LTBR,1
GPR63,1
ARHGAP19,0.868975
STN1,0.1468581
MT-ND2,1
CRIM1,1
BPGM,1
DCDC1,1
AUP1,1
ARHGEF25,1
NUP37,1
PRELP,1
TKFC,1
SLC22A3,1
B3GNT6,1
ZNF346,0.4697831
ADAM2,0.6987074
SHC2,1
MRE11,1
ZNF560,0.9980456
SLC23A3,0.7118582
ETV3L,1
LRIT3,1
LMAN2L,1
COPS4,1
ZNF596,1
RAB43,1
PIH1D1,0.3690431
TAS2R5,1
HSD17B14,0.7281814
CHD8,1
PEBP4,1
SCUBE1,1
ARHGDIA,1
SLC24A1,1
GPR182,0.9984042
OR6C1,0.8907283
SLC22A31,0.8558028
PPP1R3A,1
OR5D14,1
POLE3,1
WDR45B,1
GRIN2B,1
TIGD3,0.1814294
NAA10,1
SLITRK3,1
TRAPPC5,0.3126581
KHDC1L,1
LRRC71,1
NMT2,0.9988716
NLE1,0.9988716
KCNQ4,0.9988716
WWC1,1
CC2D1B,1
EXT1,1
ADCYAP1R1,1
EDNRB,1
FGD1,0.9988716
INHBB,1
TSPYL5,1
NLRP9,0.9269143
ASPN,1
ZNF660,0.4440891
METTL15,0.4329032
AK4,1
KIFC3,1
WDR76,0.00044278
ARHGEF39,1
SNX8,1
KCNK5,0.001261143
FHIT,0.9026073
LAMTOR4,1
COL5A1,0.991044
LRRC57,0.9974769
LPAR5,0.003689107
ZFYVE1,1
CDHR5,1
CABP5,0.9988716
MTO1,1
LSM14A,1
IPO4,1
TRDMT1,0.9988716
SPIN2A,1
SGSM1,0.9615506
ECT2L,0.8472697
ZCCHC2,1
IPO9,1
HNF1B,1
TEX47,0.5206336
OR5D16,1
TREX2,1
ACOT6,1
GPR31,1
HAPLN3,1
PUS3,1
PPM1B,1
CARHSP1,1
TAAR8,1
ACOT9,1
MYPOP,1
RASIP1,1
BCL9L,1
GABRA5,1
ZNF281,0.6816718
ENO4,0.7362456
CPA4,0.9123517
CGREF1,1
C1QL4,1
OR5T2,0.4635206
NELFE,1
RIPOR2,1
GJD4,0.2398601
OR2AK2,1
MCTS1,0.9988716
CRISP1,1
CDH15,1
S100A3,1
RPS17,1
VPS50,0.8194009
PODNL1,0.8609158
PDE3B,1
PARP8,1
PCMTD1,1
STARD10,0.361752
RBMXL1,1
ZNF442,1
PSEN2,1
MDGA2,0.5895932
AGXT2,1
METTL24,1
DNPH1,1
ADK,1
GLYATL1,1
ZFAND1,0.4584706
FBLN1,0.9988716
DEPDC7,0.9980456
RREB1,0.9931364
MANEAL,1
TDRD7,1
SIAH3,1
COL4A2,1
AIDA,0.9977432
POLR2H,1
ZNF311,1
C4orf33,0.01245496
NAE1,1
LY6D,1
KCNJ12,1
URM1,1
RP2,1
DCP1B,1
HES7,1
ZSCAN32,1
LTBP1,0.8018403
USP35,0.4575628
RTF1,0.9959316
HECW2,1
TNFAIP6,1
ADGRE2,1
YTHDF2,1
C15orf40,1
RGPD8,1
TCF7L1,0.9984042
PIWIL4,1
POLR3C,1
RMND5A,0.9937175
USHBP1,0.281668
DCHS2,0.1031234
ACTR8,1
BICD2,0.9970146
OR4F5,1
OR4L1,0.9902936
MMRN1,0.002586516
TOPORS,1
PCYT2,1
PNKP,1
NEURL3,1
HPGDS,1
ERRFI1,0.9962576
FRRS1,1
LRP5,0.9968085
LHCGR,1
CAT,1
OR14I1,0.1233131
CNKSR3,1
PRSS33,0.8417898
TMED8,1
TXNRD1,0.7867817
ALDH1A3,1
PDP1,1
ZNF485,0.2778088
GALNT18,1
FLCN,0.03475597
TXN2,1
ZNF696,0.8608262
ERCC6L,1
DKK1,0.9149931
TAS2R45,1
SOX12,1
MTRF1L,1
MICAL1,0.8273791
KNDC1,1
LYSMD1,0.9984042
TXNDC15,1
RNF128,0.4249447
ADAM12,0.7257861
PLEKHA5,1
IL7,1
IRF6,1
GJC3,0.4116369
EDDM3B,1
ISOC2,1
FBXL20,0.995778
CES5A,1
ADCY6,1
GUCA1A,1
EFEMP1,1
HPD,1
SHROOM2,0.5363141
GSTK1,1
ANAPC5,1
GTF2F2,1
NOMO3,1
ZSCAN5C,1
ARL4A,1
MTCH2,0.9984042
MDH1,4.17E-09
DYNC1I2,1
C1QL2,0.9974769
OR4F16,0.09919094
NAAA,0.4686226
ARSA,1
SPATA20,0.8039317
RCCD1,1
SLC6A8,1
FAM86B1,0.6033438
MALSU1,0.9972361
RPGRIP1L,0.8749966
SIGIRR,0.5327686
ARRDC1,1
THSD7B,0.7214307
RNF25,0.8501862
ACACA,0.109937
COL8A2,0.816364
AGTPBP1,0.3866384
ADAD2,1
GSC2,1
TRPM5,0.6868962
OR5M1,1
KCNK4,1
TAS2R20,0.9304936
SOCS3,1
IWS1,1
SLC45A1,1
CNNM4,1
TSPYL4,1
CCDC88C,1
ZSCAN1,0.6146409
SMTNL1,1
PPRC1,1
SLC25A11,1
AP3M2,0.9977432
PTPRO,1
SLC25A16,1
TLX1,0.9040813
ZNF583,1
PINK1,1
MMP16,1
SPEF1,1
MAP1LC3A,1
LMNB1,1
TRAF3IP3,1
ECH1,1
MTMR7,1
DERA,0.2651506
OTUB2,1
TAAR1,1
MAFK,1
TMEM115,1
UNC13D,0.9972361
VAX2,1
LDHA,1
PCDHB15,1
SCGB2B2,1
CD36,0.1855261
DOCK7,0.9926008
EFCAB3,1
TGIF1,1
ADH6,0.000178915
PREX2,1
PICALM,1
CHCHD5,1
HHIP,1
FZD5,1
NSUN7,0.367147
TRMT61B,1
FPGS,1
SLC36A1,1
EXOSC9,0.2002536
LARGE2,1
ACP5,1
MAGEL2,1
LHX9,0.9988716
LGR5,1
USP29,0.9774636
ZNF551,1
HRH3,1
ENPP3,0.9968085
ARHGAP6,0.6284181
SLFN12L,1
CTPS2,1
EXTL3,1
KCTD11,1
PDIA3,1
MTIF3,0.4235602
RAPGEFL1,1
CRELD2,1
STMN3,1
PRPSAP1,1
NEIL2,1
OR51B4,0.1314814
OR4C46,0.07289712
USP53,1
SUMF2,0.2988184
CAPS,1
KYAT3,0.6326368
PPP1R3G,0.9581778
MLH3,1
REV3L,0.9988716
NUDCD2,1
PPCDC,0.2562648
DUS4L,1
POLR2G,1
TPK1,1
GRIK1,1
UGT2A1,1
MSRB2,1
ARRDC4,1
CRYGB,1
CCT3,1
MAS1L,1
C6orf106,1
CYTIP,1
GLYAT,1
MMP11,1
MSH3,1
SNIP1,1
SESN2,1
PLCE1,0.9941368
ADAM29,1
UTP20,0.9959316
DCDC2,1
CELA2B,1
SLC30A6,1
ZNF235,1
FLG,0.02325639
WDR33,1
TCHH,0.08832848
SAT2,1
ASPHD1,1
RHBDL2,1
YBX2,1
MORN1,1
KCNH7,1
SUFU,1
MED15,0.9988716
ALDH1A2,1
CCNDBP1,0.4804834
GPS1,1
PHLDB3,1
OR4C45,1
PFDN2,0.9988716
AQP10,1
GLIPR2,1
TRIM16,1
MDP1,1
NBL1,1
MFSD14B,1
RWDD1,1
LGALS4,1
PI4KB,1
NWD2,1
COL11A2,1
THNSL1,1
ANAPC4,1
CSTF3,0.9988716
ZNRF3,1
TSPAN11,0.8991806
LIPJ,1
PPM1K,1
CNOT2,1
GABRA3,1
SLC19A3,1
TARSL2,1
RGS16,1
GNB5,1
NAGLU,1
FGFR1OP,1
TSPAN9,1
RBP2,1
HDGFL3,1
SETDB2,1
PCDH10,0.4471877
RBM3,0.9950815
LPGAT1,1
PHLPP2,1
DIMT1,1
FMOD,1
FAM173B,1
ZNF318,0.9926008
MROH2A,0.000451196
CPN1,1
PDE9A,1
RGL1,0.4888157
RPS25,1
EMSY,0.9954865
KDM2B,1
WDR75,1
DEDD2,0.9933245
DPF1,1
PLPPR4,1
EHBP1L1,0.000870875
SLC37A3,1
CTNND2,1
PDE7B,0.9980456
CBFA2T3,1
CHRDL2,0.9826302
ACAT2,1
OPRM1,1
ACSL5,0.8318092
RNASET2,1
CBWD6,0.9922643
MLYCD,0.8217564
OMD,1
PLEKHS1,1
SLC22A15,1
SP100,1
CCRL2,1
FOXP3,0.4737879
KCNJ5,1
RYR2,1
SYT9,1
GLB1L,1
RXRG,1
GPT,1
IPO8,1
CEL,1
PPP2R5D,1
SYT13,1
NIPSNAP1,0.3286429
PEMT,1
DENND2D,1
KCNN1,1
GLRX2,1
NHP2,1
CPSF2,1
ZNF382,1
AFM,1
CNGA4,0.6829248
IMPAD1,1
ARID4B,1
SNX7,1
HOXB3,1
UFSP1,1
GRIP2,0.09545902
GBP5,0.00279373
GNPDA2,1
TBL3,1
C16orf62,1
EIF3CL,0.9988716
IQSEC2,0.9698771
RGS4,1
RASL10B,0.6015596
SLC4A2,1
PGGT1B,0.03254819
GPR1,1
TAT,1
STARD8,0.6291082
FEZF1,1
ZNF12,1
CHRM4,1
CNR2,1
HMGCR,1
PCBD2,1
AVL9,1
CD81,1
ATG4A,1
ZNF208,1
ZNF280D,1
AMT,0.2562065
MRGPRG,1
DBF4,0.9968085
CRYBG3,0.7000768
TLL1,1
ZNF148,1
MMAA,1
ZNF627,1
PITRM1,1
FOXE3,1
AGPS,0.9980456
AP3B1,0.5008457
WWC2,1
BICDL1,0.5603503
HEBP2,0.4014034
ATXN3L,1
SLC30A4,1
OR51H1,0.39383
KCNJ9,1
PFKFB2,1
SLC17A8,1
PAM,0.8182574
NLRP14,1
DMXL2,1
EEF2KMT,1
SERGEF,0.8501613
PARP15,1
LIN7A,1
EZH1,1
FABP1,1
CAMKMT,1
CWF19L2,0.9988716
GMPR,1
WSCD2,1
GALNT16,0.9984042
GSX1,1
CALB1,0.9984042
SLC15A2,1
MSL3,1
PPM1J,0.1633066
UVRAG,1
APOD,1
CALCR,1
NPTX1,1
GCLC,1
SOX13,1
B4GALT6,1
ADAMTS9,1
MRPS10,1
MRPL13,0.1897126
RORA,1
IL3RA,1
GLYR1,0.9988716
NKX3-2,1
SMG5,0.3289792
APOBEC2,0.4237709
EIF4E3,1
ANKH,1
PATL1,1
CA9,1
POU3F2,1
SNAPC4,0.02471936
SENP6,1
RASA3,1
GDF5,1
TCHHL1,1
ZNF107,1
CD59,0.9964318
DNAJC5B,1
FAM3B,1
SERPING1,1
SLC25A15,1
ARMC2,1
TYW1B,0.2044465
STEAP2,1
SAMD12,1
ZNF256,1
DNAH14,1
NPY2R,1
ARHGAP25,1
CDC25B,1
KIF13A,1
OR4K15,1
TACR2,1
PURB,1
LCA5L,0.5899361
SEC14L4,1
SLC6A13,1
EDC3,0.9980456
SBNO1,1
ARHGAP15,1
IKZF3,1
KDM8,1
SATL1,0.6354352
WFS1,1
POLI,1
SNTN,0.6654135
CALU,1
SKOR2,1
VDAC2,0.9933245
CNTNAP3,1
COL1A1,1
HSPA1L,1
ZNF865,1
MUC17,1.59E-26
OSBP2,1
SLC7A2,1
SLC2A13,0.4188143
UNC13C,0.9068228
TCN2,1
CORO1A,1
USP25,1
SNX24,1
PCYOX1,1
ZNF563,1
SLFN5,1
RNASE9,0.9522753
GARNL3,1
RPL13A,0.9977432
PCBP3,0.9988716
EEF1E1,0.9988716
DNAH8,0.5685837
SLC17A9,1
TTC23,1
NR1D1,0.9949538
MB,1
RNF215,1
FBXO9,1
DISP2,1
NCOA7,0.1137892
UCHL3,1
SLC41A1,0.9980456
SH3BGR,0.7837092
MYO5C,1
CRYBG2,0.9241853
PRPF40B,1
RASSF5,1
HSPA12B,1
PMP2,1
TNPO2,1
GJC1,0.2985629
GFRA2,1
ALG1L2,1
PRSS48,0.6979417
ACOT11,1
ZNF600,1
IL6R,1
TAF5,1
HOOK1,1
RSPO1,0.3889909
PM20D2,1
TTC14,0.9988716
S100A4,1
ZMYND15,1
ATP6V1D,1
BPHL,1
OR14J1,1
PLEKHG3,1
CDH18,1
AFG1L,1
IST1,1
SLC6A9,1
TGFB3,1
UTP15,1
IL12RB1,1
SYTL3,1
RNF165,1
DTHD1,1
NAT6,0.1304135
TLR4,1
S100B,1
KCNH8,1
MYCBP2,0.8182574
FUOM,1
MADCAM1,1
ZNF592,1
LCA5,0.4412483
GALNT13,1
ZNF831,1
RNF220,0.9849464
MRO,0.624925
OGDHL,1
C1QL3,1
MRM3,1
NEU3,1
SHC4,1
FBXL3,1
REPIN1,1
OR2A2,0.2496602
LSM11,0.4225162
H1F0,1
SLC28A2,1
SGPP2,1
AQP5,1
RGS8,1
SLC41A3,1
SSBP1,1
OR2B6,0.08317186
RHOXF1,1
FETUB,1
HAND2,1
MTM1,1
TAS2R42,1
VWCE,0.5567436
AKAP4,1
BECN2,0.8697936
CNOT9,1
CHP2,1
TLR8,0.9988716
DMGDH,1
RGS3,1
BTG4,1
GPAA1,0.8928552
MYO7A,0.6948076
GBA,0.5446978
TGM3,1
DPYS,1
LARP4,0.864447
CDH11,0.710031
UCKL1,0.9988716
METTL1,0.2359546
INHBE,1
HTR7,1
MLST8,1
NEURL4,0.9972361
CADPS,1
FADS1,1
UTS2R,1
TLE3,1
MAGEB6,0.3330924
OR13C4,1
OR8I2,1
ESYT3,1
HRASLS2,1
LRRC7,1
CNNM2,0.9948292
RNF6,1
SERPINB10,0.3846411
HCN3,1
SMTN,1
NISCH,1
ZNF598,0.9968085
HEATR5B,0.9887731
EEA1,1
DYNC1LI2,1
OPN5,0.9968085
NDUFS4,1
SOCS7,0.9860434
LRP8,1
OR51B5,0.3537678
MSI1,1
DNAJC5,1
EDARADD,1
CACNA1C,0.1124107
EHD2,1
KY,0.9972361
CPA2,1
CMIP,0.9351237
CNBD2,0.07407977
DTD1,1
MEGF9,1
OR4D2,1
SMG7,0.2502768
CUX2,1
ACOX2,1
MYH1,0.9988716
ARR3,0.2104695
PLAA,1
FA2H,1
CSF2RA,0.9509885
ADGRA1,1
PTGR1,1
FBN1,1
HEATR6,0.9988716
TRRAP,1
C1QL1,0.5550521
ATP2A1,0.9988716
PREB,1
NECAB3,0.5960099
WDR89,1
MAN2B1,0.7574533
OR10K1,0.3568864
OR5V1,0.5310029
PTCHD4,1
OR5M11,0.09297898
GEMIN2,1
TUFM,1
CRYBA2,1
TERF2IP,1
PFDN5,1
OR5F1,1
WDPCP,1
RANBP3,0.9984042
MIP,1
HELLS,1
TGIF2LY,1
UPK1B,0.4926221
CCDC115,1
SLC25A25,0.8021054
RAB11FIP5,0.9988716
HTR1B,1
MAGEH1,1
LYPLA1,1
SHE,0.9900347
IL12A,1
ASTE1,1
KIF21B,1
SEMA3E,1
CDH6,1
CD74,1
ZNF792,1
SHROOM3,0.1021041
NOS1AP,1
TATDN2,1
TRAPPC2,1
MRPL10,1
IL1A,1
ARPC5L,1
ZNF266,1
GSTCD,1
IFNGR2,1
SPTLC3,1
OVCH1,1
GALM,1
AGTR2,1
KCNT1,0.9988716
CORO2B,1
SNX22,0.2076897
TMPRSS4,1
ZNF222,1
RASGEF1B,0.9904256
GORASP1,1
EGFLAM,0.7751863
SMOX,1
SMO,0.3828401
RPTN,0.07367673
DCLRE1C,1
TAB1,1
RPS10,1
ALAS1,0.01389373
FOXO6,1
MFSD1,1
IFNLR1,0.7698629
NLGN4Y,0.2542213
ADAP2,1
STXBP4,0.2981492
HSPD1,0.7971743
MVK,0.9974769
METTL7B,1
ZIC4,0.4909206
CACNA2D2,0.9984042
ITPR2,1
NME5,0.2888169
CSF3,1
ATP13A1,1
GMPS,1
SLC22A1,0.9894152
GREM1,1
DPH6,1
LAMB3,0.8034245
ASPH,1
TNFAIP8L2,1
AAAS,1
OR4N5,0.3580082
SRCAP,0.9780066
PARP11,1
PTPRZ1,1
ZMYM2,1
CLEC19A,1
FGD6,1
DGKQ,0.9138856
ZNF772,0.004264017
PLA2G4A,1
DAND5,0.2301232
SMPD2,1
THEM6,1
MUC5AC,1
FSTL1,1
PSMC3IP,1
GIGYF2,1
EDA2R,0.1795547
KCNQ1,1
SERPINA6,1
CEP63,1
FRAS1,0.1610147
EPPK1,0.9953476
C1QTNF8,1
ZP3,0.8113962
RAD21L1,0.9727601
ADAM33,1
WRAP53,0.8117085
KHDRBS3,1
ZFYVE26,0.9984042
TRIL,1
SIRT3,0.4863344
SLC6A18,1
EIF1,0.9977432
STARD13,0.9925153
PCDH1,1
TSPAN7,0.9977432
DRG2,1
GDPD2,0.9953476
NAIF1,1
WDR5B,0.9984042
STAP2,1
SLC22A13,1
SLC25A4,1
THBS4,1
IDE,1
NUMBL,1
CCKAR,0.9080497
VEPH1,0.4193686
USP44,0.3772396
MAK16,1
SLC2A4,1
TMEM53,1
SDF2,0.9959316
ST3GAL6,1
LRFN2,0.9628283
LYPLAL1,0.4726113
MMP19,1
UMPS,0.005378153
PLCZ1,1
PLEKHM1,1
TCTEX1D4,1
TRPM8,0.98883
PADI6,1
KAZN,1
NCLN,0.1055234
MYL2,1
PLD3,0.9964318
TIGD5,1
MYH3,1
TIGAR,0.9947075
GPR84,0.6646049
RBBP9,1
RGS2,0.9966149
OR10V1,1
TOR4A,0.9013664
CASC4,0.465319
DNM2,1
OR4X2,0.6071622
G6PD,1
EFCAB13,0.3164178
ZNF573,1
TRIM59,0.1955565
RBM15B,0.9988716
NRTN,1
ZFP36,1
LYAR,1
ATL1,1
CCDC138,1
GPR55,1
ZNF10,0.862922
IMPG1,0.424981
AARS,1
C2CD2,0.7553721
CSRP2,1
APBA1,1
OR2T3,1
SPIRE2,1
SNX15,1
VAC14,1
SSTR5,1
HDDC3,1
XRCC2,1
OR6X1,0.2327711
RAPGEF6,1
GRIA2,0.04801257
PABPC1L,1
CRIP2,1
ZZEF1,1
ZNF540,0.1298743
ZMAT1,1
LRRC73,1
METTL26,1
IL33,1
SYT16,0.5556285
MEP1A,1
XAB2,1
CRYGS,0.9980456
LRP12,1
SLC26A7,1
DESI1,1
CR1,1
ZNF441,0.3020785
HEPH,0.8180242
TSHZ3,1
OR7G1,1.52E-05
MMP24,1
CBX6,0.9988716
RAB28,1
PHB2,1
ACTL6B,1
C2CD4C,1
PITX3,1
MAP1B,0.9904256
USP37,1
BTC,0.4137742
PKP4,0.9917854
ACTL9,0.5482032
KIF23,1
MYH8,1
TNS2,1
RNF141,1
HIST1H1B,1
TXNDC5,1
KLF14,1
ATP10B,1
ADRA1B,0.9980456
OR5A2,1
SLC25A13,0.9988716
ARHGEF1,0.9988716
CILP,0.8986262
PPIL1,0.9980456
SAMD4A,1
HMGXB3,1
DPP7,1
ABHD2,1
ADGRF2,0.6810841
LOXL2,0.9988716
KIF5B,1
PHC3,1
MYL5,0.57699
MOB4,0.9968085
TRIM42,0.7291625
SERPINB7,1
FBXO25,0.9984042
PDZD4,0.7270216
WIZ,1
PIKFYVE,0.4554262
ARHGEF10,0.9468139
ADO,1
RALGPS1,1
POLR2F,1
PDK2,0.9988716
RNASEH2A,0.6347262
HERC1,0.7949914
NPAS2,0.9152984
PTCD1,1
PLG,1
CNOT4,1
ZNF181,1
IGSF23,1
ZNF260,1
PDE11A,6.20E-09
ICMT,1
CPQ,1
GSPT1,1
LRRC8A,1
MC4R,1
SNX3,1
HEATR9,0.2485091
HTR3C,1
RGS13,1
PGBD1,1
PAN3,1
BAI1,0.9980456
UGT1A10,1
RHBDD1,1
RPS23,0.9974769
IL36A,1
RPS12,1
OR4F4,0.9797856
BNIP1,1
AWAT1,1
NLRC5,1
BCHE,0.2051535
HADHA,1
IFT172,0.9977432
HDHD2,1
FZD7,1
SYNRG,1
TNNC2,1
PRLHR,1
ZNF142,1
DKK2,0.4218808
MYH6,1
INTS11,1
UNC13A,1
TOP3A,0.2689724
FOXP4,1
FAM173A,0.5171537
C5AR2,0.840977
CD163L1,1
CLSTN1,1
RORC,1
FKBP2,1
CPEB1,0.9966149
ALKBH6,0.9984042
EEF1AKMT3,1
KIAA0907,1
MORC2,0.9977432
MFHAS1,1
LAG3,0.2145223
TECTB,1
CCL20,1
OTUD7A,1
PLPPR2,0.9988716
CCR9,1
RPS28,1
ACAD10,0.9984042
ZNF521,1
DRD2,1
OR52B6,0.414061
GPSM3,1
GALNTL6,1
LGALS14,1
PAX5,1
BRS3,0.9984042
TBX6,1
COL4A5,1
IL5RA,1
AP3D1,1
ACKR3,0.1618787
MCM9,1
GFOD1,1
ARNTL,0.9954865
GJB7,1
WDR73,1
KCNIP1,1
PRSS35,0.7573868
MGA,0.1739866
C1QTNF3,0.9820535
GPR101,1
TOR1B,1
MRPL14,1
GDF10,1
SOX18,0.9956298
LOXL4,1
PLA2G4C,1
NOL9,1
KANSL3,1
ZFP82,0.001309361
C8B,0.9466352
PLPP2,1
AMMECR1,1
ZNF239,1
SPINK8,1
HCRTR1,1
IMPA1,0.9988716
EIF2B4,1
PCDH19,1
VBP1,1
CACNA1S,0.9926874
JARID2,1
TBC1D10B,1
WWTR1,1
RPL22L1,0.6913758
SLC9C2,1
GADD45A,1
BBS1,0.8775944
F2RL2,1
FADS2,1
POGK,1
LINGO2,1
MMP13,1
TOB2,1
DOHH,0.9729947
COPS8,1
INTS4,1
PHLDB1,0.8718124
PCSK5,0.9984042
HPCA,0.9956298
SNRPC,1
WDFY3,1
GRIK3,1
EXOSC2,1
DLC1,0.7349288
PDLIM4,1
PDIA5,1
FAAP24,1
IPO13,0.9984042
USP50,0.9740764
FREM2,0.573091
LPIN2,1
PREPL,1
FUT10,1
TICAM1,1
LRRC70,0.7612432
PITPNA,1
EXTL1,1
SLC25A37,1
FOXD3,1
USP43,1
SH2B3,0.8562874
PLEKHD1,1
PSMD6,1
KCNH5,1
AVP,1
OR1F1,0.9297684
TTC34,1
KLC2,1
SH2D1A,1
IFNAR2,1
SOX5,0.9970146
NSUN4,1
PTPN2,1
AARSD1,1
PTGER4,1
OR13C2,0.4169973
GUCY1B3,1
HCAR3,1
TNFSF8,1
LGI4,0.9988716
SGMS2,0.9988716
OR2T34,1
EPN2,0.008134642
DPF2,1
KIF1B,1
SCNN1A,1
PKLR,1
SIX5,1
SDHAF2,0.5129916
RHBDD3,0.9988716
NR2C2AP,0.6829087
ACAA1,1
RIMS4,1
NEIL1,0.3780068
GPR179,0.9708427
EIF5A,0.5397237
ELMO3,0.7210719
DCDC2B,1
LRRC19,0.4561715
DMRT1,0.9980456
ADAM23,1
UBA5,0.8657897
ANAPC1,1
DNAJC25,0.9945885
BCL11B,1
CCT4,1
SLC16A1,1
ADAM30,1
DERL1,1
ELL3,1
GSG2,0.4125994
RAD51C,1
ZNF320,1
ITGA9,0.8650148
TCF25,1
FOXN3,0.9926008
TPH1,0.4343694
TOGARAM2,0.3731529
COPS3,1
SLC46A3,1
SPHKAP,1
ECHDC1,1
SF3B3,0.978386
USP13,1
DNAAF5,1
SHMT1,1
CYB5A,1
SIRT7,0.9988716
GTF2E2,0.9984042
TMEM42,1
SAMD3,1
ARL5B,1
ZNF606,0.9988716
BMP3,0.9315497
DNAH1,1
KAT14,0.9148966
GH2,1
IP6K1,0.2975363
PRKAG2,1
FRZB,0.9980456
PRKCSH,0.9988716
GAPVD1,1
OR5K1,0.008283526
COQ10B,1
NUP58,1
STBD1,0.8171887
RAB15,1
PLRG1,1
HRG,0.9980456
RNF213,0.3786396
SLC17A2,0.5552168
RAPGEF1,0.8605173
NODAL,0.06736329
ARPC3,1
CALCRL,1
CARD11,0.9984042
SNTG1,0.1601887
CFAP65,0.09202608
CNTNAP5,1
ZNF888,1
PEX13,1
TSPAN2,1
SKI,1
ARID4A,1
DNAH11,0.2223928
NPY5R,1
EXOSC5,1
TGM2,0.9984042
TRIM36,1
RPS4Y2,1
RCC1L,1
GSTM4,0.3212108
ABR,0.995778
ADAMTS20,1
RUFY2,0.9954865
COQ9,0.9972361
NSA2,1
TTC30A,0.9941368
MAGEB5,1
SARDH,1
ZADH2,1
WRNIP1,1
OSBPL6,1
EML3,0.9964318
S100A6,0.9984042
MBTD1,1
CISH,1
ZNF764,0.9062424
GALR3,0.9949538
DISC1,1
GABBR2,1
DHX57,0.9652137
ATG16L1,1
THAP4,0.9960912
PLA2G2E,1
TOP1,1
BPIFC,0.3014587
CYB5R4,1
UCK1,1
RRP12,1
RXFP4,0.1564898
SLC3A1,0.502815
TAF8,1
TSPEAR,0.8924334
HINT3,1
ZRANB1,0.000966089
AIFM3,1
HS3ST6,0.2348119
CDH7,1
B3GALT5,1
CALML4,0.2613379
RNF38,1
SLC25A18,0.7047378
CYP2C18,1
TTC12,1
B4GALT3,1
PRTFDC1,1
CCDC22,1
GBA2,0.799301
EXOSC7,0.9948292
SLC15A4,1
SLC16A9,0.9988716
ARL16,0.002280877
GPR34,0.9972361
TMEM14A,1
IL13RA1,1
MUTYH,1
GFRAL,0.2595747
OR6C4,1
BFAR,0.6568277
STARD7,1
SLC27A5,1
PLCL2,0.9988716
SEC22A,1
PYGO1,1
UGDH,1
GJA1,0.9988716
MEOX2,1
MARF1,0.991044
OR51J1,3.57E-31
ZNF25,1
SCAP,1
IGFLR1,0.4015345
TPH2,1
MRGPRE,0.995778
RAB11FIP1,1
PIAS3,1
NOP2,1
METAP1D,1
GLUD1,0.9526225
TCEANC2,1
IQCE,1
ZNF44,1
SAMD5,1
USP22,1
VN1R2,1
RPUSD3,1
MIER2,0.9980456
ACSBG2,1
ATP6V0A1,0.9980456
PM20D1,1
SLC30A2,1
CER1,0.6264454
NAT14,0.4700357
LACTB2,1
MRPS35,1
MAOB,1
NOX3,1
ACAD9,1
APIP,1
DOK5,1
PTP4A2,1
SEL1L3,1
ZNF546,0.182341
EXO5,0.7884181
RASGRF1,1
KCNJ6,1
MRS2,0.000364803
LAMTOR3,1
PCDHGA6,1
RBM4B,0.000230795
MFSD14A,1
PITX1,1
DEAF1,1
IDH1,1
IGFBP6,1
ZMPSTE24,1
STAMBPL1,1
ISOC1,1
SLC6A16,1
FBXW4,0.9988716
YTHDC1,1
STS,0.4030923
VIPR2,1
JOSD2,1
SLC8A2,1
GPR37L1,1
FFAR2,1
FAM120C,1
GULP1,1
GPR153,0.01077092
LIPM,1
SLC2A6,0.2910509
MAGEB17,1
GUCY1A3,1
NAA20,1
FAM83B,0.91293
MRPS7,1
SPIN2B,1
ADAMTS7,0.110911
ELF2,1
TIRAP,0.9984042
RGS6,1
ZNF781,0.1929274
TPP1,1
SMG9,0.9988716
SLC36A3,1
ZNF354A,0.9988716
YEATS2,0.9939236
TMX4,1
GDF3,1
ICA1,0.909363
TMEM163,1
OR1A1,1
GRIP1,0.9802312
NLRP13,1
USF1,1
EN2,0.9984042
GPR162,1
DERL3,1
INPP5J,1
MMP20,1
RANBP1,0.9988716
ZNF699,1
UBA2,0.8724241
OR1N2,1
OR4D1,1
MEGF6,0.3187229
ZNF20,0.4800604
ACOXL,0.9324722
PPP1R9A,1
CARD19,0.9988716
TARBP1,1
GHRHR,1
ZNF585A,1
CORIN,0.2901904
ERI3,0.9980456
OR10C1,0.7863329
PTH1R,1
ABHD17C,0.9988716
SYAP1,0.9984042
DCAF6,1
KIF1BP,1
UBE2NL,0.4378784
CDH22,1
MAPKAP1,0.9984042
SPTLC1,1
LBX1,0.5477009
SMOC2,1
CUTC,1
PDE1C,1
PFKP,0.9977432
CHN2,1
CST4,1
HCRTR2,1
GRN,1
ZNF845,1
EIF2B1,1
DDX58,1
TMPRSS6,1
PLPPR5,1
ZNF799,1
HTR1E,1
POLA1,1
PIGR,0.02294368
DOCK11,1
MRPL12,0.3189878
FAM208A,0.9697087
CORO7,1
WDR61,0.9984042
ATP11B,0.9832267
C5orf63,3.45E-15
OR5B17,0.09425231
USP3,0.7837148
STK11IP,1
RNASEH2C,1
NTF4,0.9977432
LMO4,1
CTBP1,0.9988716
CPNE1,1
FBXL7,1
NECAB2,1
PIAS4,1
SLC24A4,1
ACTRT2,1
UGT3A1,0.295527
PMVK,1
ZNF436,1
PTPRN2,1
CPE,1
LYPD6,1
NUP210L,1
AGBL4,0.3108544
EDA,1
ISCA2,0.4224145
USP33,1
GDF11,1
SSU72,1
EIF2B3,1
NAALADL1,1
CLGN,1
ZNF221,0.07462589
ETFBKMT,0.2541705
GTPBP10,0.7698864
M6PR,1
ZGRF1,0.009229072
GJD3,1
MARS,1
RALBP1,1
RRAGB,1
RNASE6,1
TRHR,1
ZCWPW2,0.4358228
NLRX1,1
TRIM50,0.8892428
FBXL16,1
SLC22A10,1
WDR44,1
LAMB1,1
TAAR6,1
OR8J2,1
SYTL5,1
BAMBI,0.4369663
SLC25A42,1
SLCO3A1,0.7681247
AQP3,1
TPPP,1
EBF3,1
RBM26,0.9988716
NXPH2,1
PTPRH,0.9949538
EBF1,1
PKD2,1
ADAMTS3,0.6912811
DDX11,0.8894303
CLIC3,1
TXLNG,1
GIPR,0.7290171
TRAIP,0.8826578
CCDC33,1
TFAP4,0.5535047
APMAP,0.4145359
HAGH,1
RNF222,1
MAN2A2,1
GAL3ST4,1
B4GALNT3,1
MRPL58,0.290353
OR2B2,0.3718563
FBXO4,1
SLITRK6,0.9683332
ADCY9,1
POLR1D,1
RANBP6,1
INPP5K,0.9970146
TAS2R30,0.6722289
CAPN5,1
STOML1,1
RNF14,1
TXNRD3,1
ACHE,1
NEU1,0.9977432
RCN1,1
MID1IP1,1
MTMR2,1
ACTL8,0.9988716
OR1J2,1
COQ6,0.4123983
ATP8B3,0.6113733
NARS2,1
GPR152,1
TNFAIP3,1
ST7L,1
HRH4,0.2100064
TAS2R40,0.4341086
ADAM19,1
RERGL,1
TGFA,0.9923471
IDNK,1
NAP1L5,1
OPN3,1
ENPP1,1
PLA2G4D,0.4724543
PRPS1,1
GPR135,0.9337989
MT-ND1,1
EPS15L1,1
FAM83G,1
SOX4,1
ERLIN2,0.9988716
SHROOM4,0.9988716
RLBP1,1
HK3,0.9984042
ASMT,1
SOX10,1
UBR1,1
SPON2,0.4227225
CDCP1,1
LSM1,1
ANAPC11,1
SOCS1,1
ZNF284,1
GRID1,0.9528779
WDR20,1
PPP1R10,0.989971
C19orf47,1
MTMR3,1
NDUFA10,1
H1FOO,1
SARS2,1
CAP1,0.7693957
DNAH5,1
GDPGP1,0.8053082
ADCY2,1
LRCH2,0.8830381
SYT1,0.9984042
SATB2,1
CPNE8,1
GAL3ST1,1
POLL,1
RNH1,1
MRPL49,1
PTX3,0.9972361
CTSV,1
LRRC61,0.5120577
ZNF502,1
FXN,0.04318371
RAG2,1
TINAG,1
CAMSAP3,1
MC5R,1
DCBLD1,1
CCDC155,1
HSF4,0.4476064
GPR82,1
COPG1,0.9988716
MCTP2,1
GPR160,0.4079641
TGS1,1
ADGRF5,1
TRAPPC2L,1
AK8,0.9911153
MCC,1
MOB1A,1
WDR87,1
DNAI1,1
PPP1R3E,1
EIF2S3L,0.945622
FZD1,1
CD109,1
ZNF74,1
CPXM2,1
PSMD2,1
INHA,0.2255765
TPP2,1
LY86,1
DENND4A,0.0083343
WDR12,1
ARID5B,1
COL2A1,1
TNFRSF9,1
TAS2R16,1
ABHD15,1
POP5,1
DENND2C,1
CARMIL1,1
RMND5B,1
MKL1,0.9923471
PDK3,1
C2CD5,1
PAFAH1B3,1
HSPB9,0.467935
ZNF146,1
PHC2,0.9729006
HERC5,1
STAB1,1
DCAF4L1,0.9968085
RAB2B,1
P2RY13,0.6507706
ITGA8,1
SLC6A11,1
LYNX1,0.6959495
ARHGEF3,1
HUS1,0.06079636
IL10,0.9972361
GPR174,0.2391587
UGT1A8,0.5609431
TOX3,0.9988716
BTD,1
MYH7B,1
FCGR3B,0.3013302
CMBL,1
ETV6,0.9988716
MRPS17,0.3868881
HDAC4,1
GGT7,1
HSD17B11,1
CARD18,1
TXNRD2,0.7657467
ATP1B2,1
MRPL23,1
B3GNTL1,1
EIF5,1
SMURF2,1
PYDC2,1
CIDEC,1
KCNK12,1
FOXN1,0.3883985
PRPF3,1
PGA4,1
MYO18A,0.9984042
ADGRB3,0.8512942
TXNDC2,0.009465526
HORMAD1,1
RARS,1
MT-ND5,0.4109758
UBA7,0.6353961
EHBP1,0.9672279
VPS35,1
F2RL1,0.9968085
RAB20,1
ACADL,1
BCL10,1
SERPINA3,1
LEF1,1
PGP,1
ANXA4,1
PLCXD3,1
THOC6,1
DPP3,0.9787422
PDE6A,1
RGR,1
FGD4,1
PTGDR,1
SNRPN,1
ADGRG3,1
PKP2,1
XPO7,0.9740273
NPEPL1,1
POLD2,1
MAMDC2,1
SYN3,0.6656169
IFI44,1
P4HA2,1
TRAF7,1
PMM2,0.8037573
DLG4,0.9868415
HELZ,1
PLOD2,0.4731001
DLG5,0.8026864
BABAM1,1
ADAM9,1
RASGEF1C,1
CDADC1,1
CARD14,1
NAPSA,1
S1PR5,1
SPRED2,1
DCK,0.4688267
IQSEC3,1
MAZ,1
LSM2,0.9984042
ADGRF4,1
PADI4,1
GRB14,1
IL21R,1
KPNA7,1
FBN2,1
VWC2L,1
VKORC1L1,1
RPP25,1
TRAPPC6A,1
NCOA1,0.003692387
OR2M4,1
CPNE3,1
SYT7,1
TNFAIP8L1,0.993617
ATRAID,0.08995715
TNRC6A,0.7978121
PLEKHM3,1
RPH3AL,1
LIMCH1,0.02165356
KTI12,1
NLRP5,1
DLL4,1
KCNN3,1
CAPRIN2,1
NNMT,0.6598696
SFRP4,1
SLC25A45,0.9970146
ZNF554,1
HSD17B4,0.9964318
TRA2B,0.9977432
UGT1A3,0.9776053
TSR1,1
ATP2B3,0.9871351
CACNA1E,1
TRMO,0.9977432
PDZRN3,1
PADI3,0.9311437
ZNF461,0.9984042
CYP46A1,1
GNMT,1
NLRP10,1
MRPL34,1
SLC25A6,1
SIPA1L2,1
MYRF,0.6791909
STXBP6,0.9944721
CENPO,0.995778
CABP1,0.9972361
SPAG9,0.9988716
MCAT,1
KAT8,1
LRFN5,0.8101785
CC2D1A,1
PRDX3,1
DYNC1I1,1
LRP10,1
AQR,1
TRIM4,1
CYP11B2,1
KCNQ3,1
NDUFS1,1
NUBPL,1
CAPSL,0.4415535
GPR61,1
WSB1,0.9988716
SSBP3,1
IQGAP2,0.9980456
TEAD3,1
NACA2,0.03861743
CREB3L2,0.7349088
FGF14,1
B4GALT1,1
ZFYVE9,1
COPZ1,1
ADAM8,1
TROVE2,1
LAMC3,1
PLEKHJ1,1.22E-12
CIDEB,1
SIM1,1
HLCS,0.8168262
DSG2,0.9948292
RNF167,1
LAMTOR5,1
MKI67,1
ATP6V0B,1
PLA2G4E,1
TBX3,1
ZFX,1
PDZD8,0.995778
SYNGAP1,1
FURIN,0.9984042
DPYD,1
MRPL39,0.06299508
ANXA13,1
MTHFD1L,1
OR2W1,0.07417681
FPR2,0.9952127
SSPO,0.3175114
AANAT,1
CDHR2,1
MOGAT1,1
SLC22A18,0.9972361
MT-ND3,1
GPR183,1
PHKA2,0.8100882
GDI2,1
GLB1,0.9988716
ZFP2,1
PTCHD1,1
ZNF548,0.7791435
TXNL1,1
ARHGEF18,1
MAT2A,1
SVOPL,1
ZNF484,1
LIPG,0.5027056
SMG6,0.1874625
PADI2,1
RPGRIP1,0.9977432
PCDHB5,1
TBC1D25,0.9798802
ZNF561,1
KCNA2,1
USP49,0.4736759
DYNLRB1,1
COL16A1,0.9784155
PRPF8,0.9929534
GPHB5,1
RNF115,0.291547
UBXN10,0.08843669
FFAR4,1
CRYGD,1
CFAP52,1
N4BP3,1
TSPAN6,1
AADAT,1
GATSL1,1
UMOD,1
WDR45,1
ABHD16A,1
CDC37,1
PIP4K2A,1
GCN1,1
HEATR4,1
PLEKHG1,0.7467175
RRP8,1
PEAR1,0.8196428
PPP1R3C,1
THUMPD2,1
SLC22A25,0.04610325
MRI1,1
PDCD7,1
RAD54L,0.003446389
TMPRSS5,0.6685593
EEF1AKMT2,1
RNF123,1
WDR46,0.2395966
METTL16,1
VPS33B,1
SLC28A1,1
ZC3H10,1
CRNN,0.8892088
ATP2B4,0.9756454
RGS1,0.9970146
GPR62,1
TPRKB,1
NEU4,1
OR13J1,1
HCN2,1
DGKB,1
GPR139,0.9922643
PHOSPHO2,1
SLC46A1,1
CDC40,0.9941368
TOX4,1
OR2T1,1
LRRC14B,1
RPIA,1
MBD3,1
EIF1AD,1
ADAM21,0.9904923
PKD2L2,0.1891051
STAG1,1
SYNJ2BP,0.9984042
KIFC2,1
PLA2G10,1
NUDT7,1
TAS2R13,0.2129855
TIMM21,1
PHF19,1
URAD,1
XRCC5,0.9988716
RASSF6,1
TSPAN19,1
OR4N2,0.2281589
ISYNA1,1
HERC4,0.9337797
OR4E2,1
ZYG11A,1
CDCP2,1
UTP4,1
METTL9,1
ZNF567,1
SCP2,1
KLF15,1
MOCS1,1.19E-20
KIF13B,1
RASA4B,1
COL5A2,1
CD63,1
AGBL5,0.09693954
OR2J2,0.4296261
LPAR6,1
PRIM2,1
MYL10,1
PIP,1
ELAC1,1
PLEKHB1,1
SLC38A6,1
EXOC1,1
COPB2,0.9980456
SLC12A2,1
RASGRP3,1
HSPB1,1
PRICKLE3,0.7516089
EIF3C,1
GCK,1
LRRC41,1
P2RY10,0.9526493
CCNB1IP1,1
AP4E1,0.7176123
SCUBE2,1
USP1,0.7684385
TEPSIN,0.7549455
KIF3C,1
P4HA3,0.00161478
CPA3,0.9950815
RELN,1
MYCN,1
FAM105A,1
KCNA7,0.6428316
NOL10,0.9984042
PIF1,0.9923471
ARHGAP21,0.9972361
NBAS,1
ASXL3,1
PAK1IP1,0.9984042
DLK2,0.557091
SAG,1
GDAP2,1
NMUR1,1
TBC1D1,0.5026447
KCNH1,1
OTUD4,0.8608127
CPNE5,1
CFI,1
NFIC,1
ARHGAP11B,1
MTX3,1
AIMP1,0.7589785
IL25,0.489818
HPRT1,1
RNF208,1
AKAP1,0.7622309
SLC26A4,0.7553964
ABCA4,1
SLC16A14,0.8554491
SMOC1,1
GRPR,1
REPS2,1
TBC1D30,1
NUDT19,1
APBA3,0.674891
PLEKHG5,0.004376198
TOR2A,0.5321134
CRTC1,1
RBAK,1
HDAC11,1
DOC2A,1
ANGEL2,1
OR13H1,0.6364448
CLP1,1
DZIP3,0.8537281
CD37,0.9241019
ASCC1,0.002360594
GTF2H1,0.4346101
NCR3,1
HSPH1,1
ABHD5,1
LARP4B,0.9013025
PRDM14,1
TRPM2,1
ADAMTS18,0.01647366
TCF7L2,1
SLC45A2,1
ZEB1,1
NAT10,0.9288457
SIGLEC5,0.6121071
PASD1,1
MITF,1
GIMAP2,1
KCNK6,0.4604947
AQP7,1
HPCAL1,0.9988716
CHRM2,1
DHX36,1
ZNF777,1
GUCA1B,1
AMD1,1
IL9R,1
LRRIQ1,1
MMP9,1
DGUOK,1
DGAT2L6,0.2508176
PRKAR1A,1
TCF19,1
RABGAP1,0.9988716
OR10S1,0.794843
LMNA,0.9968085
PITPNM2,1
RAE1,1
PPP1R14D,1
COQ3,0.07577822
AREL1,1
CBLN1,1
INTU,0.9977432
HS1BP3,1
ATP1A3,1
EEFSEC,1
POLD3,1
UFM1,1
RNF133,1
ZNF597,1
FABP4,1
SLITRK4,1
CPA6,0.4235957
DGKH,1
ENO3,1
CAPZA3,0.3813125
RCN3,1
ALOX15B,0.006650619
ZNF844,0.001564141
CDRT1,1
MCM3AP,1
PSTK,0.8302485
RAB7B,1
PLEKHA1,1
TAX1BP1,0.9359892
CMPK1,1
NDOR1,1
GRXCR1,1
ECE1,1
IQSEC1,1
GAS2L1,0.1481603
PIP5KL1,1
OR8B2,1
UGT1A4,0.2281628
ADRA2B,0.576227
ZNF350,1
ZNF678,1
AGO2,0.03099246
PPM1G,1
PSMD13,1
SNRNP70,1
DCLRE1A,1
MOV10,1
FCRL6,1
KCNU1,1
PTGES3L,1
KIF17,1
OR5B3,0.02767651
NAT9,0.2673262
CFAP47,1
DDX60,1
DAB2IP,0.9968085
MTMR6,1
WASF3,1
ASS1,1
SLC14A2,0.8326969
QTRT2,1
LARS2,1
FAM213A,1
MBNL2,1
ZNF433,1
TLR6,1
NIPSNAP3A,0.9988716
PCMTD2,1
RNASE10,0.1820712
GPR32,1
GPSM1,1
NPBWR2,0.003630375
ARHGEF15,1
NAIP,0.9054987
WNT2,1
ANXA1,1
LRR1,1
ATP10D,1
USP34,0.9980456
MICU3,1
CRISPLD2,1
PNKD,1
CETN3,1
KIAA0319L,1
TREX1,1
POT1,1
TAS2R60,0.6078729
PDE1B,1
MELTF,1
PCDH17,1
SLC2A10,1
CLVS2,1
MYL7,1
ATG4D,1
OR10AG1,1
MRPL35,0.1302119
ADM,1
ACSM4,0.7571751
CETN1,1
HTR2A,1
IFNL3,1
ADCY5,1
BBOX1,1
CASP8AP2,3.07E-11
MAP1LC3C,1
PDE4B,1
ADGRG7,1
ONECUT1,1
SYN2,1
ZNF641,1
SYT17,1
PMPCA,0.560554
ZNF827,1
RNF149,0.7495234
DNAI2,1
UPP1,0.9988716
TNNC1,1
GTDC1,1
CCR8,0.9577094
GABRR2,1
ZNF287,1
ADAMTS4,0.5717411
LRRC53,0.0945031
SPTLC2,1
YARS,1
PEF1,1
ADIPOQ,0.5501157
TMEM57,1
DNAJC17,1
ZNF780B,1
SERPINI2,1
ABHD12,1
UBAC2,1
KIF18B,0.6056501
TENM2,0.000242597
AGRN,0.9953476
EIF4G1,0.9988716
SBF2,0.7273379
PPOX,0.9988716
ORC5,0.9984042
FBLN2,0.9984042
NCKAP1,0.9823395
PNPO,0.9984042
RNF181,1
SLC30A10,0.6912347
RIOX1,1
SCLY,1
MTF2,1
ZRSR2,1
ZNF879,1
DIRAS1,1
SMC5,0.7967093
AAMP,1
RIMS3,1
GLIPR1L1,1
DSC1,1
MKKS,1
TMEM2,1
REXO2,1
RSG1,0.2570211
ZNF713,0.866996
GABRA2,1
OPN1LW,0.4973334
AICDA,1
CDNF,1
ATAD5,1
TLE6,1
SLC4A5,0.9900988
ZNF846,0.2951743
S100A10,1
SUCLG1,0.4227817
TTC33,0.4499666
CRB2,1
OR10Q1,0.4845283
ARHGAP1,1
WDR53,0.4191547
FZD8,1
FN3K,1
RIT1,1
NOX5,1
CKMT1A,1
HRNR,0.008334672
KCNK3,1
PPEF2,1
DNAJC6,1
ISPD,1
FAM81B,0.5376214
WFDC11,1
MYOF,0.002198961
RP1L1,1
CNOT7,1
RIOX2,1
MAU2,1
SFRP1,1
NUDT9,1
ZNF700,1
XRRA1,0.4316343
HUS1B,0.01456436
AP1M1,1
SLC7A6,0.9871846
SHOC2,1
CCP110,0.1009769
SORCS1,1
PCCA,1
PCSK2,1
HSPB8,1
SCN3A,1
COL11A1,1
TRAF3IP2,0.7874768
NOVA1,1
EIF3E,1
MAGEA10,0.5124909
SLC25A3,1
AMDHD2,1
MUC12,1
ARID3A,1
SEC61A2,1
ABHD8,1
ADCY1,1
LPCAT1,0.2080635
DCAF4,1
OR7D2,1
ARL4D,1
CTAG1A,0.4593484
ARHGAP28,0.7136363
MOB3B,0.9510015
PLPP6,1
F2RL3,1
ARNT2,1
CRABP2,0.9974769
ERAL1,1
PTP4A3,1
PCDHAC2,1
STXBP2,1
ASIC1,1
CDYL2,1
SAMD13,1
KIRREL3,0.1878026
UBE2J2,1
ANXA5,1
KIAA0141,0.8379633
DRD1,1
PLPP1,1
CAMSAP1,0.9883284
AFP,1
ISLR,1
TTC39A,1
OSBPL11,1
ZP1,1
SETD4,1
EGLN3,1
ZMYND11,1
OR4K5,0.01469049
SRY,1
OSBPL9,0.993518
ADAMTS1,1
IL16,1
EFCAB5,0.7336042
SLC32A1,1
USP40,1
FAM129C,0.9060207
CIITA,0.8089532
HRH1,1
RASGRF2,1
AGFG2,0.9968085
SLBP,1
NPM3,1
CNKSR2,0.000349365
GIMAP5,0.98883
GREM2,1
OAS2,0.8886995
COL4A1,1
FAM111A,0.5742458
VAT1,0.498324
SERPINA10,1
PDHA1,1
PAPSS1,1
PTCD3,1
SLC6A4,0.9878999
PAX8,1
CAD,7.05E-05
DAW1,1
DYNLT1,1
ACADSB,0.9988716
LSM3,1
SCGB2A2,1
CDH23,0.1161642
ETFA,1
APBB2,1
OR51E2,1
TAF3,0.002349837
C1QTNF6,1
LIPC,1
ITGB8,1
ACTR10,1
SEC24B,1
AVPR1B,1
GLP2R,1
CPB2,1
PHF2,1
IFNK,1
ATP8B1,1
ASL,1
TIGD2,1
ITGA3,1
NUTF2,1
N4BP2L2,1
SETMAR,1
SDCBP2,0.1406799
ADAMTS10,1
RARG,0.9988716
CRACR2B,0.995778
FNDC3A,1
HR,1
ZNF280B,0.587492
FOS,0.4459746
TRIM47,1
ZNF507,0.9980456
VAPA,1
LDLRAD3,1
RNF144A,0.4612862
RBM46,1
ARSD,1
FGD2,0.9165687
MAPKBP1,0.9977432
ETV2,1
NME3,1
DAB1,0.991044
MPP2,0.9473055
LIPH,1
KYAT1,1
NAA25,0.5630633
RSU1,1
ZC3HAV1,0.6267513
GDPD4,4.26E-07
SOX7,1
FBXO41,1
FLG2,1
LAYN,0.968173
PRMT7,0.9977432
SLC16A12,1
MAGEC2,0.117932
PPM1H,1
ZNF616,1
ELF1,1
ADA,1
KDM5C,0.8626174
IGFBP2,1
SGMS1,1
PGA5,1
LRRC2,0.9065322
RPL3,1
ECHS1,1
ARMC5,0.9988716
OAZ1,1
PRDX5,0.7848603
FOXRED1,1
INTS12,1
WBP4,0.4832723
SLC24A5,0.6029148
OCM,1
RNF13,1
POLR1A,0.00032422
ITIH6,0.4743426
EXOSC3,0.6518338
PARP9,0.3342525
ARHGAP8,1
SENP7,1
LY6K,0.6552735
TNFRSF10A,0.7030056
SEMA6B,1
RAD1,1
MDH1B,1
LIN28A,0.4643062
LCN9,1
USP30,1
TMPRSS2,0.3668167
PRPF4,0.9988716
PLCD1,1
MRGPRX2,0.1290652
SERPINB5,0.9980456
RCOR2,0.4150158
ADAM17,1
CNTNAP4,0.4998834
LCMT1,1
TSEN54,1
RXFP1,1
CYP2S1,1.28E-05
ALG11,0.9984042
TSPAN14,1
ENDOV,1
ADCY3,0.9988716
LYVE1,1
RNF180,1
ADCY10,1
FSD1L,1
MC2R,0.9977432
NELL1,0.6084966
OR2H1,1
FAM83E,1
C2CD4D,0.9988716
PDE6D,1
BDKRB2,1
LCN12,1
STAT4,0.9912598
OR5C1,0.2146443
FBL,1
GSTO2,1
TSPAN17,0.9908332
GRIFIN,0.9506014
AOC1,0.008379394
ARPC2,1
LHX3,1
RBM41,1
RAX,1
DCAF8L2,1
FXYD1,1
ARPC5,0.9988716
CBLN3,1
ZFP64,0.9419753
PRODH,1
LRRC8C,1
CHMP1A,1
SNAI2,1
FOXC2,0.08087547
PPM1N,0.7389994
GLTPD2,0.9271138
SAMD7,0.77079
OR2C3,0.079033
DBI,5.50E-15
COL5A3,0.8554836
SOX11,1
RUNX3,0.9988716
PTPN5,1
GTF3C2,1
NDUFAF3,1
BPIFB6,0.7932714
GJB5,1
ATL3,1
ELMO1,1
CPZ,0.9960912
N4BP2,0.9904923
KLC3,1
GGT2,0.954218
BMP15,1
SLC22A6,0.9949538
TMCO6,1
IL37,1
SACS,1
AP3M1,1
TMX2,0.418097
ACKR2,1
PLEKHA4,0.7599508
TGIF2LX,1
HIGD1B,1
CCAR2,1
OTOL1,1
GUF1,1
PSMD7,1
ZNF250,1
VASN,1
FARSB,0.9931364
DNAJC24,1
WDR6,1
STMN1,1
BAP18,0.9977432
GATB,1
RNF44,0.9988716
FOXJ2,0.2423359
OR9Q2,0.9954865
DLX1,1
CHMP5,1
COG7,1
UGGT1,1
MIOS,1
LMOD1,1
LRCH3,1
MNDA,1
CBWD2,0.007537475
FAM135B,1
MAGED2,1
LGR6,1
C1QTNF4,1
MORN4,1
CUEDC2,0.9974769
LGI2,1
LIPF,0.03718038
SLC33A1,0.7851787
BMP4,0.4378289
CTSZ,1
ID4,0.9934205
SMYD1,1
KREMEN2,0.248917
MOSPD2,1
TEFM,0.8598795
STX17,1
ABHD18,0.2786259
ENTPD2,1
DBH,1
FNTB,0.9980456
FOXG1,1
METTL13,1
ASNSD1,0.9988716
SLCO1B3,1
NMRK2,1
PSMF1,0.4207175
ZNF28,0.5958517
TFR2,1
SASS6,0.9934205
SERAC1,1
SNX12,1
GDF1,1
GSTZ1,0.6925843
CSGALNACT2,0.9988716
GPD2,1
CARD9,1
RASSF10,0.3810319
RGMB,1
COMT,1
DGKE,1
RALGPS2,1
HDAC8,1
OR6A2,1
GFM2,1
OR4S1,0.7551575
CHST13,0.007944406
IARS,1
PROM2,1
DCHS1,1
IFT80,0.9900347
TNFRSF19,1
SLC22A4,0.9984042
MUC3A,1
CAPN13,1
STOM,1
BBS2,1
CNTNAP1,1
SAV1,1
LGALSL,1
METTL2A,1
DCAF8,1
GPR50,0.427596
MSS51,1
TMEM62,0.9988716
ATP2C2,1
ADRA1D,0.9966149
RPP14,1
NCALD,1
AAGAB,0.9959316
AMIGO1,1
EML4,0.846892
MBD1,4.44E-07
PHF11,1
CIB4,1
APAF1,1
SLC38A9,1
PCMT1,1.28E-06
PCDHGC3,1
SLC12A4,1
RNF145,1
TNRC6C,1
ZNF468,0.8665271
CATSPER4,0.6159647
AKR7L,1
GNE,1
ANXA8,1
MYL4,1
PITPNB,0.9937175
FANCI,1
OR2W3,0.2331343
HTD2,1
CRHR2,1
LRRN4,0.6481709
PCDHB2,1
LRRC56,0.9251261
VTN,1
FICD,1
SYT4,1
PLEKHG4,1
CNGB3,1
NABP1,1
TCTE3,0.272086
USP18,1
ARHGEF10L,1
CPA1,1
TAS2R1,1
INHBA,1
OR56A5,1
CDHR1,1
FLYWCH1,1
AQP6,0.9970146
NYX,1
PRMT1,1
ADCY8,1
ATP2A2,1
ETV3,0.816796
PLEKHB2,1
ACLY,0.9984042
NFE2L2,1
WDR64,0.9988716
TRIML2,1
NBEAL1,0.9918633
MESDC2,1
CRLF3,1
ZNF70,1
FBXO32,1
HOXD10,1
PEBP1,1
ZNF541,1
NEUROD4,0.9962576
FBLL1,1
CYTH2,1
ECI1,1
POLE2,1
CC2D2A,1
ZNF599,1
JRKL,0.7198004
WDR18,0.9923471
ARFGAP2,1
TMEFF1,1
KLC4,1
GTPBP2,1
PIDD1,0.8358308
KIF5A,0.9988716
RBM23,0.3747753
CLOCK,1
GPR6,1
LRP6,0.2449703
PER2,1
CABP7,1
LRRTM1,1
ABHD3,1
PLEKHN1,1
MMRN2,1
C1QTNF9B,0.4265136
TF,1
OR4M2,0.2712517
CDHR4,0.962184
ZNF362,1
APOBEC1,1
JRK,0.8897034
OR10G6,1
METTL21C,1
KPNA1,1
TGFBR3,1
ZFYVE27,0.4793235
NAA15,1
B3GNT7,0.3952911
IL3,0.2399663
GC,1
ZNF559,1
TRAF1,1
MTR,1
ZNF782,0.8540646
MFSD3,1
SH3TC2,1
LRRC36,0.7530209
OR2G2,0.01407972
SLC2A2,1
ADRM1,0.9984042
ZNF34,0.3288371
KCNAB3,0.9988716
KCNH2,1
OR1M1,0.7740016
RAD9B,1
ERAP1,1
BDNF,1
LAMA5,1
CACNA1H,0.993617
AK5,1
RNF122,1
LMAN1,1
CPNE6,1
MAD1L1,1
MOGAT3,1
LRRIQ4,1
TSHZ1,1
TRIM2,0.9853319
GDA,1
ZNF7,1
FBXO39,1
ODF2,1
VSIG10L,1
MFNG,1
SIGLEC14,1
CST11,0.9980456
NCS1,1
FPGT,1
GRIN2C,1
CBFA2T2,1
PPAT,1
PTGER2,0.9925153
TRIM7,1
PFDN6,1
GXYLT2,0.9954865
ZNF407,1
AIFM1,1
XRN2,0.8223133
MEGF10,0.3316168
MAS1,1
GPHN,1
ACR,1
TOPAZ1,0.9950815
ST5,1
ZFP64,0.9419753
SLIT3,1
GPR88,1
OR6K2,0.1763216
LIG1,1
ALDH9A1,1
SRL,1
MYO9A,1
LPAR4,1
NAV2,0.9968085
ANAPC7,1
LOXHD1,0.2926182
MTHFSD,1
ZNF813,1
SLC2A12,0.9120712
TGM5,0.4367282
TLR2,1
PTGES,0.3904571
WDR82,1
ACTR6,1
SLC37A4,1
UGT3A2,1
ADGRE3,1
CHIA,0.316871
TTLL7,1
VPS36,1
TRMT1,1
ZNF829,0.2772135
CP,1
WDR3,1
ECEL1,1
ADAT2,1
RGPD5,1
FAM13C,1
CSRP1,1
ARFGEF2,0.9972361
BRCA2,0.9974769
CATSPER3,0.3740808
TRAPPC3L,1
SEMA4B,1
HTR2C,0.7053638
EGF,0.9165536
TLX2,0.3067485
AASDH,1
NAT8L,1
CDH16,1
GPBAR1,1
DBN1,1
SFTPB,0.8488151
FRRS1L,0.000710244
LRRC8E,1
GPR27,0.9980456
MFSD12,0.780855
PRDM4,0.9030679
APPL1,1
AGT,6.36E-05
TSPAN8,1
HOPX,1
PDE3A,0.6719135
PCYT1B,1
MAGI3,1
KIF4B,0.4981273
PPFIBP1,0.9980456
ACOT1,1
TUT1,1
LRRC23,1
ATP6V1G1,1
PGAM5,1
CRYAA,1
TEAD2,0.9359397
MRPL50,1
EIF4E1B,1
GLIPR1,1
OR2AP1,0.5047745
C12orf65,1
OR3A3,1
ERH,1
NPSR1,1
AGBL2,1
C8orf76,0.3443449
PSAPL1,1
HDAC5,1
KCNMA1,1
SPINK1,1
MCCC1,1
P2RY2,0.6542563
IP6K2,1
RPS17L,1
PRDM11,1
OLA1,0.9977432
RFX1,1
RCC2,1
XRCC2,1
MAF,1
IL15RA,0.07312635
FN3KRP,0.2934122
CDC20B,1
OTULIN,1
FHDC1,0.9950815
GPR171,1
ZPLD1,1
HPX,1
KIF24,0.6037507
NHLRC3,1
SLC17A7,0.9980456
LPAR3,1
ARRDC2,0.1322543
PRICKLE4,1
FBXO48,0.4708221
SYTL1,1
SLC24A3,1
LRBA,1
ZBED3,0.006675165
LTBP2,1
BOLA1,0.4236789
C1QC,1
TAS2R9,1
SLC37A1,1
ELP2,1
TRPM4,0.9966149
CKAP5,1
APLF,0.04654772
AP3S1,1
PTAFR,1
SMTNL2,1
SERPINB13,1
SUPT6H,0.8202988
POLDIP2,0.940678
SCP2D1,1
SCAF11,0.7555404
RANGAP1,0.6836951
PINLYP,1
BSDC1,1
TRIM29,1
TSC2,1
LETM2,0.1806822
RPS9,0.9947075
ECSIT,0.9377262
NUDT22,1
ATP4B,1
OR1Q1,1
ALX1,1
PSD4,1
EED,1
C11orf68,0.940785
GRIK2,1
PGS1,0.9912598
ZNF227,1
DKC1,1
KLK15,1
EYA4,0.6480622
ZNF652,1
PCTP,1
DPH5,1
ALDH1B1,1
CTSB,0.9988716
SLITRK2,1
MMP25,1
ZNF283,0.006998445
VIM,1
ERP29,1
OR14A16,0.5932146
TLE1,1
MICAL2,1
CELA3B,1
FSD2,0.8842571
WDR59,1
ITIH1,0.8960323
FBXL19,0.9937175
DZIP1L,1
URI1,1
FUCA2,0.9988716
PZP,1
ZNF451,1
LYPD5,1
WDR49,1
CNKSR1,1
TRAPPC12,1
SLC12A6,1
TMEM25,0.000688704
TOMM40L,1
RGS22,0.6488129
ZNF623,1
CES4A,1
SLC25A24,1
THEM4,1
WIPI1,0.9669574
MDH2,1
MICU1,1
OR8S1,0.2021071
CASD1,0.5072934
IL4,1
PCDH11Y,1
STX8,1
ZNF727,1
FSCN1,1
ASF1B,1
RPA2,0.9980456
IFT140,1
ARID5A,1
ARL3,1
TRPM6,1
GNL2,1
RPL18,1
ASH2L,1
SAMD10,0.990764
CLPX,1
GSN,1
CCKBR,1
MOB2,0.8142599
WDR77,1
ZNF493,1
POC5,0.2041901
SAMM50,1
CALML5,1
EFCAB11,1
DNAAF2,1
LGR4,0.9988716
RPL36A,1
PRSS54,1
ETFDH,1
CDH8,1
DENR,0.9984042
SHOX2,1
VIL1,1
GALT,0.9980456
DBT,0.4450155
DMWD,1
MYO1F,1
CD97,1
LGALS12,0.9849888
RPE,1
PRUNE2,1
PRSS58,1
POLK,1
NOA1,1
TRIM67,1
OR4K13,1
NRDE2,0.9227878
PCDH8,1
WDR54,1
RHOT1,1
GOT1L1,1
MRPL9,1
NOD1,1
CCR2,1
RBM47,1
UGT2A3,1
ARIH1,0.9950815
RAB40A,1
GJA8,0.5170578
DNAJC28,1
PSAT1,1
TAS2R46,1
ARPC1A,1
SETD6,1
KCNK17,1
ZFR2,1
UNC5B,1
RGS7,1
ADH7,1
PRMT5,1
SLC25A38,0.9984042
PRKAG3,0.6670367
MC3R,0.02145145
GML,0.9947075
LSM4,1
COL4A3,1
SEC14L2,1
SPPL2A,0.3023746
IL17C,1
SYNM,1
ARIH2,1
SLC17A5,1
TRIM71,1
ADAM15,1
PTPN11,1
GSTM1,1
SLC4A9,0.9984042
CIB2,1
KDM1B,1
SIAE,1
ITGAX,1
MYH14,1
SARNP,0.9988716
GPR21,1
CXCL10,1
ADGRF1,0.7444035
RAB11FIP3,1
TFDP2,0.9751029
TEX264,0.6553819
MYEF2,1
CLCNKB,1
MRPS11,1
BCAS3,0.9988716
GEN1,0.8269758
AHSA2,0.2628413
MNAT1,1
CHI3L1,1
THRSP,1
PARP12,1
DTNA,1
EDF1,0.9988716
MYO1A,1
CRYBG1,1
SLITRK1,1
ZNF419,1
INSL3,0.000914017
OSBPL3,1
DNHD1,1
PSMD11,1
NOP56,0.8370718
TADA2B,1
MTNR1A,1
GDI1,1
P2RY1,1
SLC5A10,1
EIPR1,1
SAR1A,1
GPR12,0.9988716
CMYA5,0.01179016
FLI1,1
ESRP2,0.8980439
GFM1,1
ATG12,1
ATF2,1
DENND4B,0.9988716
ACBD5,1
SAMD9,1
INPP4B,0.9988716
AHCTF1,0.2325858
PAEP,1
IQCB1,0.1699525
MTA3,1
CDKN1B,1
PSMB11,1
AP2M1,0.9938197
SAP30,1
PON3,1
JMJD7,1
LONP1,1
EFHD1,1
PRDM12,1
RHO,1
RPS26,1
CXXC1,1
ATXN1,1
TRIM39,1
KCNS1,0.8801613
CPVL,0.9988716
PI16,1
HNRNPLL,1
NDUFS7,0.9984042
CXCR3,1
AMBRA1,1
MECP2,1
PPM1L,1
EGLN1,1
IL18,1
RP1,1
ORM1,1
ACCS,1
EXOSC1,1
SUN1,1
HNF1A,1
HPR,0.000246007
SAP30L,1
LPIN1,1
ADSL,1
CBR1,1
CYB5D2,0.9980456
GMEB2,1
RBKS,0.5353311
NOMO2,1
AP1S1,1
OR1J4,1
C6orf136,1
DCTN6,1
OR4C11,1
MBTPS1,0.2563748
FABP3,0.9984042
VARS2,1
MUC16,1
PPP1R3B,0.281405
FBXW10,1
UCK2,1
LRRC47,0.93529
SH3BP5L,0.8709176
VMO1,1
CDT1,1
TRMT12,0.7902942
GALNT3,1
GMEB1,1
ESYT1,1
DSG4,0.9988716
EYA3,1
HOOK3,0.9752053
IFI44L,0.8819754
CRADD,0.9988716
CTSH,1
GGTLC3,0.8841866
RFC4,1
ZNF564,1
PGLYRP1,0.3092706
EHD4,1
AOC3,0.995778
SPARCL1,1
COX7A1,1
FZR1,1
DEPDC1,1
OR6Y1,0.442171
ZP2,0.9447307
SNX11,0.6183581
OR4A47,1
TBC1D22A,1
NME4,1
HAAO,0.1172938
PRPF39,0.5031634
ZNF860,7.88E-08
RUSC2,1
NDUFAF5,1
OR4F15,0.7308463
SCN11A,1
NTN4,1
PA2G4,0.9988716
ZNF333,1
UBE2W,1
NRAP,1
CTSS,1
TBC1D13,0.9972361
MRPS12,1
RTN4R,1
HEMK1,1
C1orf87,0.1565491
ACAD11,1
STXBP5L,1
PTPN6,1
KPNA4,1
WDR27,0.9953476
TBC1D20,1
CRYBB1,1
HOXC13,1
TBC1D2B,1
GRID2IP,1
FBXL5,0.9307675
FER1L6,0.000583852
SUSD2,1
PPP2R5B,1
DMRTB1,0.6578433
ZNF543,1
CYB5R1,1
PAH,1
TXNDC8,1
MAGEB18,1
PDXK,0.8902691
OCRL,1
POC1A,1
AQP12A,1
SMARCD3,1
LMNTD2,1
FBXL17,0.865339
MAPRE3,1
ITLN2,1
E2F7,1
OR5D13,0.3147199
PEX7,1
BMP6,1
PDCL2,1
OR9A4,1
REXO4,0.7281749
ATP9B,1
TACR1,1
KCTD15,1
RHBDL1,0.0084787
NUBP1,1
KERA,1
MOSPD1,0.9988716
ANGPTL5,1
NXT1,1
GJA10,1
CLMN,0.1595468
ARHGAP36,0.8371098
ZNFX1,0.9913329
CNDP1,1
CARM1,1
KCNIP4,1
NECAB1,1
OR8H2,0.1050861
TMPRSS12,1
PLIN5,0.8018465
SIM2,1
XYLT2,1
AMIGO2,1
FGD3,0.9964318
ERCC4,0.9960912
IGFBP4,1
ITGA5,1
CKM,1
LGALS9B,1
ZNF404,0.4939299
ADAMTS13,1
EFCAB1,1
NXPE3,0.9798486
TSEN2,1
FLRT3,1
CLIP1,0.8435636
ENOPH1,1
CSTF1,1
LAMC1,0.7882403
HP1BP3,1
ELK1,1
RUNDC3B,0.9988716
GDAP1,1
PHF20,1
OR2A12,0.3625618
MRPS5,1
LRP2BP,1
ZNF620,1
RHCE,0.003935036
PPM1E,1
SLC2A9,1
CNGA1,1
GTF2E1,0.1443652
FZD3,1
GPR146,1
XPOT,1
PPP2R2D,1
IL11RA,1
BRAT1,0.9900347
FAM213B,1
KCNJ2,1
RAD17,0.9725045
PCOLCE2,1
NSUN6,1
TRIT1,1
FKBP9,1
ADGB,0.9914811
OXGR1,1
NECAP2,1
PLCL1,1
LCN6,0.4546215
PTPRE,0.8504062
NTMT1,1
IRX3,0.008549888
SORCS3,1
SPECC1L,1
CEP72,0.9926008
BMPER,1
RABL3,1
ALG13,1
ZNF571,0.6276391
FBXO44,0.9968085
RBFOX3,0.9974769
C8orf46,1
OR8B8,1
BBS10,0.191851
WDR38,1
NDP,1
LAMP3,1
OR6C76,1
LCP1,1
SLC16A3,1
E2F2,1
PLCD4,1
CSTA,1
TCEA3,1
SOX9,1
RAPGEF4,1
HOXD12,0.9966149
FGF9,1
PDE6B,1
ZNF628,1
NXF5,1
IAH1,0.9984042
AS3MT,1
TCN1,0.5835403
ZBP1,1
PPT1,1
FADD,1
ALDH1L2,1
SCN1A,0.9013408
GCM2,1
METTL11B,0.4146439
OPN4,0.9984042
DBR1,1
RANBP3L,0.1972122
ATG5,1
RPTOR,1
SERPINB11,0.03955596
RAPGEF5,1
MEX3A,1
ASPM,0.4942707
NOM1,0.6564196
SLC16A11,0.1484038
TAS2R43,1
SLC25A23,1
TSPYL6,1
CD151,1
TGM6,1
TLE2,1
SOCS6,1
CENPB,1
LRRC4B,0.05034816
ARHGAP11A,0.948512
POLE4,0.9980456
TRIM52,1
ADORA1,0.06779798
MAGEB10,1
HRASLS,0.6273803
HEPHL1,0.9980456
NPAS3,1
SLC9A7,1
OR13C8,0.6730354
FJX1,1
TLR9,1
STON2,0.8475954
LARP1,0.9988716
WDR78,1
DNAJC4,1
OR51D1,0.3172312
SLC17A1,0.3804888
NAA40,1
SLCO5A1,1
PHACTR3,0.9980456
CRYAB,1
TRPM7,1
CAPS2,1
IL23A,1
RNF125,0.4557087
INPP5B,1
RABL2A,0.9522619
RASA4,1
FST,1
ZNF232,0.4949813
SCN8A,1
PSAP,1
NUMB,1
TGFB1,1
TBXA2R,0.9972361
H6PD,1
SWAP70,1
MCMDC2,0.977351
ZIC3,1
GPR98,0.9966149
CMTR2,0.9076184
AHNAK2,0.01116596
FBXL4,1
HMG20A,1
MYB,0.2469539
TEX9,1
FTCD,1
KCNH6,1
ELP4,0.8321917
ADGRE1,1
IVD,0.9959316
THAP7,1
OR4D5,1
MLEC,1
ME3,0.9984042
GGH,1
RBP5,1
SKA3,1
LRTM2,1
APBB1IP,0.4926763
WDR60,1
OR6P1,0.9962576
SLC41A2,1
UST,1
PDE4A,0.6180612
HTR6,0.9708427
CPAMD8,0.9956298
ZNF791,1
DMXL1,1
NLGN1,1
ZNF302,1
HIST1H1T,0.06220204
VNN2,1
LRRC30,1
LTB4R,1
LOX,0.5731454
ISLR2,1
CDH12,1
GIF,1
SMC1A,0.9651225
SYT2,1
TAS1R1,0.9968085
SLC22A2,1
TNPO3,1
HOXD9,1
MGST1,1
INTS7,1
OR10A5,1
CENPJ,0.6794674
TBC1D31,1
CDH3,1
RANBP10,0.9988716
ACOT8,0.4588674
METTL22,1
ATP6V0A4,0.9943582
GORASP2,1
ZNF691,1
XYLB,1
CORO6,1
SFTPC,0.2994127
USP38,1
WFDC2,1
RRNAD1,0.9890603
PIP5K1A,1
TIPARP,1
LRCH1,0.5330668
BCL9,0.9988716
CFAP44,1
SLC4A3,0.7510056
EXOC3L2,1
BZW1,0.9988716
SMU1,1
TULP4,0.8975572
NR5A2,1
CDH13,0.9952127
ACOT4,1
MPPE1,0.7845367
RAN,1
CUZD1,1
TINAGL1,1
MCTP1,1
C8G,0.2878931
KCNJ18,0.4362116
SRSF11,1
SPEF2,1
ZNF280A,0.7683918
LANCL2,1
PLEKHG7,1
CERS6,0.1721924
PTGIS,1
CEP97,1
ELMO2,0.9897203
CRYBA1,1
ADCY7,0.988438
TAS2R4,0.3787799
OR14C36,1
CST2,1
DOCK10,1
AP5M1,0.9938197
NFE2,1
TSFM,0.572037
OR2M5,1
OR10J4,2.15E-41
LSM10,1
FAT3,1
NCCRP1,1
STARD3,1
C14orf159,1
PTPDC1,1
WDR43,1
TOP1MT,1
PRSS50,1
PPARGC1B,1
EGR4,1
GRB10,0.9947075
DUSP12,1
ADAL,1
SLC6A19,1
BRICD5,1
HNRNPUL1,1
RBMXL2,0.1952668
LIPK,1
KCNN4,0.3310879
ZFYVE21,1
FGD5,0.9900347
OTUD1,1
FUT2,1
EFCAB8,0.441798
GPR176,1
LTB4R2,0.7285404
TRAPPC4,1
UAP1L1,0.9906954
GNLY,1
B4GALNT4,1
CGNL1,0.682096
FSCN3,0.2805871
USP45,0.8158531
EXOC3,0.9947075
ANXA3,1
CPD,1
CEP170,1
PRPS1L1,0.07273199
ZNF57,1
PROS1,0.4657765
PLD4,1
BCKDK,1
PKHD1L1,1
ZNF667,1
RNF169,0.7098949
UBA3,1
SDHA,1
CAPN11,0.1407744
CILP2,1
LPAR1,1
MTMR14,0.9715047
PER3,1
RNF103,1
PCED1A,1
BBS7,1
AGTR1,1
SRM,1
TTPA,1
SERPINA4,0.5071727
SPC25,1
GIMAP8,1
THBS3,1
ATP6V1C2,1
ERCC1,0.02278435
RHBDF2,1
FGL2,1
TOR3A,1
NPC1L1,1
SEL1L2,6.00E-10
SGSM2,0.9984042
SCO2,1
OR2T6,0.6346587
COPG2,1
CD5,1
DEPTOR,1
LRRC74A,1
GPR4,1
NR1D2,1
VTA1,1
GPR119,1
HSP90B1,1
CTSF,1
PTGER3,1
PLA2G1B,1
FSTL3,1
CPXM1,0.4555193
ZNF84,1
TAF6L,1
TEP1,0.6859908
IL22RA1,0.9959316
OR5B21,1
HOXA4,0.832793
THG1L,0.6791113
CRIP1,1
GPR161,1
GDF7,1
PDK1,0.9904256
PIK3IP1,1
NEU2,1
TRMT2B,0.3922273
ADGRG4,1
EPS8,1
PDSS2,0.2279931
OR2Y1,0.5668711
SLC19A2,1
MYO15A,0.7176681
UXT,1
AIF1L,1
PKP3,1
GPCPD1,1
TAS2R14,1
C1QTNF9,1
MTRF1,1
MUC5B,0.9478504
TSPAN4,1
RGPD4,1
ZFC3H1,1
MRM2,0.9596786
LY6E,1
SCARF2,0.3695759
PITX2,1
ZNF79,0.9375432
INPP1,1
VKORC1,1
C2CD3,1
MYH7,1
PITPNM1,1
CARD6,0.01265962
ZZZ3,0.6129094
PYDC1,1
SATB1,1
CMC4,0.4337235
ARHGEF40,8.83E-25
SLC38A7,1
CCDC152,1
POLR2E,0.5746791
GINS3,1
AP1S2,1
ATP2A3,1
ADPRHL1,1
OR2T4,0.5494407
ADGRL2,1
OR8D2,1
KYNU,0.9974769
SFRP5,1
OXER1,1
STXBP5,1
MAF1,1
AFAP1,1
ADRA1A,1
RAB35,1
MICALL1,1
SMPD1,1
MRPL27,1
ZCWPW1,1
GPR85,1
DCAF5,0.9988716
STRC,0.9988716
MAP1S,0.9917083
SHQ1,1
GJD2,1
DMTF1,1
GPR52,1
LRP1B,1
FSD1,1
CCR4,1
HORMAD2,1
ERP27,1
LRRC38,1
DPP10,1
OR8B3,0.7845536
HRH2,1
ATL2,1
RNASE11,0.8796549
CXorf57,0.9972361
KPNA6,1
MEP1B,1
TIGD1,1
WDR26,1
IRX6,0.4509862
IRGQ,0.02967182
PLSCR1,1
DDB2,1
PKD1L1,1
GRIK4,0.9974769
GRM8,1
ECI2,1
CBLN4,0.9980456
INHBC,1
STOML2,1
RBBP7,1
RXFP3,1
HAL,1
HVCN1,0.291494
OR10X1,0.6221065
PCDH7,0.734702
MYSM1,0.7078757
HTR1A,1
GRIA3,1
HTATIP2,1
GATA1,1
TNFRSF8,0.9954865
POP4,1
ELL,1
IGFALS,1
NDRG4,1
CD3G,1
ARSH,1
LYPD6B,1
FBXL22,1
MSH4,0.001935023
OR11H4,0.1326317
MASP1,1
GJB6,1
OR52W1,0.892486
ARFGAP3,1
LGALS3,1
TES,1
CST5,0.03627398
SRPRA,1
HBS1L,1
RGPD3,1
F11,1
SDF4,1
HAT1,0.03643873
PARP3,0.08443658
CRYGC,1
WDR31,1
MMP12,1
ANXA9,1
GAS2L3,1
PLPP5,0.9758817
RNF214,0.5395739
SLC47A1,0.9845706
RNF139,1
ABHD1,0.08430573
RLIM,1
EHHADH,1
NR2E1,1
CCDC6,0.9927749
BMP1,0.8352477
OR5W2,0.9128286
RPL10L,0.7494474
PHLDB2,1
PBX4,0.9541348
RCVRN,1
PCDH20,1
IPO11,1
MAMDC4,1
PGLYRP2,1
ADAMDEC1,1
USP28,1
ZNF415,0.5977308
PLCB3,0.9941368
NKX1-2,1
IQGAP1,1
MAGT1,1
TUSC3,1
G2E3,1
SYNPO2,0.5197547
PCDHB14,1
RAD51D,1.47E-16
TNFRSF11B,0.8980563
LGALS13,1
NSUN5,2.32E-30
ARVCF,1
ABLIM1,0.9960912
RTKN,1
ZNF709,1
SOX3,0.1577195
ARHGAP5,1
PTPN22,1
BCL2L2,0.3763099
DSC3,1
GIMAP7,1
FOXD2,0.8293707
UCP2,1
GTPBP4,1
AQP12B,1
KDM7A,0.429377
CAPN8,0.6926384
WDR7,0.0135673
ZNF688,1
CPM,1
USP36,0.3701312
EIF5B,0.9847365
TXNDC16,1
OR4F17,0.3822753
GLT1D1,1
RUFY1,1
CYP2F1,0.1184434
FZD4,1
COPA,0.7900135
RARS2,1
FKBP3,1
SH2D3C,0.9984042
PRPSAP2,1
MORC3,1
ADAM11,0.9861809
NLRC3,1
NETO1,0.4371569
ZNF439,1
EYS,0.7842698
ARRDC3,1
ANTXR2,0.995778
CTTNBP2NL,1
FBXL12,1
TGIF2,1
DCTN1,8.14E-05
CBWD7,1
SLC30A5,0.9754114
ADAD1,1
SLC26A11,1
NOX4,1
DOCK6,1
MSR1,1
CHST2,1
RGS12,1
GNL3,1
GALNT9,1
ARID3B,1
ZNF383,0.883495
SCIN,1
SGF29,1
SPSB1,1
IKZF2,0.4357072
PIPOX,0.4173944
GPT2,1
ARNTL2,0.965489
CEMIP,0.9974769
WDR97,0.9216815
POU3F4,1
NCAPD2,1
TTC23L,0.0844394
PLPPR3,1
MORC1,0.8302049
EMILIN2,0.08204918
SIX3,1
FBXL13,1
CHRNG,0.2990284
GATS,0.6367424
PTPN9,1
LDHAL6A,1
PATE3,0.2894959
NOS3,1
IPO7,0.9953476
ZNF14,1
BPNT1,1
ITM2A,1
PRSS41,1
PI4KA,1
ZNRF2,0.8498918
DMRTC2,1
HDHD5,0.7787118
ZNF429,1
ADH4,0.9952127
CRYZL1,1
RHBDL3,1
HTR3D,1
NCAPG2,1
NXPE1,1
HOXB4,0.5275461
PTGIR,1
EMC1,1
FBXO18,0.5950139
BOP1,1
PGAM2,0.9984042
EN1,1
COX6B2,0.9984042
OR4D11,0.6389729
IARS2,1
RHAG,0.06950321
RPS11,1
ARF3,1
KIF5C,1
RGL2,0.6795773
SEC31A,1
FGF1,0.9980456
CREB1,1
DHCR24,1
RADIL,1
CTSO,1
SPNS1,1
OR4K14,0.1394505
ELMSAN1,1
FIGN,1
SUCNR1,1
PPP2R5E,1
HENMT1,1
OR8D4,0.800282
SYCN,1
OSGIN2,0.7295644
DPF3,1
SLC22A16,1
NIPSNAP2,1
PTPN18,0.8429424
KCNJ8,0.9984042
BAHD1,1
GPR20,0.4429199
SBNO2,0.9984042
CDC20,1
NAXD,1
LDLR,0.9988716
SEC14L1,1
DNA2,0.6765145
FAT1,1
NLRP12,1
OR1J1,0.8227504
OPTC,1
MIEN1,7.76E-11
SV2B,1
ARMC8,0.9974769
ZNF746,1
EIF4E2,1
RTFDC1,0.4115557
CDKAL1,1
DCDC2C,1
ZFP62,1
MCHR1,1
LLGL2,1
ZNF736,0.4451763
PHRF1,0.9789831
SETX,1
SLC3A2,1
ZNF562,0.4439273
DENND2A,0.8362572
OR5M10,1
GDF6,1
SEC22C,1
EXPH5,1
ZNF552,0.6245458
DMC1,1
C4B,1
ZNF784,0.3536967
NAA11,0.3236921
SENP5,1
CNOT8,1
SP140,1
EIF5A2,1
ZNF223,1
PURG,0.9867933
UBAP1,0.4086338
MYO1C,1
CD53,0.9959316
DNAJC5G,0.2151404
ZNF106,0.9977432
SHMT2,1
AFAP1L1,1
EFCAB9,1
GALNT14,1
PRKAG1,1
TLL2,0.7140493
IFNAR1,1
DSE,0.7816651
PHF20L1,1
ADGRL3,0.9859525
STAR,1
MRPL2,0.4557711
FAHD2A,0.4104365
PNMT,0.00093445
AVIL,0.8121714
FXR1,1
GNRHR,1
FLOT1,1
SUGP1,1
FBXW8,1
WWC3,0.9970146
MLX,1
IRF4,0.4854901
RNF157,0.6315149
PYGO2,1
SCTR,1
CEP126,0.9903594
CCR10,1
SLC30A3,1
ALG1,0.9948292
NT5DC4,0.5524446
DBF4B,0.9964318
SLC24A2,1
PFKFB3,1
MAP1A,1
NOX1,1
KATNB1,1
SIRT2,0.9974769
PREX1,0.9040813
UBR7,1
OR2D2,1
RGN,0.3968974
PRSS37,1
ELP6,1
CYB5B,1
TAGAP,0.9239853
ATP9A,1
RRAGA,1
CAND2,1
HSPB2,1
MUT,1
CRELD1,1
DDRGK1,1
USP12,1
DNAH7,1
RGS5,1
EXOSC6,0.9966149
USP16,1
ACTR3,1
SLC15A3,0.8048691
WDR72,0.8116824
SLC18B1,1
ZMAT3,1
ZACN,0.1998905
ZNF850,1
ETNK1,1
PAPOLG,1
DIXDC1,0.7351292
S100G,1
CHRM5,0.3322218
MGEA5,0.9988716
GLDC,1
EIF3A,1
ESYT2,0.9954865
MYO5B,0.9977432
FIS1,0.9984042
HSPA12A,1
CDC25A,1
MLNR,1
UNC5CL,0.9934205
IFIT2,0.7570251
MFSD2A,1
P3H2,1
HOOK2,0.6369706
CTPS1,1
ERFE,0.9670152
ARHGAP24,1
GOPC,1
USF2,0.9988716
GFRA3,0.003686933
SLC36A2,0.3304734
JADE1,1
DNAJC2,1
ADAMTS16,1
FBXO31,0.1924397
TGM4,0.7203329
ARHGAP30,1
OR51S1,1
SAMD9L,1
EXOSC8,1
RIOK1,1
DNAH2,1
PSMA8,0.9966149
CLCNKA,1
TBL2,1
ACSM1,1
EHD1,1
RNGTT,1
ITGAV,1
AGO4,1
R3HCC1L,0.183516
MOB3C,1
PEX14,1
FCHO1,0.9970146
OSBP,1
HOXC12,0.3496145
CFAP36,0.4582744
SKOR1,1
IL17D,0.9966149
TRIM65,1
SLC2A11,3.23E-24
CDH5,1
NUDCD1,1
WHAMM,1
OR5J2,0.3112222
LGALS2,1
ADAT3,1
FOSB,0.9826669
PTGFR,1
DLST,1
ISM1,1
KCNK13,1
ARHGAP35,0.9988716
ZNF2,1
FBXL8,0.9522486
RBFA,0.4526194
CXCR5,1
IFNB1,1
KCNJ14,1
AGBL3,0.9984042
WDR88,1
ADAMTS19,1
ZNF816,0.6027354
VPS11,0.5701342
NCOA2,1
ZFYVE28,1
MRM1,0.4386971
TAS1R3,1
SNU13,4.45E-07
ZGPAT,1
MADD,1
S100A5,0.1147145
C5,0.9988716
METTL18,1
WDR62,0.4859326
ACOX1,1
EIF2B5,0.2344024
CD5L,1
IRF2BP1,1
OR51E1,1
SCGB2A1,1
MCOLN2,1
SCGB1C1,1
DIRAS2,1
ZNF836,1
PLAGL2,0.9898449
SLC22A9,1
GTPBP8,1
MUC6,0.1896243
CCDC51,1
GUCA1C,0.2526603
RANBP17,0.8649824
GDNF,1
ATP11A,1
POF1B,1
CACNA1B,2.63E-08
EPHX2,1
QRFPR,1
SBF1,0.1718742
OR5P3,1
TAF5L,1
HECTD4,1
TLR5,1
CFAP157,0.9972361
GBX1,1
MAN2B2,1
FMN1,0.008071415
NR2E3,0.6937516
CDH10,1
DCLRE1B,1
NAGS,1
MMP3,1
PTH2R,1
FOXN2,1
FGF23,0.507445
OR6N2,0.5940225
LRPPRC,1
HOXA11,1
EFCAB12,0.6300374
GRWD1,0.2820108
MRGPRD,1
FAM83H,1
LDLRAP1,1
PTGR2,0.9984042
GLIPR1L2,0.893379
CPNE2,1
PFKL,1
POLH,0.868138
HIBCH,1
OR6N1,0.6695167
SLC6A6,1
CUX1,1
PDE2A,1
POLG2,0.9848201
SLC8A1,1.57E-07
KCNIP3,0.5294516
ZFP36L1,1
ZNF721,1
ACAD8,0.3267514
ADORA2B,0.9988716
TACO1,1
OR5H15,1
DCUN1D5,1
PDE4C,0.9988716
LRRC3B,1
OR4C3,1
SYT15,1
RNPEPL1,1
PPTC7,1
COMTD1,1
SLC16A5,1
ZIC1,0.9950815
GABRA6,1
PLIN2,0.9988716
GCGR,1
ZNF677,1
ABI3BP,1
ZNF589,1
TMEM131,1
ACOT12,1
COL18A1,0.9901633
CNNM3,1
HTR1F,1
SLC26A9,1
UPB1,1
STON1,1
SOST,0.5670414
TRAPPC2B,1
ABT1,1
GPR42,0.4628184
IRGM,1
SLC26A2,0.681695
ZER1,1
GALNT10,1
KIF21A,0.9988716
ANP32B,0.4048857
SEC23B,1
NIT1,1
HELB,1
WDR1,0.8960383
IL19,1
MANBA,1
TAS2R41,1
TCF4,1
CENPE,0.9968085
SHCBP1L,0.3428579
LSM12,1
OPLAH,0.8219222
MMP1,1
IL12RB2,1
RCN2,1
CCDC78,1
CPOX,0.6544965
HMBOX1,1
CDH19,1
SCN10A,1
VPS8,1
ECM2,1
SNX21,1
PLEKHA2,1
WDR35,1
TAS2R8,1
GDF15,1
TAAR2,0.7328862
NAA30,0.4367942
NGB,1
TFAM,1
FBXL15,1
OR13F1,0.9988716
PIH1D2,1
ONECUT3,1
HIST1H1D,0.8753779
NUP98,1
EBF4,1
S100Z,0.9988716
WDR92,1
CHST15,0.8096758
MED25,1
TPSG1,0.5302795
SLITRK5,0.5540882
DENND6A,1
THAP12,1
SCN2A,0.9988716
FZD10,1
CAPN3,1.25E-05
LARP6,0.9984042
COASY,1
PAPSS2,0.9968085
HES3,1
SHC3,1
ATP6V1E1,1
SLCO4A1,1
DROSHA,1
RNASE4,1
ZNF841,1
SLC25A30,1
IMP4,1
KHK,1
RMI1,1
USP41,1
TPCN2,1
P4HA1,1
HCN1,1
RNASE13,1
ZNF556,1
SSTR2,1
ITPRIP,1
TSPAN33,1
SGPP1,1
OAZ3,1
CPSF3,1
DGCR8,0.9988716
AIRE,1
SYT8,0.5203417
GFOD2,1
P2RY12,1
PCDHGC5,1
LYL1,1
RAB2A,1
RASGRP2,0.7759091
HSPB6,0.002353211
TSTD2,1
AHCYL2,1
ARHGEF2,0.9048602
ETV7,1
XRCC3,1
MFSD8,0.3144916
LDHC,1
KIF1A,1
EPHX1,0.501399
OR5AC2,0.7687241
PIWIL2,0.6562118
SLC25A12,1
JADE3,1
PSD,0.9988716
MBD6,1
OVCA2,1
PLA2G5,1
PLPP3,1
LEUTX,1
CYB5D1,1
RASGEF1A,1
XPC,0.5862316
PARVB,1
ZNF443,0.03628113
CBLN2,1
MORF4L1,1
HSPA6,1
QDPR,1
CERS4,1
FOXP2,0.7040099
ATOH7,1
TMPRSS3,1
GATA5,0.9953476
IMPACT,0.4316023
LY96,0.4419786
SLC25A33,1
PDLIM3,1
ADAMTSL5,0.9158523
KLF10,0.2386163
OR4Q2,0.5628637
SPC24,1
PKP1,1
PCID2,1
ASMTL,1
EYA1,0.9041602
PPP1R3F,1
RIC1,1
AP4B1,0.7920428
OR10J3,1
SPIRE1,0.8026059
TGFBR3L,1
DCAF12L1,1
TBX4,1
CBX7,1
VLDLR,0.9395763
OR5G3,1.38E-25
RBBP5,1
CNTN1,1
ZNF76,0.412367
ARID2,0.8435557
ACY1,1
WDR11,1
PEG3,1
ZNF570,1
PRSS12,1
RPGR,1
LAMP5,1
ZP4,1
SMC2,1
PTRH1,1
PADI1,1
METTL3,1
LHPP,1
TRAPPC1,1
TSHZ2,0.9944721
ZSCAN2,1
KCNA10,1
ABCD3,1
GPR173,1
GNL1,0.6254599
PLEKHM2,0.7729882
KPNB1,0.9984042
LOXL3,0.9815293
ABHD13,1
UEVLD,1
C1QTNF2,1
ZNF454,1
ZNF473,1
STAP1,1
API5,1
RTEL1,1
MYLPF,1
MEGF11,1
UBA6,1
NLRP11,1
SIPA1L3,0.4566781
NPHS2,1
NDUFS3,1
MYL3,1
GADD45G,0.5704429
PLA2G4B,0.2965288
MFSD6L,0.9943582
LRTOMT,1
USP47,0.6249452
LAMB4,0.9653236
TC2N,0.1393207
SYT10,1
UBR4,0.3361029
DDTL,1
LRRC8B,0.8391293
INPP4A,1
TMPO,0.9914067
PLD5,1
PLEKHF2,1
ADGRB2,0.9844883
NLRC4,1
HSPA13,1
PVRIG,1
PPIP5K1,0.7705565
SEC13,1
EIF2S3,1
RHBDF1,1
S1PR3,1
RNF112,1
IL5,0.9988716
ZBED2,1
SECTM1,1
OR5B2,0.1566827
NLGN4X,1
KIF20A,1
CES2,1
SCARB1,1
ERCC8,1
PSMA1,1
MAN1A2,1
CR1L,0.1903258
OR10W1,0.04111429
CPOX,0.6544965
CPO,0.654432
HELZ2,1
CARD16,1
HSFX1,1
CD163,0.009275802
LEP,0.1295609
NPAS4,1
TCTEX1D1,0.5831148
BAAT,1
DRAP1,1
CRIP3,1
COPE,0.8432388
FPR3,1
SLC9C1,1
AK1,0.9953476
ITPA,1
KCNJ11,1
FADS3,0.9966149
MCM8,1
ABLIM3,0.4891806
ACOT7,1
C1QTNF1,1
PCDH12,1
MED20,1
CENPV,1
WDR91,1
PDE5A,1
RGS10,1
DOK3,1
ATP2B2,1
FBN3,1
L3MBTL1,1
NSMAF,1
OTOGL,0.8190098
CALML3,1
OXR1,1
SVIL,0.9905595
SUPT4H1,0.993518
MRGPRX4,0.5622369
RAP1GAP2,1
CNGB1,1
RNF183,0.4275601
RUNX1,1
EMILIN1,1
RMDN1,1
SAMD4B,1
NFX1,1
ZNF319,0.9880588
PCSK6,0.9988716
MMP14,1
CCR7,1
COG8,1
SPOCK2,1
GUCY1A2,1
CHMP6,1
DDT,1
OPRK1,1
METTL21A,1
FGF19,1
RGS14,1
EFCAB2,1
TUBGCP5,1
FBXO24,0.6569319
TYW5,1
PRDX4,1
ZNF645,1
OCEL1,1
MORN5,1
TOB1,1
EFNA5,1
ACADVL,1
NCAPG,0.2886156
ACBD3,1
SLC6A1,1
CALCOCO2,0.1073703
ADAM32,1
LAMA4,1
GGT6,0.3485673
TAF4,1
THUMPD1,1
SLC6A12,0.6294672
MDK,1
TBC1D2,0.995778
HHIPL2,0.7135509
TTC5,0.9988716
C5AR1,1
PALD1,1
SLC6A2,1
LECT2,1
ITGB1BP2,1
DCAF4L2,1
SNX14,1
RPS21,1
RPP21,1
IL1RL1,1
TK2,1
PSMD8,1
HIF3A,0.9988716
OR8D1,0.9519702
CLSTN2,0.01340694
KDM3B,0.8584937
PLB1,0.9906954
SPRED1,1
TRAPPC6B,0.00199507
TECTA,0.4676067
PDS5B,0.9984042
EGR2,1
LRRC20,0.9988716
PITPNM3,1
CCT8L2,0.8969628
KCNJ4,1
PDK4,1
TAS2R7,0.9974769
ALS2,0.7844243
LRRTM4,1
ZNF347,1
CCT2,1
GALNS,0.04092258
BOLA3,0.9974769
ERCC5,0.9948292
PPP3R1,1
RRP7A,1
LIPN,0.7053107
CELA2A,1
ACSS1,0.9972361
TTC25,0.5057088
ELF3,1
TECPR2,0.7478789
KIF1C,0.01890889
LRRIQ3,0.08573018
ZIM3,1
NINL,0.001278053
GYS2,1
ADARB1,0.4367547
OR9G4,0.8170443
DERL2,1
BBX,0.8190438
TSEN34,1
SRP54,1
ADAM22,0.3020844
PQBP1,1
MFSD6,1
SLC27A3,1
REV1,1
ANOS1,1
SMPD3,1
ZNF557,1
SPAG16,1
PGLYRP4,1
CLCA2,0.707594
CAPN14,0.9984042
FFAR3,0.488483
ATP8A1,1
KCNE2,1
ELL2,1
ZMYM4,0.7036565
FAM86B2,0.6033438
ZNF674,0.2172693
PREP,1
HACD3,1
OTUD6B,1
WDFY2,1
ZNF707,1
DHX38,1
TENM4,1
CYTH4,0.9977432
LRRC17,0.6659585
RPL18A,0.9977432
KCNC3,1
FREM3,1
KITLG,1
FZD6,1
ZCCHC11,1
ZNF354C,1
CSDC2,1
OAS1,1
HINT2,1
GPRC5C,0.4802198
TGFB2,1
KCNH4,1
AGPAT2,1
ANXA10,1
TICAM2,1
ZNF143,1
PALB2,1
ZSCAN18,0.9962576
ZNF234,1
SIPA1,0.9966149
E2F6,1
LRRC3C,1
AK2,1
NSUN3,0.5127387
RUFY3,1
OR51A7,0.6125849
PPCS,0.9984042
PDIA4,0.9732075
QARS,1
STRN3,0.6296586
CASTOR2,1
ARL5A,1
SLC15A5,0.8479504
PATE4,1
OSBPL5,1
PI15,1
RASA2,1
NOD2,0.8712184
FCGBP,1.83E-10
CRX,1
MAN2A1,0.9977432
SETX,1
SET,1
USP10,1
DISP1,1
MRPL17,1
WWP1,1
UBP1,0.9018981
SOSTDC1,1
CYP2A7,0.1547318
UCHL1,1
CYB5R3,0.1292739
MPI,1
GFRA4,1
ARMCX6,0.4543916
PARL,0.5987165
MGAM,0.1739866
SLC36A4,1
PSMB3,0.5067751
C21orf2,1
MVD,1
ACTR3B,0.9984042
SRD5A1,1
WDFY4,1
CDC25C,1
AQP11,0.3902824
CDH26,0.1886791
ADAMTS14,1
SHPRH,1
SPINK2,0.4227463
CHRND,1
TTPAL,1
HK2,1
NSD1,0.02658855
GJB2,1
MAP1LC3B2,1
GTPBP6,1
RBP7,1
CANX,0.96096
OR5K2,0.7979901
TOR2A,0.5321134
CALB2,1
GLTP,1
SGO2,1
DNAJC11,1
TOR1A,1
KDELC1,1
KNG1,0.7417368
GAS2L2,0.7100911
DNAH10,0.589693
PDC,0.2907351
PDXP,1
IPO5,0.9934205
FAM129A,1
ZNF878,1
TWISTNB,1
AXIN2,1
AP3B2,0.9902936
GAREM1,1
CDC14B,1
CUBN,0.9662906
L1TD1,1
PNPLA6,0.9930443
BCL2L10,4.51E-22
OR4K1,0.08528884
C6orf120,1
MOB3A,1
KAT6B,0.9943582
ARL17A,1
COL3A1,1
FBXL2,0.9921825
LSM8,1
NTNG1,1
SAMD15,0.1553271
CARD10,1
PHOX2B,1
NPY4R,1
CTNNAL1,1
REN,1
HMGB2,1
SLC30A1,1
SAMD14,1
PDE8A,0.9988716
HEXDC,0.3914259
SLC25A31,1
DHDH,0.9988716
GOT2,1
EDC4,1
TTF1,1
NOTO,1
EIF2S1,1
WSCD1,0.9662152
NNT,0.01439495
PROCA1,1.27E-08
NUGGC,4.59E-06
PSMG2,1
EML2,1
KMO,0.2923625
CIAO1,0.9988716
OR1G1,0.3183834
IDH2,1
IDUA,1
PARP10,0.6096973
APBB1,0.9984042
ADGRD1,1
SLC6A15,1
IL18R1,1
TTC22,0.9916319
DKK3,0.1077132
RC3H2,0.7856644
ALDH6A1,0.4113554
TDP2,1
ADPRM,0.7243573
ADAMTS8,0.6493062
NALCN,1
MAGED1,1
HKDC1,1
RRH,1
GPR35,0.995778
CD9,1
CACNA1G,1
CD82,1
YEATS4,0.9922643
SUPT16H,1
OR6V1,1
PP2D1,0.9766048
GEMIN5,1
ZMYND12,0.9404219
ECHDC2,1
ZNF749,1
HNMT,1
BMP2,1
MX1,1
FAM83D,1
FAM120B,0.8364349
ELSPBP1,1
MRPS6,0.9988716
AWAT2,1
TYW1,1
SPAG7,1
SLC25A2,0.01331891
GCC2,1
OR2G3,0.05310124
CHN1,1
SPIB,1
OR1P1,1
GALNT12,1
AKAP17A,1
RPUSD1,1
RAB11FIP2,1
MEOX1,0.2991925
MTX2,0.9988716
SNRNP35,1
CHAD,1
USP24,1
EIF3M,1
KIAA1456,1
NR2F2,1
CNTNAP2,1
STARD4,1
EPN3,1
LMX1A,1
TCEANC,1
RSL24D1,1
LMO1,1
PSD3,0.9804904
ZNF629,0.6102562
DOK6,1
EZH2,0.9988716
GM2A,1
AHRR,0.4660978
GALNT7,1
OR4D6,0.0971743
ZFYVE16,0.6844315
GPR19,0.4074162
SHBG,1
WBP2NL,0.2289594
ELF5,0.5433391
